as_of_date,object_id,taxonomy_code,taxonomy_version,member_count,valid_member_count,sector_return,benchmark_return,rs_5,rs_10,rs_20,win_5,win_10,turnover_share,turnover_intensity,turnover_pct_60,up_ratio,above_ma20,above_ma60,new_high_60,top3_turnover_share,critical_data_ok,stage_frozen,freeze_reason
2019-04-01,sw1_801080,801080,SW2014,186,185,0.03668188696844324,,,,,,,0.0564130335180667,,,0.972972972972973,,,,0.16783549222193223,False,True,continuous_membership_completeness_not_certified
2019-04-02,sw1_801080,801080,SW2014,186,185,0.0041548625241027036,0.0063307538923787245,,,,,,0.056670607430078644,,,0.5135135135135135,,,,0.14995394627384373,False,True,continuous_membership_completeness_not_certified
2019-04-03,sw1_801080,801080,SW2014,186,185,0.0074150948483891884,0.011768323284254504,,,,,,0.04964489172149397,,,0.6108108108108108,,,,0.16450091720050303,False,True,continuous_membership_completeness_not_certified
2019-04-04,sw1_801080,801080,SW2014,186,184,-0.003289023142347826,0.004216214306286065,,,,,,0.0462672395932104,,,0.2826086956521739,,,,0.16025864509389515,False,True,continuous_membership_completeness_not_certified
2019-04-08,sw1_801080,801080,SW2014,186,184,-0.0197908239598587,-0.003169210919424112,,,,0.0,,0.04608182277651067,,,0.125,,,,0.1697092107813543,False,True,continuous_membership_completeness_not_certified
2019-04-09,sw1_801080,801080,SW2014,186,184,0.006315443006315218,0.004598723083880071,-0.0293524488496959,,,0.2,,0.04274810304516177,,,0.7010869565217391,,,,0.12928799691528683,False,True,continuous_membership_completeness_not_certified
2019-04-10,sw1_801080,801080,SW2014,186,184,-0.0058399664237010875,-0.0007146975504154258,-0.032083234481049105,,,0.2,,0.04562752726191101,,,0.30434782608695654,,,,0.17156188832396224,False,True,continuous_membership_completeness_not_certified
2019-04-11,sw1_801080,801080,SW2014,186,184,-0.02214200348383152,-0.017295430765813215,-0.031766047708677525,,,0.2,,0.046343720421153714,,,0.15760869565217392,,,,0.12999033492967144,False,True,continuous_membership_completeness_not_certified
2019-04-12,sw1_801080,801080,SW2014,186,184,0.0027669869246739138,-0.0002322377750845672,-0.02158421267759003,,,0.4,0.25,0.041925799073494315,,,0.5434782608695652,,,,0.11226553812742923,False,True,continuous_membership_completeness_not_certified
2019-04-15,sw1_801080,801080,SW2014,186,185,-0.005469911436713515,-0.00783859125380988,-0.0029301276269809717,-0.033140175414914985,,0.6,0.3333333333333333,0.047943744563184745,,,0.33513513513513515,,,,0.15700787779160727,False,True,continuous_membership_completeness_not_certified
2019-04-16,sw1_801080,801080,SW2014,186,185,0.027347814833810814,0.019613413506244307,0.0028353753414592786,-0.02633241359108296,,0.6,0.4,0.05370572269251297,,,0.9027027027027027,,,,0.15079137934647058,False,True,continuous_membership_completeness_not_certified
2019-04-17,sw1_801080,801080,SW2014,186,185,0.012375151181027026,0.008795521075146206,0.011632402791461827,-0.020713815445316475,,0.8,0.5,0.06353951179780942,,,0.6486486486486487,,,,0.17598376897989973,False,True,continuous_membership_completeness_not_certified
2019-04-18,sw1_801080,801080,SW2014,186,185,-0.004503222060924325,-0.005941586504118735,0.018343833747156868,-0.014685232133074821,,1.0,0.6,0.057439869584421335,,,0.31351351351351353,,,,0.121864878226699,False,True,continuous_membership_completeness_not_certified
2019-04-19,sw1_801080,801080,SW2014,186,185,0.007767112677675676,0.00746501111419355,0.015684019930576776,-0.00697824883040743,,1.0,0.7,0.053295076702798164,,,0.6486486486486487,,,,0.15243892231368114,False,True,continuous_membership_completeness_not_certified
2019-04-22,sw1_801080,801080,SW2014,187,186,-0.00870531624527957,-0.012758557992633819,0.017376206381390258,0.01397288758846671,,1.0,0.8,0.059740316410171745,,,0.3010752688172043,,,,0.21244885709286335,False,True,continuous_membership_completeness_not_certified
2019-04-23,sw1_801080,801080,SW2014,187,185,-0.023129604167367566,-0.018355717779820764,0.0044257412496032655,0.007184208784786539,,0.8,0.7,0.057448592999747715,,,0.16756756756756758,,,,0.1790524243886589,False,True,continuous_membership_completeness_not_certified
2019-04-24,sw1_801080,801080,SW2014,187,185,0.01626996412934054,0.00942519606283972,0.007598392404765342,0.019103082563476592,,0.8,0.8,0.06969484005720866,,,0.7891891891891892,,,,0.23162082432986406,False,True,continuous_membership_completeness_not_certified
2019-04-25,sw1_801080,801080,SW2014,187,185,-0.04600145848409189,-0.04051959336256068,0.0005204608429439928,0.017883748643303776,,0.6,0.8,0.06142505665713443,,,0.05405405405405406,,,,0.19012650245896306,False,True,continuous_membership_completeness_not_certified
2019-04-26,sw1_801080,801080,SW2014,187,184,-0.012499037595222827,-0.012621417539421904,0.0003470072059834628,0.014895556245220543,-0.01938849070373949,0.6,0.8,0.052442173994351506,,,0.32608695652173914,,,,0.1621460982546139,False,True,continuous_membership_completeness_not_certified
2019-04-29,sw1_801080,801080,SW2014,187,183,-0.047640224365109285,-0.036634754951604356,-0.013653479941417745,0.0015919727917496074,-0.02894376604456661,0.4,0.7,0.057259158096044496,,,0.07103825136612021,0.08426966292134831,,,0.17097422002822338,False,True,continuous_membership_completeness_not_certified
2019-04-30,sw1_801080,801080,SW2014,187,182,0.010771624259395604,0.010715989103368186,-0.009525407901319505,-0.005247411060627982,-0.029204504619845473,0.6,0.7,0.05062775592232532,,,0.6923076923076923,0.09090909090909091,,,0.12963094938982708,False,True,continuous_membership_completeness_not_certified
2019-05-06,sw1_801080,801080,SW2014,189,184,-0.08093679812148367,-0.07467836662388545,-0.020097333748758106,-0.013356422087196673,-0.030660730289357563,0.4,0.6,0.04866099084463277,,,0.016304347826086956,0.017045454545454544,,,0.16017592947401185,False,True,continuous_membership_completeness_not_certified
2019-05-07,sw1_801080,801080,SW2014,189,184,0.00831632680686413,0.015064275426836594,-0.022090263674907074,-0.020430566198179068,-0.03270257005122379,0.4,0.5,0.04563819922133948,,,0.75,0.028409090909090908,,,0.13644788850646827,False,True,continuous_membership_completeness_not_certified
2019-05-08,sw1_801080,801080,SW2014,189,184,-0.0038814703359402176,-0.0021456598452929266,-0.023983418019552172,-0.021918735738117534,-0.027773339016696874,0.2,0.4,0.04992749306112689,,,0.4673913043478261,0.03409090909090909,,,0.18043606356547048,False,True,continuous_membership_completeness_not_certified
2019-05-09,sw1_801080,801080,SW2014,189,185,-0.005416265657464865,-0.00859654632443066,-0.011146523348184001,-0.02275083515067222,-0.011091018320548374,0.4,0.4,0.04741726689986934,,,0.372972972972973,0.022727272727272728,,,0.16590935935944814,False,True,continuous_membership_completeness_not_certified
2019-05-10,sw1_801080,801080,SW2014,189,185,0.037346719759843244,0.03456022369544172,-0.008903461062360396,-0.01736233086983041,-0.01057752316648175,0.4,0.5,0.05245710373993703,,,0.9783783783783784,0.06818181818181818,,,0.14833942280844897,False,True,continuous_membership_completeness_not_certified
2019-05-13,sw1_801080,801080,SW2014,189,183,-0.012173102469874318,-0.006103847903205557,-0.008886620275972978,-0.02815799135492647,-0.011360825524638685,0.4,0.4,0.06073021146056335,,,0.2185792349726776,0.09195402298850575,,,0.2421116443274304,False,True,continuous_membership_completeness_not_certified
2019-05-14,sw1_801080,801080,SW2014,189,183,-0.009317933642409836,-0.007844657211643413,-0.0034857539442039176,-0.02536500780599571,-0.008482097136557232,0.4,0.4,0.05294177107650084,,,0.2185792349726776,0.09770114942528736,,,0.2412434613461312,False,True,continuous_membership_completeness_not_certified
2019-05-15,sw1_801080,801080,SW2014,189,183,0.019405862748300542,0.02132375538743736,-0.003710360824741965,-0.028071334421788663,-0.012965129395441921,0.4,0.3,0.05244302113157591,,,0.907103825136612,0.13142857142857142,,,0.21170343892580515,False,True,continuous_membership_completeness_not_certified
2019-05-16,sw1_801080,801080,SW2014,189,184,-0.0027811723408152174,0.007028560974252581,-0.017263697927078825,-0.027716259893769135,-0.02396584377655331,0.2,0.3,0.053075173363513035,,,0.483695652173913,0.12571428571428572,,,0.17486434175856058,False,True,continuous_membership_completeness_not_certified
2019-05-17,sw1_801080,801080,SW2014,189,184,-0.029183054429054348,-0.03675122788390845,-0.011125646038421588,-0.0192941200420661,-0.022416564932835503,0.2,0.3,0.0607003552148003,,,0.1358695652173913,0.09142857142857143,,,0.18252212681288885,False,True,continuous_membership_completeness_not_certified
2019-05-20,sw1_801080,801080,SW2014,189,184,0.012235624718331522,-0.0044254800602270645,0.01108924501900821,0.0026552852414760686,-0.011310726291511086,0.4,0.4,0.07270196450462803,,,0.6304347826086957,0.1657142857142857,,,0.1824680848928585,False,True,continuous_membership_completeness_not_certified
2019-05-21,sw1_801080,801080,SW2014,189,184,0.01791494054746739,0.016678519486160465,0.01410664878534762,0.010692400635880839,-0.011764623723332202,0.6,0.5,0.08229569959091428,,,0.8369565217391305,0.22857142857142856,,,0.15043248470405943,False,True,continuous_membership_completeness_not_certified
2019-05-22,sw1_801080,801080,SW2014,189,184,0.0011412085166902176,-0.006097186210133585,0.022810108068643364,0.01985692207681944,-0.005735796030132079,0.8,0.6,0.08112605093470944,,,0.42391304347826086,0.2571428571428571,,,0.14999883883580556,False,True,continuous_membership_completeness_not_certified
2019-05-23,sw1_801080,801080,SW2014,189,184,-0.026046094812391306,-0.023154954286432373,0.028760543763428292,0.013338896971690106,-0.011571134486586088,0.8,0.5,0.07908549777285412,,,0.10326086956521739,0.21714285714285714,,,0.14712799289189077,False,True,continuous_membership_completeness_not_certified
2019-05-24,sw1_801080,801080,SW2014,189,186,-0.02272207693481183,-0.007380063366151918,0.006388298716962559,-0.004682776377167963,-0.020655865525739725,0.6,0.4,0.0711922780856398,,,0.25268817204301075,0.11931818181818182,,,0.1608614210606748,False,True,continuous_membership_completeness_not_certified
2019-05-27,sw1_801080,801080,SW2014,189,187,0.0408885386371123,0.02669304948928402,0.003691235282598848,0.014808346694599628,-0.015084752485319264,0.6,0.5,0.07368701250852913,,,0.9572192513368984,0.4067796610169492,,,0.1666702988400795,False,True,continuous_membership_completeness_not_certified
2019-05-28,sw1_801080,801080,SW2014,189,186,-0.0018020025821451626,7.695914395513959e-05,0.000560922032749267,0.014529265512613354,-0.012296135406431707,0.4,0.5,0.07491860517667889,,,0.3924731182795699,0.4406779661016949,,,0.2089868669645839,False,True,continuous_membership_completeness_not_certified
2019-05-29,sw1_801080,801080,SW2014,189,186,0.012517215280946237,0.003123352518915603,0.00263138120055062,0.025408406897218017,-0.004119109559652556,0.4,0.6,0.08462411562802062,,,0.6612903225806451,0.5674157303370787,,,0.2066084113696663,False,True,continuous_membership_completeness_not_certified
2019-05-30,sw1_801080,801080,SW2014,189,186,-0.01215873904047312,-0.007405287065518949,0.0008070621636286912,0.02997356796879147,0.002080719790072627,0.4,0.6,0.07705075369041174,1.3994119865115053,0.8974358974358975,0.26881720430107525,0.4581005586592179,,,0.16027839446352188,False,True,continuous_membership_completeness_not_certified
2019-05-31,sw1_801080,801080,SW2014,189,185,0.002215452860151351,-0.00016309467469094346,0.01934454053222323,0.025523451150389675,0.0042390880656905106,0.6,0.6,0.07473064833018275,1.324705368064451,0.85,0.43243243243243246,0.46111111111111114,,,0.12593486036744117,False,True,continuous_membership_completeness_not_certified
2019-06-03,sw1_801080,801080,SW2014,189,185,-0.014120248576129731,-0.015341774174050575,0.006152132955764222,0.009830099980149165,0.012577261872575574,0.6,0.6,0.07405594360655085,1.3097552039469493,0.8292682926829268,0.2648648648648649,0.4166666666666667,,,0.14116962342216785,False,True,continuous_membership_completeness_not_certified
2019-06-04,sw1_801080,801080,SW2014,189,185,-0.017163192926032432,-0.01617737140783258,0.006904622880585798,0.007377121713095902,0.017748523912866965,0.6,0.5,0.07174041702468184,1.2659193235787465,0.7619047619047619,0.1837837837837838,0.3055555555555556,,,0.13800193037526784,False,True,continuous_membership_completeness_not_certified
2019-06-05,sw1_801080,801080,SW2014,189,185,0.002352749225367568,0.0003897408315630604,-0.00021804062603492103,0.002312459987865889,0.021450055478447805,0.6,0.5,0.06434900014159753,1.1296257803118686,0.6976744186046512,0.5243243243243243,0.3149171270718232,,,0.12029237972752033,False,True,continuous_membership_completeness_not_certified
2019-06-06,sw1_801080,801080,SW2014,189,185,-0.032621023928470265,-0.026064763619441496,-0.002055758848372502,-0.0013262380088370218,0.011439267975529965,0.6,0.5,0.06711360483370005,1.1721025433368415,0.7045454545454546,0.11351351351351352,0.20441988950276244,,,0.10989950655680308,False,True,continuous_membership_completeness_not_certified
2019-06-10,sw1_801080,801080,SW2014,189,185,0.015027393702448648,0.010105623428887963,0.00028967539025903655,0.01874450462183852,0.013211440392797202,0.6,0.6,0.06716145866852324,1.1710902878030478,0.7111111111111111,0.7837837837837838,0.24861878453038674,,,0.13650313885181178,False,True,continuous_membership_completeness_not_certified
2019-06-11,sw1_801080,801080,SW2014,189,185,0.03603955234394595,0.03529826485385496,-0.0002207472356672291,0.005949237942549868,0.020496784092823517,0.6,0.6,0.06864786320948123,1.195125680231344,0.717391304347826,0.9891891891891892,0.4419889502762431,,,0.13451621883603934,False,True,continuous_membership_completeness_not_certified
2019-06-12,sw1_801080,801080,SW2014,189,186,-0.004817778996919354,-0.0049211185493103285,0.0008988431683618625,0.007873551610175888,0.02213366035749109,0.8,0.7,0.07219921433810386,1.256857524491802,0.7872340425531915,0.3225806451612903,0.45054945054945056,,,0.13103750469698078,False,True,continuous_membership_completeness_not_certified
2019-06-13,sw1_801080,801080,SW2014,189,186,0.003218404793913978,0.006267400660986235,-0.004181719560278463,-0.0042433211932688675,0.020678744616187572,0.6,0.6,0.06196698497927189,1.0786510468505994,0.6041666666666666,0.5591397849462365,0.4945054945054945,,,0.10388255492442403,False,True,continuous_membership_completeness_not_certified
2019-06-14,sw1_801080,801080,SW2014,189,186,-0.030075896924059143,-0.02261331829230413,-0.005123697952028383,-0.006928646254300785,0.02208592208909943,0.6,0.6,0.05895945647371521,1.0129790292063259,0.5102040816326531,0.06451612903225806,0.25824175824175827,,,0.10707931497942348,False,True,continuous_membership_completeness_not_certified
2019-06-17,sw1_801080,801080,SW2014,189,187,-0.003337938702058823,0.00013321745656345746,-0.013444626405486604,-0.012528259394930297,0.011846888848462522,0.4,0.5,0.05365092847557868,0.9338945598861628,0.38,0.40106951871657753,0.23626373626373626,,,0.1045965474893684,False,True,continuous_membership_completeness_not_certified
2019-06-18,sw1_801080,801080,SW2014,189,187,-0.00657000996273262,-0.0018809071218313016,-0.018177124585119886,-0.01843270636441885,-0.00873211268630436,0.2,0.4,0.05002680884618734,0.8708761127260614,0.23529411764705882,0.33689839572192515,0.19230769230769232,,,0.10385843446248286,False,True,continuous_membership_completeness_not_certified
2019-06-19,sw1_801080,801080,SW2014,189,187,0.02172503036279144,0.013301475342552193,-0.010495906994484772,-0.009756870098367898,-0.0019418888507061194,0.2,0.5,0.06030009071140192,1.0496356405398253,0.5576923076923077,0.9090909090909091,0.3791208791208791,,,0.11825214078411019,False,True,continuous_membership_completeness_not_certified
2019-06-20,sw1_801080,801080,SW2014,189,187,0.011705815369796792,0.014520957187482173,-0.010328000570836493,-0.014684065837022642,-0.011772952614776955,0.2,0.4,0.04770028422167254,0.8303755337787131,0.1509433962264151,0.8288770053475936,0.5573770491803278,,,0.11866959238073925,False,True,continuous_membership_completeness_not_certified
2019-06-21,sw1_801080,801080,SW2014,189,187,0.023598980937021393,0.018390667097532093,0.0025273631864812796,-0.0027810351527681743,-0.004078167305321401,0.4,0.5,0.05544809082962892,0.9653241072933665,0.42592592592592593,0.93048128342246,0.7554347826086957,,,0.13829472694733988,False,True,continuous_membership_completeness_not_certified
2019-06-24,sw1_801080,801080,SW2014,189,187,-0.006811302424331551,-0.000818528088371227,-0.00012905616549696575,-0.014166538277184282,0.005761061957272773,0.4,0.4,0.0519673579025356,0.9061516728338589,0.2727272727272727,0.3155080213903743,0.7027027027027027,,,0.11789712413960915,False,True,continuous_membership_completeness_not_certified
2019-06-25,sw1_801080,801080,SW2014,189,187,-0.010231846095010695,-0.009423309994654292,0.0039126623296543706,-0.015083866115922717,-0.008890095143473498,0.4,0.3,0.04420899085635048,0.7720859391993832,0.03571428571428571,0.1711229946524064,0.5459459459459459,,,0.10669792018086888,False,True,continuous_membership_completeness_not_certified
2019-06-26,sw1_801080,801080,SW2014,189,187,0.002093940876497326,-0.0004057266053649309,-0.0020548052837670028,-0.012751473383460388,-0.004561861084576013,0.4,0.3,0.06102293364016486,1.0640531986054065,0.631578947368421,0.4385026737967914,0.6162162162162163,,,0.1270113702835322,False,True,continuous_membership_completeness_not_certified
2019-06-27,sw1_801080,801080,SW2014,189,186,0.01934868213202688,0.006133180387631078,0.014102924526565808,0.0035298579788130002,-0.0008672687789438305,0.6,0.4,0.07007238041116143,1.2199258270977384,0.7758620689655172,0.7365591397849462,0.7771739130434783,,,0.12486726234259708,False,True,continuous_membership_completeness_not_certified
2019-06-28,sw1_801080,801080,SW2014,189,187,-0.01860966104104813,-0.014415677467047862,0.004375819500975764,0.007063742725585964,-0.00033065809604637675,0.4,0.4,0.0729051195388422,1.269146055208647,0.847457627118644,0.13368983957219252,0.5380434782608695,0.22807017543859648,0.029239766081871343,0.12766856915192576,False,True,continuous_membership_completeness_not_certified
2019-04-01,sw1_801120,801120,SW2014,30,30,0.02795187276856667,,,,,,,0.004706755405179864,,,0.9666666666666667,,,,0.33049134266792557,False,True,continuous_membership_completeness_not_certified
2019-04-02,sw1_801120,801120,SW2014,30,30,-0.005072939467333334,0.0063307538923787245,,,,,,0.0038855204977185365,,,0.26666666666666666,,,,0.31161080278523606,False,True,continuous_membership_completeness_not_certified
2019-04-03,sw1_801120,801120,SW2014,30,30,0.004507804413933333,0.011768323284254504,,,,,,0.003929054362682949,,,0.5,,,,0.3031532022800476,False,True,continuous_membership_completeness_not_certified
2019-04-04,sw1_801120,801120,SW2014,30,30,0.0031313875262333327,0.004216214306286065,,,,,,0.004275666504604612,,,0.4666666666666667,,,,0.33178910486327357,False,True,continuous_membership_completeness_not_certified
2019-04-08,sw1_801120,801120,SW2014,30,30,0.0034719781499333337,-0.003169210919424112,,,,0.25,,0.005217206563985505,,,0.5,,,,0.3541149594795621,False,True,continuous_membership_completeness_not_certified
2019-04-09,sw1_801120,801120,SW2014,30,30,0.0012270684171,0.004598723083880071,-0.016656340003342596,,,0.2,,0.0050327344662774755,,,0.5333333333333333,,,,0.41681680102288354,False,True,continuous_membership_completeness_not_certified
2019-04-10,sw1_801120,801120,SW2014,30,30,0.0007236382239000001,-0.0007146975504154258,-0.003619379558941649,,,0.4,,0.00506074468478371,,,0.5333333333333333,,,,0.3312667208749495,False,True,continuous_membership_completeness_not_certified
2019-04-11,sw1_801120,801120,SW2014,30,30,-0.027535132936766668,-0.017295430765813215,-0.0067305039908254205,,,0.4,,0.005406709312829922,,,0.13333333333333333,,,,0.3345163690500381,False,True,continuous_membership_completeness_not_certified
2019-04-12,sw1_801120,801120,SW2014,30,30,0.0017042992719,-0.0002322377750845672,-0.003751262505178987,,,0.6,0.375,0.004614940703670871,,,0.5333333333333333,,,,0.28818788110536536,False,True,continuous_membership_completeness_not_certified
2019-04-15,sw1_801120,801120,SW2014,30,30,-0.006047076036266665,-0.00783859125380988,-0.008436722625113302,-0.021408078237215133,,0.6,0.4444444444444444,0.004911372536098067,,,0.3,,,,0.3257153393379202,False,True,continuous_membership_completeness_not_certified
2019-04-16,sw1_801120,801120,SW2014,30,29,0.006673272460724138,0.019613413506244307,-0.017785205981404095,-0.03445707099040418,,0.6,0.4,0.004008204633479956,,,0.7931034482758621,,,,0.3020570544363444,False,True,continuous_membership_completeness_not_certified
2019-04-17,sw1_801120,801120,SW2014,30,30,0.013218706455666666,0.008795521075146206,-0.015058498620357352,-0.018885063464588292,,0.6,0.5,0.004730888965096937,,,0.7,,,,0.30249585898603615,False,True,continuous_membership_completeness_not_certified
2019-04-18,sw1_801120,801120,SW2014,30,30,0.00011038427319999991,-0.005941586504118735,0.0014325127972352192,-0.005421190731069503,,0.8,0.6,0.004250118023667979,,,0.43333333333333335,,,,0.26821813247260123,False,True,continuous_membership_completeness_not_certified
2019-04-19,sw1_801120,801120,SW2014,30,30,0.005350727496133333,0.00746501111419355,-0.0026788004172293434,-0.006457545635063844,,0.6,0.6,0.0043584075142833615,,,0.5666666666666667,,,,0.3371152908707166,False,True,continuous_membership_completeness_not_certified
2019-04-22,sw1_801120,801120,SW2014,30,30,0.0007644633900333328,-0.012758557992633819,0.00937485224495771,0.0005149324919081488,,0.6,0.6,0.005242737204688262,,,0.4,,,,0.3532267985056418,False,True,continuous_membership_completeness_not_certified
2019-04-23,sw1_801120,801120,SW2014,30,30,0.013744109792466673,-0.018355717779820764,0.05445412051554599,0.0357011392171066,,0.8,0.7,0.007563687879217145,,,0.5666666666666667,,,,0.3607843077446133,False,True,continuous_membership_completeness_not_certified
2019-04-24,sw1_801120,801120,SW2014,30,30,0.011981118022166665,0.00942519606283972,0.052580572811660176,0.03717454393621722,,0.8,0.7,0.008574400238289837,,,0.6,,,,0.457064633342083,False,True,continuous_membership_completeness_not_certified
2019-04-25,sw1_801120,801120,SW2014,30,30,-0.0298690021264,-0.04051959336256068,0.05571540900097338,0.05794209569251585,,0.8,0.8,0.008150823867065518,,,0.13333333333333333,,,,0.4146396347137954,False,True,continuous_membership_completeness_not_certified
2019-04-26,sw1_801120,801120,SW2014,30,30,-0.011720069067833334,-0.012621417539421904,0.057566187265753466,0.05619743138096589,0.033063391366997874,1.0,0.8,0.008244517524953905,,,0.3333333333333333,,,,0.360533958266679,False,True,continuous_membership_completeness_not_certified
2019-04-29,sw1_801120,801120,SW2014,30,30,-0.022502594958266665,-0.036634754951604356,0.05709478327715156,0.06707657222863472,0.04577543056684952,1.0,0.8,0.007703607772744535,,,0.3,0.3103448275862069,,,0.3594826325963954,False,True,continuous_membership_completeness_not_certified
2019-04-30,sw1_801120,801120,SW2014,30,30,0.018852370415666665,0.010715989103368186,0.035156765885735686,0.08704036537472515,0.05410171380380935,1.0,0.9,0.010167149904509407,,,0.7333333333333333,0.41379310344827586,,,0.45467212530044276,False,True,continuous_membership_completeness_not_certified
2019-05-06,sw1_801120,801120,SW2014,31,30,-0.03601119901136666,-0.07467836662388545,0.06691189391509011,0.11395244046326325,0.09822161847005906,1.0,0.9,0.009235656208392324,,,0.2,0.3448275862068966,,,0.42296210502183484,False,True,continuous_membership_completeness_not_certified
2019-05-07,sw1_801120,801120,SW2014,31,30,0.05352574306146666,0.015064275426836594,0.0965899770048605,0.1470304774219907,0.1418366018411209,1.0,0.9,0.0121379308793853,,,0.9666666666666667,0.5172413793103449,,,0.4025001559164101,False,True,continuous_membership_completeness_not_certified
2019-05-08,sw1_801120,801120,SW2014,31,30,-0.005017326594866665,-0.0021456598452929266,0.09378887928639967,0.14485375145287593,0.13915513803606205,0.8,0.9,0.012960423534560332,,,0.43333333333333335,0.41379310344827586,,,0.39945462417046446,False,True,continuous_membership_completeness_not_certified
2019-05-09,sw1_801120,801120,SW2014,31,31,-0.026066881404838718,-0.00859654632443066,0.06355900818587434,0.11472913134505258,0.114669628588707,0.6,0.8,0.010422471184941398,,,0.22580645161290322,0.2413793103448276,,,0.3737984363358133,False,True,continuous_membership_completeness_not_certified
2019-05-10,sw1_801120,801120,SW2014,31,31,0.030314149419999995,0.03456022369544172,0.05268334174239475,0.08470389025015823,0.11734767428187354,0.4,0.7,0.010149994583454629,,,0.9354838709677419,0.3103448275862069,,,0.3577188242355581,False,True,continuous_membership_completeness_not_certified
2019-05-13,sw1_801120,801120,SW2014,31,31,0.0013221217160322585,-0.006103847903205557,0.020711962525831407,0.08815409136511465,0.12263255060123412,0.4,0.7,0.01222907031833988,,,0.3870967741935484,0.3793103448275862,,,0.4814312179305832,False,True,continuous_membership_completeness_not_certified
2019-05-14,sw1_801120,801120,SW2014,31,31,0.0002550712674516126,-0.007844657211643413,-0.009241592481446737,0.08824452733305099,0.1425510484657515,0.4,0.7,0.012296175436227177,,,0.4838709677419355,0.3793103448275862,,,0.4319262754409981,False,True,continuous_membership_completeness_not_certified
2019-05-15,sw1_801120,801120,SW2014,31,31,0.04353153901887096,0.02132375538743736,0.015814780264523653,0.11279726991108419,0.16615482912481194,0.6,0.7,0.012332372151704947,,,1.0,0.5862068965517241,,,0.3130681803972797,False,True,continuous_membership_completeness_not_certified
2019-05-16,sw1_801120,801120,SW2014,31,31,-0.001365219213677419,0.007028560974252581,0.026134728446713495,0.09289511992677446,0.15776367686585568,0.6,0.6,0.013214758031846826,,,0.3870967741935484,0.6896551724137931,,,0.46706437906186205,False,True,continuous_membership_completeness_not_certified
2019-05-17,sw1_801120,801120,SW2014,31,31,-0.01289888335616129,-0.03675122788390845,0.05335554618122906,0.10556976088739745,0.18717527288158775,0.8,0.6,0.011813210714402597,,,0.22580645161290322,0.5,,,0.3570582946527921,False,True,continuous_membership_completeness_not_certified
2019-05-20,sw1_801120,801120,SW2014,31,31,-0.03635611242990322,-0.0044254800602270645,0.01293766302851096,0.03389499998207968,0.14734711082450092,0.6,0.5,0.010553335010467343,,,0.12903225806451613,0.2,,,0.431211522285922,False,True,continuous_membership_completeness_not_certified
2019-05-21,sw1_801120,801120,SW2014,31,31,0.012412873085516125,0.016678519486160465,0.0008016077043733194,-0.008465581211555495,0.1403263852821255,0.4,0.4,0.009650346758857484,,,0.7419354838709677,0.3333333333333333,,,0.41929314753795066,False,True,continuous_membership_completeness_not_certified
2019-05-22,sw1_801120,801120,SW2014,31,31,-0.003493531239032258,-0.006097186210133585,-0.017499920657605084,-0.0029209582692344416,0.14312287947461355,0.4,0.5,0.008736975065802115,,,0.3225806451612903,0.36666666666666664,,,0.431452356050715,False,True,continuous_membership_completeness_not_certified
2019-05-23,sw1_801120,801120,SW2014,31,31,-0.027921805368838707,-0.023154954286432373,-0.013736226364387871,0.009967258192626005,0.1235606566197871,0.4,0.5,0.007840116371904494,,,0.0967741935483871,0.23333333333333334,,,0.39136053215883576,False,True,continuous_membership_completeness_not_certified
2019-05-24,sw1_801120,801120,SW2014,31,31,-0.004381513185064516,-0.007380063366151918,-0.034550317801826824,0.01644950185255256,0.09683672343381133,0.4,0.6,0.008351671732981054,,,0.3548387096774194,0.2,,,0.43434044013754625,False,True,continuous_membership_completeness_not_certified
2019-05-27,sw1_801120,801120,SW2014,31,31,0.019195836907774197,0.02669304948928402,-0.010798725803892406,0.0023075093105201505,0.08901646815922692,0.4,0.5,0.007018780466145447,,,0.9032258064516129,0.3,,,0.35944907469910675,False,True,continuous_membership_completeness_not_certified
2019-05-28,sw1_801120,801120,SW2014,31,31,0.005960069703903227,7.695914395513959e-05,-0.0007151263218639903,7.553051741671091e-05,0.08763746958981167,0.6,0.5,0.007947746974212756,,,0.5806451612903226,0.4666666666666667,,,0.35413961241622016,False,True,continuous_membership_completeness_not_certified
2019-05-29,sw1_801120,801120,SW2014,31,31,0.005064476917548387,0.003123352518915603,-0.0014031416930343488,-0.01882194781344737,0.09006413590862405,0.6,0.5,0.007189401597989278,,,0.5483870967741935,0.43333333333333335,,,0.4431138025909582,False,True,continuous_membership_completeness_not_certified
2019-05-30,sw1_801120,801120,SW2014,31,31,0.008691880510354839,-0.007405287065518949,0.020058479380838268,0.004772169449268837,0.09438216341732875,0.8,0.6,0.00857257811702615,1.0859706508841078,0.6153846153846154,0.5483870967741935,0.43333333333333335,,,0.45927258986449654,False,True,continuous_membership_completeness_not_certified
2019-05-31,sw1_801120,801120,SW2014,31,31,-0.014606620260580648,-0.00016309467469094346,0.002052023864234531,-0.03338604507637233,0.07038553448364027,0.6,0.5,0.008824224937233253,1.110280053688714,0.675,0.41935483870967744,0.36666666666666664,,,0.46165525816338693,False,True,continuous_membership_completeness_not_certified
2019-06-03,sw1_801120,801120,SW2014,31,31,-0.019633375000935486,-0.015341774174050575,0.004881008664884612,-0.005729018870023084,0.02744324969085732,0.6,0.5,0.008551020686478313,1.062332895358969,0.5853658536585366,0.2903225806451613,0.3333333333333333,,,0.43385584841451147,False,True,continuous_membership_completeness_not_certified
2019-06-04,sw1_801120,801120,SW2014,33,31,-0.021009608219645166,-0.01617737140783258,-0.005599057706687227,-0.006226070563623232,-0.014326983151056294,0.4,0.5,0.007688775754729153,0.9674157694848792,0.42857142857142855,0.0967741935483871,0.22580645161290322,,,0.43130018224352024,False,True,continuous_membership_completeness_not_certified
2019-06-05,sw1_801120,801120,SW2014,33,31,0.00627968054151613,0.0003897408315630604,-0.0018116986672328528,-0.003156313823071022,-0.005978088518336699,0.4,0.5,0.00806232063653838,1.0071563509356254,0.5116279069767442,0.4838709677419355,0.25806451612903225,,,0.37552773402393597,False,True,continuous_membership_completeness_not_certified
2019-06-06,sw1_801120,801120,SW2014,33,31,-0.018880256795387095,-0.026064763619441496,-0.009971740439788546,0.008609641930961809,0.018182422325643932,0.4,0.6,0.008346510900367676,1.0352491889917337,0.5681818181818182,0.16129032258064516,0.16129032258064516,,,0.4065486838104907,False,True,continuous_membership_completeness_not_certified
2019-06-10,sw1_801120,801120,SW2014,33,31,0.02038382729874193,0.010105623428887963,0.013491780892697536,0.0157751507903221,0.03132320413812184,0.6,0.6,0.007396912358674153,0.9240326197881829,0.37777777777777777,0.7419354838709677,0.25806451612903225,,,0.39591880687426617,False,True,continuous_membership_completeness_not_certified
2019-06-11,sw1_801120,801120,SW2014,33,31,0.0428678005414516,0.03529826485385496,0.026101256411971585,0.03060817477953548,0.03246908072970456,0.8,0.7,0.007038231623980885,0.8855631220793915,0.34782608695652173,1.0,0.6774193548387096,,,0.3379917128150859,False,True,continuous_membership_completeness_not_certified
2019-06-12,sw1_801120,801120,SW2014,33,31,-0.014458920218129032,-0.0049211185493103285,0.021514351582864633,0.014951202528940666,0.014910539816832769,0.8,0.6,0.007670855821773937,0.9717408434068375,0.425531914893617,0.12903225806451613,0.4838709677419355,,,0.37658332398776495,False,True,continuous_membership_completeness_not_certified
2019-06-13,sw1_801120,801120,SW2014,33,31,0.004475338444709678,0.006267400660986235,0.013700838994328501,0.01130462997874826,-0.007657129102203508,0.6,0.5,0.011378311959770753,1.4316399347750755,0.8541666666666666,0.5483870967741935,0.6774193548387096,,,0.5288041401973841,False,True,continuous_membership_completeness_not_certified
2019-06-14,sw1_801120,801120,SW2014,33,31,-0.025065148746451608,-0.02261331829230413,0.0035713375094359456,-0.006871013436690054,-0.002024078639749294,0.4,0.4,0.008783251820898551,1.0972160810864273,0.6938775510204082,0.03225806451612903,0.3225806451612903,,,0.43254683365313795,False,True,continuous_membership_completeness_not_certified
2019-06-17,sw1_801120,801120,SW2014,33,31,0.0036320132718709684,0.00013321745656345746,-0.0031853413615603454,0.010592100484911326,-0.022047003700494727,0.4,0.5,0.010735747646243453,1.331595223041505,0.84,0.4838709677419355,0.2903225806451613,,,0.4987652356561307,False,True,continuous_membership_completeness_not_certified
2019-06-18,sw1_801120,801120,SW2014,33,31,-0.001908408144774194,-0.0018809071218313016,-0.010166463306231277,0.01504353585724627,0.009138721304329689,0.2,0.5,0.01244277098130333,1.5348991651233996,0.9607843137254902,0.5161290322580645,0.41935483870967744,,,0.5529893825916903,False,True,continuous_membership_completeness_not_certified
2019-06-19,sw1_801120,801120,SW2014,33,31,0.00913863499803226,0.013301475342552193,-0.004908573054957843,0.016321269297292496,0.009193719998943584,0.2,0.5,0.008698582101747362,1.0672028059513263,0.6346153846153846,0.7741935483870968,0.5483870967741935,,,0.5175311201189259,False,True,continuous_membership_completeness_not_certified
2019-06-20,sw1_801120,801120,SW2014,33,32,0.0169073463995,0.014520957187482173,-0.0008163444908471096,0.012898384552833209,0.009119898428901596,0.4,0.5,0.00791591431003835,0.9764810655056803,0.4528301886792453,0.8125,0.6774193548387096,,,0.46946369046817393,False,True,continuous_membership_completeness_not_certified
2019-06-21,sw1_801120,801120,SW2014,33,32,0.012661374748437499,0.018390667097532093,-0.004113962023689854,-0.0004927810730339655,0.008732764323281073,0.4,0.4,0.007109277198880918,0.8817904322313508,0.3148148148148148,0.75,0.7096774193548387,,,0.4763178081099736,False,True,continuous_membership_completeness_not_certified
2019-06-24,sw1_801120,801120,SW2014,33,32,0.007045483076656251,-0.000818528088371227,0.0004210530491357556,-0.0029004712439575364,0.01381834917249014,0.4,0.4,0.010992960209430535,1.3560552929121172,0.8363636363636363,0.5,0.7741935483870968,,,0.48721178400725607,False,True,continuous_membership_completeness_not_certified
2019-06-25,sw1_801120,801120,SW2014,33,32,-0.012677913204125,-0.009423309994654292,-0.0029595577275114415,-0.013395848322653725,0.017411539727836378,0.4,0.3,0.008414572075160928,1.032358472271879,0.5714285714285714,0.21875,0.6129032258064516,,,0.44099004371207273,False,True,continuous_membership_completeness_not_certified
2019-06-26,sw1_801120,801120,SW2014,33,32,0.010432450760343749,-0.0004057266053649309,0.012382221285032191,0.00724021040976508,0.022391978681831848,0.6,0.4,0.011130898655115233,1.3578123674244802,0.8421052631578947,0.71875,0.7096774193548387,,,0.34862206941424406,False,True,continuous_membership_completeness_not_certified
2019-06-27,sw1_801120,801120,SW2014,33,32,0.0009527722251562499,0.006133180387631078,0.004601679012087967,0.0037842246690318326,0.015249030552193288,0.4,0.4,0.009619802712559529,1.1668120885719524,0.7068965517241379,0.59375,0.8064516129032258,,,0.3144611177663934,False,True,continuous_membership_completeness_not_certified
2019-06-28,sw1_801120,801120,SW2014,33,32,-0.005671089999468751,-0.014415677467047862,0.018822895348638458,0.015558075793629333,0.007874552604817842,0.6,0.5,0.008614294493139545,1.0384280313801675,0.6101694915254238,0.21875,0.7096774193548387,0.3793103448275862,0.0,0.3642853658251133,False,True,continuous_membership_completeness_not_certified
2019-04-01,sw1_801790,801790,SW2014,49,48,0.021166482611687503,,,,,,,0.0806853156499458,,,0.9791666666666666,,,,0.30415887090064253,False,True,continuous_membership_completeness_not_certified
2019-04-02,sw1_801790,801790,SW2014,49,48,-0.0008313256244583332,0.0063307538923787245,,,,,,0.06075478291352876,,,0.3541666666666667,,,,0.25944309670451754,False,True,continuous_membership_completeness_not_certified
2019-04-03,sw1_801790,801790,SW2014,49,48,0.041751936590375,0.011768323284254504,,,,,,0.08596656329588813,,,0.9583333333333334,,,,0.2644288333459801,False,True,continuous_membership_completeness_not_certified
2019-04-04,sw1_801790,801790,SW2014,49,48,0.0009498734902083333,0.004216214306286065,,,,,,0.07049631881651006,,,0.4166666666666667,,,,0.24392317761563845,False,True,continuous_membership_completeness_not_certified
2019-04-08,sw1_801790,801790,SW2014,49,48,-0.017778258939708334,-0.003169210919424112,,,,0.25,,0.059975818052358514,,,0.1875,,,,0.2848097463643599,False,True,continuous_membership_completeness_not_certified
2019-04-09,sw1_801790,801790,SW2014,49,48,0.002528961900541667,0.004598723083880071,0.002026768790579503,,,0.2,,0.05535160009365858,,,0.6458333333333334,,,,0.26722779735983043,False,True,continuous_membership_completeness_not_certified
2019-04-10,sw1_801790,801790,SW2014,49,48,-0.013557804757937502,-0.0007146975504154258,-0.0038721493967233123,,,0.2,,0.06566844327838878,,,0.16666666666666666,,,,0.2759401761887721,False,True,continuous_membership_completeness_not_certified
2019-04-11,sw1_801790,801790,SW2014,49,48,-0.023048497043395833,-0.017295430765813215,-0.03766948177442808,,,0.0,,0.05080201123509394,,,0.0625,,,,0.30430823952340513,False,True,continuous_membership_completeness_not_certified
2019-04-12,sw1_801790,801790,SW2014,49,48,0.005166296084562499,-0.0002322377750845672,-0.029293664936753228,,,0.2,0.25,0.052682389378974584,,,0.7708333333333334,,,,0.28332179504959154,False,True,continuous_membership_completeness_not_certified
2019-04-15,sw1_801790,801790,SW2014,49,48,-0.015982842849416666,-0.00783859125380988,-0.022944715146736794,-0.01944309617816753,,0.2,0.2222222222222222,0.06175998401956557,,,0.20833333333333334,,,,0.3254861297084632,False,True,continuous_membership_completeness_not_certified
2019-04-16,sw1_801790,801790,SW2014,49,48,0.0319293584261875,0.019613413506244307,-0.009545665997855557,-0.007780326518073588,,0.4,0.3,0.06434620689520343,,,1.0,,,,0.33512939206247877,False,True,continuous_membership_completeness_not_certified
2019-04-17,sw1_801790,801790,SW2014,49,48,-0.0108956558696875,0.008795521075146206,-0.016343232662529683,-0.02043596488045929,,0.4,0.3,0.043585692685265694,,,0.08333333333333333,,,,0.2855886336937205,False,True,continuous_membership_completeness_not_certified
2019-04-18,sw1_801790,801790,SW2014,49,48,-0.007060192620666666,-0.005941586504118735,-0.011786181098732307,-0.049400452380409354,,0.4,0.2,0.036423964767136656,,,0.16666666666666666,,,,0.26649631505031185,False,True,continuous_membership_completeness_not_certified
2019-04-19,sw1_801790,801790,SW2014,49,48,0.016367413479395836,0.00746501111419355,-0.008424031357559869,-0.037974380581101475,,0.4,0.3,0.04880291122331702,,,1.0,,,,0.3306525151066321,False,True,continuous_membership_completeness_not_certified
2019-04-22,sw1_801790,801790,SW2014,49,48,-0.0212801918819375,-0.012758557992633819,-0.008812587564484664,-0.031755286703963326,,0.4,0.3,0.052573286707554345,,,0.0625,,,,0.35544086692448873,False,True,continuous_membership_completeness_not_certified
2019-04-23,sw1_801790,801790,SW2014,49,48,0.007471040212395833,-0.018355717779820764,0.005163086727565491,-0.004267457357102988,,0.4,0.4,0.05807725528615655,,,0.6041666666666666,,,,0.314188175432361,False,True,continuous_membership_completeness_not_certified
2019-04-24,sw1_801790,801790,SW2014,49,48,0.005629693551937499,0.00942519606283972,0.02099624842043535,0.004696958662222084,,0.4,0.4,0.051728936956785564,,,0.75,,,,0.3665428244868951,False,True,continuous_membership_completeness_not_certified
2019-04-25,sw1_801790,801790,SW2014,49,48,-0.03148036004889583,-0.04051959336256068,0.030463884466481073,0.019392742867658463,,0.6,0.5,0.0559990294588598,,,0.0625,,,,0.30659143280448026,False,True,continuous_membership_completeness_not_certified
2019-04-26,sw1_801790,801790,SW2014,49,48,-0.0008063795630833335,-0.012621417539421904,0.032824166595415316,0.02546358257049053,0.014471284024366038,0.6,0.5,0.0649026476442605,,,0.375,,,,0.2940097564311116,False,True,continuous_membership_completeness_not_certified
2019-04-29,sw1_801790,801790,SW2014,49,48,-0.0512800891381875,-0.036634754951604356,0.025824228464627175,0.018064923387081322,-0.00021547900414486953,0.6,0.5,0.07023194000623482,,,0.08333333333333333,0.08333333333333333,,,0.31840748481933984,False,True,continuous_membership_completeness_not_certified
2019-04-30,sw1_801790,801790,SW2014,49,48,-0.0002915157795416669,0.010715989103368186,-0.008125564787041739,-0.0031900644855881177,-0.010312336994330873,0.4,0.4,0.061759199913538634,,,0.6041666666666666,0.0625,,,0.38804127760891677,False,True,continuous_membership_completeness_not_certified
2019-05-06,sw1_801790,801790,SW2014,49,48,-0.0925997773311875,-0.07467836662388545,-0.020704209429987186,-0.002797145365261211,-0.019883499614044342,0.4,0.4,0.07716090024375456,,,0.0,0.0,,,0.45401106802886093,False,True,continuous_membership_completeness_not_certified
2019-05-07,sw1_801790,801790,SW2014,49,48,0.021206540346729166,0.015064275426836594,-0.024845103653228784,0.0032580703018553203,-0.03908085487540747,0.4,0.5,0.07055502677006584,,,0.8958333333333334,0.0,,,0.37318280057802866,False,True,continuous_membership_completeness_not_certified
2019-05-08,sw1_801790,801790,SW2014,49,48,-0.015330466260770831,-0.0021456598452929266,-0.047190445137707204,-0.01532877065574989,-0.04693761837970989,0.2,0.4,0.05575528203612092,,,0.041666666666666664,0.0,,,0.40521425984009796,False,True,continuous_membership_completeness_not_certified
2019-05-09,sw1_801790,801790,SW2014,49,48,-0.009977689356104165,-0.00859654632443066,-0.036075876059383116,-0.009304326933444518,-0.035934224021107686,0.2,0.4,0.0708770109040114,,,0.1875,0.020833333333333332,,,0.4281557966267838,False,True,continuous_membership_completeness_not_certified
2019-05-10,sw1_801790,801790,SW2014,49,48,0.046127513095312496,0.03456022369544172,-0.01629981727357732,-0.022856052027933282,-0.025947869140331092,0.4,0.4,0.07560284761951558,,,1.0,0.020833333333333332,,,0.4051636153249204,False,True,continuous_membership_completeness_not_certified
2019-05-13,sw1_801790,801790,SW2014,49,48,-0.023754915553937505,-0.006103847903205557,-0.015843061010948123,-0.03457291576918953,-0.029983187731108085,0.4,0.4,0.055278897508038397,,,0.0625,0.020833333333333332,,,0.41414771962897134,False,True,continuous_membership_completeness_not_certified
2019-05-14,sw1_801790,801790,SW2014,49,48,-0.007552001726604166,-0.007844657211643413,-0.021171278919560055,-0.04366641288436113,-0.025052376600466997,0.4,0.4,0.05450607407423028,,,0.1875,0.0,,,0.3809524740417709,False,True,continuous_membership_completeness_not_certified
2019-05-15,sw1_801790,801790,SW2014,49,48,0.01780376666758333,0.02132375538743736,-0.011659877355016057,-0.058837006613247755,-0.033223688864143286,0.4,0.3,0.052749075467108775,,,1.0,0.0,,,0.3853559301932251,False,True,continuous_membership_completeness_not_certified
2019-05-16,sw1_801790,801790,SW2014,49,48,6.146388195833327e-05,0.007028560974252581,-0.017583711066539776,-0.05373216754439403,-0.03258651908073584,0.4,0.3,0.03894495788357093,,,0.3333333333333333,0.0,,,0.3849438268156371,False,True,continuous_membership_completeness_not_certified
2019-05-17,sw1_801790,801790,SW2014,49,48,-0.046621304151895825,-0.03675122788390845,-0.03672653012788207,-0.05063044665353267,-0.048992505852230694,0.2,0.3,0.046466954782379534,,,0.0,0.0,,,0.3565643099797907,False,True,continuous_membership_completeness_not_certified
2019-05-20,sw1_801790,801790,SW2014,49,48,0.010752787473479165,-0.0044254800602270645,-0.005142451208694276,-0.02073205805428524,-0.020105107452362936,0.4,0.4,0.05120047433478613,,,0.8125,0.020833333333333332,,,0.3858789915818427,False,True,continuous_membership_completeness_not_certified
2019-05-21,sw1_801790,801790,SW2014,49,48,0.0146045026936875,0.016678519486160465,-0.0075979952972007325,-0.028737246466846056,-0.021335129751585913,0.2,0.3,0.04766502434413517,,,0.9791666666666666,0.020833333333333332,,,0.37653055884434494,False,True,continuous_membership_completeness_not_certified
2019-05-22,sw1_801790,801790,SW2014,49,48,-0.012791879909541665,-0.006097186210133585,-0.010590516730459187,-0.022194520494243197,-0.03388273591203517,0.2,0.3,0.03621219048403228,,,0.0625,0.020833333333333332,,,0.3763771488987131,False,True,continuous_membership_completeness_not_certified
2019-05-23,sw1_801790,801790,SW2014,49,48,-0.00188584111225,-0.023154954286432373,0.016778856350423865,0.0006655881970821786,-0.00868217456735454,0.4,0.4,0.04573157738927943,,,0.2916666666666667,0.020833333333333332,,,0.37784458305152513,False,True,continuous_membership_completeness_not_certified
2019-05-24,sw1_801790,801790,SW2014,49,48,0.0034104634582916666,-0.007380063366151918,0.038471853523881716,0.0003461438782816906,-0.02147896544794159,0.6,0.4,0.04619145172673932,,,0.5625,0.041666666666666664,,,0.3612286005829274,False,True,continuous_membership_completeness_not_certified
2019-05-27,sw1_801790,801790,SW2014,49,48,0.0324083687575,0.02669304948928402,0.02970572194993326,0.023743664254711083,-0.013928553678166478,0.6,0.5,0.06453756632423478,,,1.0,0.25,,,0.32333142618420774,False,True,continuous_membership_completeness_not_certified
2019-05-28,sw1_801790,801790,SW2014,49,48,0.00022873652041666704,7.695914395513959e-05,0.03145805887078679,0.02378775912659392,-0.02268846613686315,0.8,0.5,0.056647290742369585,,,0.4375,0.3125,,,0.3808909840310225,False,True,continuous_membership_completeness_not_certified
2019-05-29,sw1_801790,801790,SW2014,50,48,0.008944344425770833,0.003123352518915603,0.04475800633480953,0.03262614396573471,-0.0285051655248858,1.0,0.6,0.06865069324374404,,,0.4791666666666667,0.5625,,,0.3827055178111562,False,True,continuous_membership_completeness_not_certified
2019-05-30,sw1_801790,801790,SW2014,50,48,-0.014029746461791668,-0.007405287065518949,0.015960244133540025,0.03240302259457928,-0.021426853266598322,0.8,0.6,0.04646755982258069,0.8316020957216977,0.1794871794871795,0.041666666666666664,0.3541666666666667,,,0.3293234688917791,False,True,continuous_membership_completeness_not_certified
2019-05-31,sw1_801790,801790,SW2014,50,48,-0.005766351379854166,-0.00016309467469094346,-0.0008450435264979461,0.03846853413941864,-0.01630458005098534,0.6,0.6,0.04065734347610767,0.7292106145166285,0.075,0.20833333333333334,0.4791666666666667,,,0.34019144236253474,False,True,continuous_membership_completeness_not_certified
2019-06-03,sw1_801790,801790,SW2014,50,48,0.00012485027160416643,-0.015341774174050575,0.009067803730395951,0.03851268406712438,0.01767050866967057,0.6,0.6,0.047494603317243415,0.8549353992629704,0.21951219512195122,0.5208333333333334,0.3541666666666667,,,0.3236676696064001,False,True,continuous_membership_completeness_not_certified
2019-06-04,sw1_801790,801790,SW2014,50,48,-0.0034056442213124998,-0.01617737140783258,0.021406219288808037,0.052193573177792274,0.023897853914495726,0.6,0.7,0.04774345353825437,0.8625487512098887,0.2619047619047619,0.3333333333333333,0.3958333333333333,,,0.3207850658027826,False,True,continuous_membership_completeness_not_certified
2019-06-05,sw1_801790,801790,SW2014,50,48,0.0047153653208125,0.0003897408315630604,0.019902308160132498,0.06381436555916864,0.04159179375062083,0.6,0.8,0.05631812082146407,1.0137647595165369,0.5581395348837209,0.6666666666666666,0.4375,,,0.3384025925490668,False,True,continuous_membership_completeness_not_certified
2019-06-06,sw1_801790,801790,SW2014,50,48,-0.009336543424645835,-0.026064763619441496,0.042655140856903584,0.05902908285680142,0.05930579686610227,0.8,0.8,0.05208338013248236,0.9409552758069111,0.36363636363636365,0.1875,0.3333333333333333,,,0.3065860541186011,False,True,continuous_membership_completeness_not_certified
2019-06-10,sw1_801790,801790,SW2014,50,48,-0.014105178290666667,0.010105623428887963,0.024690350718905907,0.024411589800933053,0.02360903277604065,0.8,0.7,0.06638899409410925,1.1950473781914412,0.8,0.2916666666666667,0.22916666666666666,,,0.34613422030425567,False,True,continuous_membership_completeness_not_certified
2019-06-11,sw1_801790,801790,SW2014,50,48,0.05577180994329168,0.03529826485385496,0.03007879022702853,0.03884975172912131,0.062499338823076345,0.8,0.7,0.07156657594397708,1.2835837848979557,0.9130434782608695,1.0,0.8541666666666666,,,0.34381950272100076,False,True,continuous_membership_completeness_not_certified
2019-06-12,sw1_801790,801790,SW2014,50,48,-0.010697805510187501,-0.0049211185493103285,0.011054939215849435,0.03260150643843851,0.056384357445800615,0.6,0.6,0.05424019731186849,0.9763607127146757,0.425531914893617,0.08333333333333333,0.7708333333333334,,,0.321047022974276,False,True,continuous_membership_completeness_not_certified
2019-06-13,sw1_801790,801790,SW2014,50,48,0.004957188605583333,0.006267400660986235,0.005344675662133591,0.025543964377062855,0.05772970352589191,0.4,0.5,0.058184954369766805,1.0435774377766007,0.6041666666666666,0.7916666666666666,0.8333333333333334,,,0.3097908036259807,False,True,continuous_membership_completeness_not_certified
2019-06-14,sw1_801790,801790,SW2014,50,48,-0.02223641827377083,-0.02261331829230413,-0.011618886428327091,0.032195434387032096,0.06326639786717925,0.4,0.6,0.05395947937568734,0.9713075975376472,0.40816326530612246,0.041666666666666664,0.5208333333333334,,,0.2756774743655828,False,True,continuous_membership_completeness_not_certified
2019-06-17,sw1_801790,801790,SW2014,50,48,0.005251747642395833,0.00013321745656345746,0.01835162612989416,0.042969313088913275,0.08166279777153906,0.6,0.7,0.05061655179938785,0.9144550783309116,0.26,0.625,0.5625,,,0.31125848366748116,False,True,continuous_membership_completeness_not_certified
2019-06-18,sw1_801790,801790,SW2014,50,48,-0.0002927762204791669,-0.0018809071218313016,-4.3834861625180466e-05,0.029340567146225793,0.06778109149743039,0.6,0.7,0.05120030897215251,0.9256093045244902,0.29411764705882354,0.3333333333333333,0.5416666666666666,,,0.3522442820249921,False,True,continuous_membership_completeness_not_certified
2019-06-19,sw1_801790,801790,SW2014,50,48,0.01826889788447917,0.013301475342552193,0.010669437185305775,0.021933576408717848,0.0747219129719382,0.8,0.7,0.08886605982918021,1.6054831238629585,1.0,0.9166666666666666,0.7916666666666666,,,0.3982532175931743,False,True,continuous_membership_completeness_not_certified
2019-06-20,sw1_801790,801790,SW2014,50,48,0.05737713473297917,0.014520957187482173,0.05495891304390188,0.06170396978691106,0.12848262821056677,1.0,0.7,0.12208439827266457,2.197602811499339,1.0,1.0,0.9791666666666666,,,0.3699551847383257,False,True,continuous_membership_completeness_not_certified
2019-06-21,sw1_801790,801790,SW2014,50,48,0.010242709794208334,0.018390667097532093,0.048023309907516465,0.03644901607582596,0.10019541549804378,0.8,0.6,0.09226974556610522,1.6549059066068124,0.9814814814814815,0.6666666666666666,0.9791666666666666,,,0.3772557706336279,False,True,continuous_membership_completeness_not_certified
2019-06-24,sw1_801790,801790,SW2014,50,48,-0.005186587467770834,-0.000818528088371227,0.03766715066808879,0.058022243284038266,0.08378958899091926,0.6,0.6,0.08265477837623679,1.4792230791015004,0.9272727272727272,0.25,0.9791666666666666,,,0.33757440758075696,False,True,continuous_membership_completeness_not_certified
2019-06-25,sw1_801790,801790,SW2014,50,48,0.008374574169979167,-0.009423309994654292,0.05493576559337687,0.05362230961118253,0.09410703149083866,0.6,0.6,0.09433681843863338,1.6846152397683747,0.9821428571428571,0.5,0.9583333333333334,,,0.36755774985215917,False,True,continuous_membership_completeness_not_certified
2019-06-26,sw1_801790,801790,SW2014,50,48,-0.027490423890312497,-0.0004057266053649309,0.019918659052072796,0.030934842329154666,0.06440978933501462,0.4,0.6,0.06825876738613222,1.2154647302886572,0.7368421052631579,0.10416666666666667,0.8958333333333334,,,0.3315834593663599,False,True,continuous_membership_completeness_not_certified
2019-06-27,sw1_801790,801790,SW2014,50,48,0.011448995513458333,0.006133180387631078,-0.01689510110848591,0.03783945543107947,0.06405460322930145,0.4,0.7,0.0850839373130183,1.51077372738955,0.9137931034482759,0.9583333333333334,0.9166666666666666,,,0.3915468862635137,False,True,continuous_membership_completeness_not_certified
2019-06-28,sw1_801790,801790,SW2014,50,48,-0.005254084249104166,-0.014415677467047862,0.000470132968311221,0.04762873443279947,0.08054530946074023,0.6,0.7,0.06565001767060355,1.1623029874680981,0.6779661016949152,0.25,0.8958333333333334,0.4166666666666667,0.041666666666666664,0.36320306961959964,False,True,continuous_membership_completeness_not_certified
2020-03-31,sw1_801050,801050,SW2014,114,113,0.006183463259433628,,,,,,,0.02799460659748025,,,0.5575221238938053,,,,0.19985595656239685,False,True,continuous_membership_completeness_not_certified
2020-04-01,sw1_801050,801050,SW2014,114,113,0.006510226826141593,-0.005651913765406199,,,,,,0.03527166539169393,,,0.5398230088495575,,,,0.25755510458606484,False,True,continuous_membership_completeness_not_certified
2020-04-02,sw1_801050,801050,SW2014,115,113,0.014999543832681417,0.02121104785520815,,,,,,0.029142541965947337,,,0.8053097345132744,,,,0.23272085599094075,False,True,continuous_membership_completeness_not_certified
2020-04-03,sw1_801050,801050,SW2014,115,113,-0.006127311594061947,-0.004918783572428276,,,,,,0.03178545225614627,,,0.3008849557522124,,,,0.21839250915279695,False,True,continuous_membership_completeness_not_certified
2020-04-07,sw1_801050,801050,SW2014,115,113,0.030618465643911505,0.030858318247744793,,,,0.25,,0.032900143817726935,,,0.9734513274336283,,,,0.24212437456712116,False,True,continuous_membership_completeness_not_certified
2020-04-08,sw1_801050,801050,SW2014,116,113,0.005851192730929202,0.004714981186854975,0.006022615660628894,,,0.4,,0.031422402430414824,,,0.6283185840707964,,,,0.21664563973478212,False,True,continuous_membership_completeness_not_certified
2020-04-09,sw1_801050,801050,SW2014,116,113,0.00038138745454867215,0.00839151775262,-0.015167123984731523,,,0.2,,0.025739882267261007,,,0.3185840707964602,,,,0.23794313791761315,False,True,continuous_membership_completeness_not_certified
2020-04-10,sw1_801050,801050,SW2014,116,113,-0.019612671162743366,-0.02306608080876878,-0.004825567442052314,,,0.4,,0.03024723789775872,,,0.09734513274336283,,,,0.22808967784950027,False,True,continuous_membership_completeness_not_certified
2020-04-13,sw1_801050,801050,SW2014,116,113,-0.008624980738469028,-0.008427278477756086,-0.0037851739528007577,,,0.4,0.375,0.026053453033049626,,,0.25663716814159293,,,,0.1888599632934922,False,True,continuous_membership_completeness_not_certified
2020-04-14,sw1_801050,801050,SW2014,116,113,0.02592182395458407,0.017876127349393565,0.004362735977719301,0.009371376072562443,,0.6,0.4444444444444444,0.0388386285596014,,,0.9380530973451328,,,,0.2788024657569584,False,True,continuous_membership_completeness_not_certified
2020-04-15,sw1_801050,801050,SW2014,116,113,-0.009557698037061947,-0.0061191976203415575,-0.00023539006683070962,0.005703832418564092,,0.4,0.4,0.03157475150989554,,,0.1592920353982301,,,,0.21190748282774058,False,True,continuous_membership_completeness_not_certified
2020-04-16,sw1_801050,801050,SW2014,116,113,0.0015389382164424784,0.0041110734346034294,0.005102568868890045,-0.0095865928856389,,0.4,0.3,0.029493832828017912,,,0.39823008849557523,,,,0.23814879420079482,False,True,continuous_membership_completeness_not_certified
2020-04-17,sw1_801050,801050,SW2014,116,113,-0.0036316970363008856,-0.0005115569580373131,-0.001492138389571851,-0.006365816129172197,,0.2,0.3,0.028406417086660488,,,0.35398230088495575,,,,0.22013124064443537,False,True,continuous_membership_completeness_not_certified
2020-04-20,sw1_801050,801050,SW2014,116,113,-0.0007391803810530973,0.011064553029121205,-0.013285861704795288,-0.01727685596971318,,0.2,0.3,0.02402395801324546,,,0.37168141592920356,,,,0.18912559713394453,False,True,continuous_membership_completeness_not_certified
2020-04-21,sw1_801050,801050,SW2014,116,113,-0.016138457099336284,-0.004944924711852536,-0.031811139013997125,-0.02753944168873146,,0.0,0.3,0.023222411023048093,,,0.09734513274336283,,,,0.18486535032844903,False,True,continuous_membership_completeness_not_certified
2020-04-22,sw1_801050,801050,SW2014,116,114,0.007250447745973684,0.009154096648782278,-0.030742352093359515,-0.03061243370707456,,0.0,0.2,0.02197951946458755,,,0.631578947368421,,,,0.15748036424559253,False,True,continuous_membership_completeness_not_certified
2020-04-23,sw1_801050,801050,SW2014,116,115,-0.0006031076598695651,-0.0035492038483605484,-0.0250825302947556,-0.01965003532299847,,0.2,0.3,0.027270802884785447,,,0.3391304347826087,,,,0.2206707505786398,False,True,continuous_membership_completeness_not_certified
2020-04-24,sw1_801050,801050,SW2014,116,115,-0.016434616516313047,-0.017522159996155636,-0.02054399869977086,-0.022134723434185544,,0.4,0.3,0.026760819801968122,,,0.1391304347826087,,,,0.24354529349634513,False,True,continuous_membership_completeness_not_certified
2020-04-27,sw1_801050,801050,SW2014,116,115,-0.009611939067886956,-0.006930919863652491,-0.011496374783356855,-0.024618897268424367,-0.0240753248465293,0.4,0.3,0.026153868676640223,,,0.23478260869565218,,,,0.2978203954655807,False,True,continuous_membership_completeness_not_certified
2020-04-28,sw1_801050,801050,SW2014,116,114,-0.025273661599298242,-0.021366942336545278,-0.004342468971951785,-0.03476276293669733,-0.027469210173782344,0.4,0.2,0.02489848936717126,,,0.14035087719298245,0.10714285714285714,,,0.2190504436425164,False,True,continuous_membership_completeness_not_certified
2020-04-29,sw1_801050,801050,SW2014,116,112,0.003293068632017856,-0.001839351567117857,0.002361820670718884,-0.026861557299604266,-0.022413953496834282,0.6,0.3,0.021199617415757387,,,0.5357142857142857,0.12844036697247707,,,0.18257473324021958,False,True,continuous_membership_completeness_not_certified
2020-04-30,sw1_801050,801050,SW2014,116,114,0.024445067119736846,0.021517666619976287,0.0023328242183177084,-0.022119338792346843,-0.03232561431564385,0.6,0.4,0.027071740006952675,,,0.868421052631579,0.25,,,0.26682145311320754,False,True,continuous_membership_completeness_not_certified
2020-05-06,sw1_801050,801050,SW2014,117,115,0.023465527622895655,0.018170074767111348,0.006553510688311226,-0.014348503103921884,-0.02095860470810096,0.6,0.5,0.03386170512270025,,,0.8608695652173913,0.5,,,0.22005532187634871,False,True,continuous_membership_completeness_not_certified
2020-05-07,sw1_801050,801050,SW2014,117,115,-0.005995940536608697,-0.002191672364604617,0.0054461811597974474,-0.006400281781754225,-0.023635071871952462,0.6,0.5,0.03278476871058921,,,0.24347826086956523,0.4722222222222222,,,0.21079269470922196,False,True,continuous_membership_completeness_not_certified
2020-05-08,sw1_801050,801050,SW2014,117,115,0.009296862999852175,0.010511130451480727,0.008571957303507682,0.003647468405009846,-0.024122613421900807,0.6,0.5,0.031218486457047855,,,0.7217391304347827,0.5462962962962963,,,0.18188641875040581,False,True,continuous_membership_completeness_not_certified
2020-05-11,sw1_801050,801050,SW2014,117,115,-0.004510108296695652,-3.007784760270593e-05,-0.0015335001512264412,0.001016824887820289,-0.0294944820227816,0.4,0.5,0.028690098174181205,,,0.2608695652173913,0.5185185185185185,,,0.21304327974898626,False,True,continuous_membership_completeness_not_certified
2020-05-12,sw1_801050,801050,SW2014,117,115,-0.006963005181799999,-0.0005799066457556468,-0.01095238031702972,-0.008295032797400292,-0.02771842869962282,0.2,0.4,0.026214427959852387,,,0.20869565217391303,0.46296296296296297,,,0.18849140081565013,False,True,continuous_membership_completeness_not_certified
2020-05-13,sw1_801050,801050,SW2014,117,115,0.003731215630243478,0.005383788090509051,-0.017639703499363724,-0.011273626813624649,-0.033656585884967005,0.0,0.3,0.02381679052695447,,,0.5304347826086957,0.48148148148148145,,,0.1752004457754964,False,True,continuous_membership_completeness_not_certified
2020-05-14,sw1_801050,801050,SW2014,117,115,-0.0013961938818521737,-0.008134046282873337,-0.006999706596153343,-0.001649417574263623,-0.026746441766488882,0.2,0.4,0.02963924205085476,,,0.3391304347826087,0.49074074074074076,,,0.1610926990284699,False,True,continuous_membership_completeness_not_certified
2020-05-15,sw1_801050,801050,SW2014,117,115,0.002105062390026087,0.0020728232870210776,-0.005716187142424389,0.002527918618323577,-0.033992492567255006,0.4,0.5,0.03276039583584929,,,0.4782608695652174,0.4722222222222222,,,0.21024985694222265,False,True,continuous_membership_completeness_not_certified
2020-05-18,sw1_801050,801050,SW2014,118,115,0.021153219939747826,-0.004486857662509016,0.02433255036837323,0.023955025208197922,-0.005469266826795716,0.6,0.5,0.044084825723145094,,,0.7391304347826086,0.7129629629629629,,,0.2011441481371031,False,True,continuous_membership_completeness_not_certified
2020-05-19,sw1_801050,801050,SW2014,118,116,-0.0005441859202672415,0.010584463651552222,0.01981005222001775,0.009097336129351152,-0.014060468877948207,0.6,0.4,0.03801178632475199,,,0.3879310344827586,0.6759259259259259,,,0.21521098462307187,False,True,continuous_membership_completeness_not_certified
2020-05-20,sw1_801050,801050,SW2014,118,116,-0.005400540011318966,-0.008620434104932335,0.024486941420206354,0.00688942860748476,-0.007600232491997483,0.8,0.4,0.03680739327968403,,,0.3448275862068966,0.6388888888888888,,,0.1868788797225741,False,True,continuous_membership_completeness_not_certified
2020-05-21,sw1_801050,801050,SW2014,118,116,-0.011280744277405172,-0.010023234992184818,0.01632029377124844,0.009395790449306274,0.0028613194163189526,0.6,0.4,0.038482342746077675,,,0.3103448275862069,0.5229357798165137,,,0.17532215420806013,False,True,continuous_membership_completeness_not_certified
2020-05-22,sw1_801050,801050,SW2014,118,116,-0.0072288933189051715,-0.01648862546072533,0.02527962476605794,0.019550344921837826,0.02325782651979036,0.6,0.5,0.0405269564020015,,,0.3275862068965517,0.41818181818181815,,,0.17635513180867465,False,True,continuous_membership_completeness_not_certified
2020-05-25,sw1_801050,801050,SW2014,118,116,-0.002393924344637931,-0.0017058903944671096,-0.00040902601606418454,0.023278737523531268,0.024191647570049102,0.4,0.5,0.038271696503979595,,,0.35344827586206895,0.35454545454545455,,,0.21170906573754844,False,True,continuous_membership_completeness_not_certified
2020-05-26,sw1_801050,801050,SW2014,118,117,0.021858564727581197,0.019707333310958218,0.012618849388864817,0.032401376262400694,0.023902136687838804,0.6,0.6,0.03529112814804943,,,0.8888888888888888,0.5363636363636364,,,0.16919032545250223,False,True,continuous_membership_completeness_not_certified
2020-05-27,sw1_801050,801050,SW2014,118,116,0.005866347997181035,-0.0026638392148997767,0.017988929822412625,0.04247872401739816,0.03189410277762805,0.6,0.7,0.040518720795706,,,0.47413793103448276,0.4954128440366973,,,0.19254107523319644,False,True,continuous_membership_completeness_not_certified
2020-05-28,sw1_801050,801050,SW2014,118,116,0.00756921371814655,-0.00452708772995396,0.03168982102666518,0.04809425920358967,0.047399214729755945,0.8,0.7,0.04980147169144625,,,0.6206896551724138,0.5871559633027523,,,0.18386042412884548,False,True,continuous_membership_completeness_not_certified
2020-05-29,sw1_801050,801050,SW2014,118,116,0.004459916774724139,0.006403124774236785,0.020630385842485,0.046268395559733944,0.05098191856817613,0.6,0.6,0.044500373750671236,1.447973621649554,0.9743589743589743,0.5,0.5727272727272728,,,0.1627966513574911,False,True,continuous_membership_completeness_not_certified
2020-06-01,sw1_801050,801050,SW2014,118,116,0.01978782050512931,0.0265900955640659,0.014875075666779702,0.014051629388044606,0.039386814011288074,0.6,0.5,0.03745469290922824,1.19976005117226,0.775,0.7931034482758621,0.7433628318584071,,,0.14207403696029655,False,True,continuous_membership_completeness_not_certified
2020-06-02,sw1_801050,801050,SW2014,118,116,0.002951549218086206,0.004989383498690803,0.010343756943015592,0.023302662678838626,0.033462451759428635,0.4,0.5,0.0362266939717849,1.1566468680502882,0.7317073170731707,0.49137931034482757,0.8157894736842105,,,0.24948532467095522,False,True,continuous_membership_completeness_not_certified
2020-06-03,sw1_801050,801050,SW2014,118,117,-0.00708949786748718,0.0001946906597924639,-0.006021928523288977,0.012536247491105712,0.019717190801194162,0.2,0.4,0.03473652270800391,1.105469983873074,0.6666666666666666,0.23931623931623933,0.7631578947368421,,,0.22367401198691286,False,True,continuous_membership_completeness_not_certified
2020-06-04,sw1_801050,801050,SW2014,118,117,-0.0021492473929059838,0.0029562784961571814,-0.02370712562300703,0.00869176829963858,0.018470170378049655,0.0,0.4,0.037821044179421386,1.2007223124795996,0.7906976744186046,0.41025641025641024,0.7280701754385965,,,0.2297226737290102,False,True,continuous_membership_completeness_not_certified
2020-06-05,sw1_801050,801050,SW2014,118,117,0.00019032501259829023,-0.0009848458136292406,-0.02038749528115069,0.00017330848067653726,0.020731724509738036,0.2,0.4,0.032178778171944936,1.0191300527530704,0.5454545454545454,0.36752136752136755,0.6842105263157895,,,0.2201412847889505,False,True,continuous_membership_completeness_not_certified
2020-06-08,sw1_801050,801050,SW2014,118,117,0.00455411911371795,-0.002547508617841274,-0.006181778514610103,0.008385616191845191,0.032774579337854215,0.4,0.5,0.034801167765803456,1.0985181769398065,0.6666666666666666,0.6153846153846154,0.7807017543859649,,,0.18455042382570744,False,True,continuous_membership_completeness_not_certified
2020-06-09,sw1_801050,801050,SW2014,118,117,-0.002217523215153846,0.0038398073400163443,-0.010178348094946,-0.00021834745912485687,0.03329385744986868,0.4,0.4,0.030901010338983098,0.9786620277692037,0.43478260869565216,0.3504273504273504,0.6754385964912281,,,0.1697592156261609,False,True,continuous_membership_completeness_not_certified
2020-06-10,sw1_801050,801050,SW2014,118,117,-0.006363363866068375,-0.002828351725278576,-0.00641907274924558,-0.01262193791240529,0.03102889318538038,0.4,0.3,0.028056710488329143,0.8907294610455833,0.2978723404255319,0.3076923076923077,0.5701754385964912,,,0.17428097349948682,False,True,continuous_membership_completeness_not_certified
2020-06-11,sw1_801050,801050,SW2014,118,117,0.0031470702759572654,-0.003726667266624608,0.005522809236318982,-0.01793737938634221,0.03127758680014914,0.6,0.3,0.03429920495243728,1.0862858237122752,0.6458333333333334,0.47863247863247865,0.5789473684210527,,,0.13980051641386612,False,True,continuous_membership_completeness_not_certified
2020-06-12,sw1_801050,801050,SW2014,118,117,-0.007548871596897436,-8.027271056056817e-05,-0.003109093488685599,-0.023429661035042404,0.023356619091146946,0.4,0.3,0.0320773862005609,1.012540499996085,0.5306122448979592,0.23931623931623933,0.45217391304347826,,,0.15398763555692305,False,True,continuous_membership_completeness_not_certified
2020-06-15,sw1_801050,801050,SW2014,118,117,-0.015899482808606837,-0.0022536268205978274,-0.023590786861490853,-0.029703940979538324,-0.01662809470039961,0.2,0.3,0.027353005060829258,0.8662935970297918,0.26,0.19658119658119658,0.2608695652173913,,,0.15624002985884264,False,True,continuous_membership_completeness_not_certified
2020-06-16,sw1_801050,801050,SW2014,118,117,0.020462175017871797,0.015994931690246225,-0.013559249024790998,-0.02371749982944127,-0.00103039173268904,0.4,0.4,0.03239767590760653,1.0226506223760035,0.5686274509803921,0.9230769230769231,0.5304347826086957,,,0.24007887736324154,False,True,continuous_membership_completeness_not_certified
2020-06-17,sw1_801050,801050,SW2014,118,117,-0.0003936068235470085,0.0038717126727021607,-0.014356763686097174,-0.02077795443654673,-0.00878027071512033,0.4,0.4,0.03171415523714696,1.0,0.5,0.452991452991453,0.5478260869565217,,,0.2739496069910134,False,True,continuous_membership_completeness_not_certified
2020-06-18,sw1_801050,801050,SW2014,118,117,0.004561075524418803,-0.001690141070873828,-0.015020304733716072,-0.009399154673312315,-0.001038820167496901,0.4,0.5,0.030293070558006,0.9572947966721387,0.41509433962264153,0.5811965811965812,0.5826086956521739,,,0.25451319726777766,False,True,continuous_membership_completeness_not_certified
2020-06-19,sw1_801050,801050,SW2014,118,117,0.001047598835615385,0.0037008473773595717,-0.010192724251923968,-0.013276749765062545,-0.013789118733078087,0.4,0.4,0.027443446850200393,0.8691579676121791,0.25925925925925924,0.5213675213675214,0.6120689655172413,,,0.23726557515686816,False,True,continuous_membership_completeness_not_certified
2020-06-22,sw1_801050,801050,SW2014,118,117,0.003563930821239317,0.001550647480608535,0.005884718657679144,-0.018430397669795928,-0.010980914858148116,0.6,0.4,0.029383025761712648,0.9328366100333038,0.36363636363636365,0.5128205128205128,0.603448275862069,,,0.21641139499043086,False,True,continuous_membership_completeness_not_certified
2020-06-23,sw1_801050,801050,SW2014,118,115,-0.006834861367930434,-0.0018262704319062923,-0.0036986783454784344,-0.017309614484958935,-0.018122732845216927,0.4,0.4,0.028537493540368043,0.9081894232487335,0.32142857142857145,0.2956521739130435,0.41228070175438597,,,0.21587401196667538,False,True,continuous_membership_completeness_not_certified
2020-06-24,sw1_801050,801050,SW2014,118,116,-0.005244807548215518,-0.0030317965790532153,-0.0016456143756137243,-0.015982559720792877,-0.029107003190278924,0.4,0.4,0.02954058484913543,0.9431725945717817,0.40350877192982454,0.3706896551724138,0.43859649122807015,,,0.20111771983911167,False,True,continuous_membership_completeness_not_certified
2020-06-29,sw1_801050,801050,SW2014,118,116,-0.008666510706931035,-0.005806320212540897,-0.010656463486473422,-0.025603831027629642,-0.044165137839233815,0.2,0.3,0.026257000399298923,0.8410721780322302,0.1724137931034483,0.27586206896551724,0.34210526315789475,,,0.1915350670426526,False,True,continuous_membership_completeness_not_certified
2020-06-30,sw1_801050,801050,SW2014,118,116,0.01126547918975862,0.014680265373482326,-0.011493010459869502,-0.021850207644976916,-0.04597981137280427,0.2,0.3,0.025459198485721847,0.8196846336124387,0.1016949152542373,0.7844827586206896,0.42105263157894735,0.5333333333333333,0.0761904761904762,0.2185112472489736,False,True,continuous_membership_completeness_not_certified
2020-03-31,sw1_801120,801120,SW2014,38,38,0.055148425769578964,,,,,,,0.01790508394931231,,,0.9736842105263158,,,,0.2560238264317832,False,True,continuous_membership_completeness_not_certified
2020-04-01,sw1_801120,801120,SW2014,38,38,-0.02146067645392105,-0.005651913765406199,,,,,,0.016475334432417714,,,0.2631578947368421,,,,0.2725993924849548,False,True,continuous_membership_completeness_not_certified
2020-04-02,sw1_801120,801120,SW2014,38,38,-0.006687795870657895,0.02121104785520815,,,,,,0.011693600797920487,,,0.3157894736842105,,,,0.26531843082368534,False,True,continuous_membership_completeness_not_certified
2020-04-03,sw1_801120,801120,SW2014,38,38,0.006364542737105263,-0.004918783572428276,,,,,,0.012043048108813004,,,0.5789473684210527,,,,0.2657091957956598,False,True,continuous_membership_completeness_not_certified
2020-04-07,sw1_801120,801120,SW2014,38,38,0.04533038874707895,0.030858318247744793,,,,0.5,,0.014071373789435761,,,1.0,,,,0.25846415889432417,False,True,continuous_membership_completeness_not_certified
2020-04-08,sw1_801120,801120,SW2014,38,38,-0.01198517001218421,0.004714981186854975,-0.036268797729029245,,,0.4,,0.011440402580551954,,,0.2894736842105263,,,,0.21414840250917988,False,True,continuous_membership_completeness_not_certified
2020-04-09,sw1_801120,801120,SW2014,38,38,0.025453009752263157,0.00839151775262,-0.0026144772452421083,,,0.6,,0.01358386524473699,,,0.8421052631578947,,,,0.1966274544203227,False,True,continuous_membership_completeness_not_certified
2020-04-10,sw1_801120,801120,SW2014,38,38,-0.02589569379063157,-0.02306608080876878,0.022929176390641848,,,0.6,,0.011719600548549577,,,0.18421052631578946,,,,0.24500049087978662,False,True,continuous_membership_completeness_not_certified
2020-04-13,sw1_801120,801120,SW2014,38,38,-0.00158703503468421,-0.008427278477756086,0.018305606164072286,,,0.6,0.5,0.011371383211048913,,,0.47368421052631576,,,,0.2107492327769248,False,True,continuous_membership_completeness_not_certified
2020-04-14,sw1_801120,801120,SW2014,38,38,0.012523378240842107,0.017876127349393565,-0.0012799230658177008,-0.020391710376792105,,0.4,0.4444444444444444,0.010404293299387505,,,0.7631578947368421,,,,0.22458981253701704,False,True,continuous_membership_completeness_not_certified
2020-04-15,sw1_801120,801120,SW2014,38,38,-0.013716709410894735,-0.0061191976203415575,0.007743899389986431,-0.028017689695554404,,0.4,0.4,0.009807576603572909,,,0.18421052631578946,,,,0.21602604162634476,False,True,continuous_membership_completeness_not_certified
2020-04-16,sw1_801120,801120,SW2014,38,38,0.0005973496743157898,0.0041110734346034294,-0.012201914219539645,-0.015490875055944153,,0.2,0.4,0.010571499695316858,,,0.39473684210526316,,,,0.20484125950365753,False,True,continuous_membership_completeness_not_certified
2020-04-17,sw1_801120,801120,SW2014,38,38,-0.013655988348210525,-0.0005115569580373131,-0.022708980113463895,-0.0004936385104465923,,0.2,0.4,0.008347868896699142,,,0.07894736842105263,,,,0.18978652485232012,False,True,continuous_membership_completeness_not_certified
2020-04-20,sw1_801120,801120,SW2014,38,38,0.016131482365368422,0.011064553029121205,-0.02503565898914939,-0.0069963160346697695,,0.2,0.4,0.008719659067528921,,,0.8421052631578947,,,,0.2598180198067597,False,True,continuous_membership_completeness_not_certified
2020-04-21,sw1_801120,801120,SW2014,38,38,0.011331321969263158,-0.004944924711852536,-0.003199857169271958,-0.00447690750195795,,0.4,0.4,0.011222573113998482,,,0.631578947368421,,,,0.3376225416504796,False,True,continuous_membership_completeness_not_certified
2020-04-22,sw1_801120,801120,SW2014,38,38,0.05125536665565789,0.009154096648782278,0.04727476019577459,0.05497383395332878,,0.6,0.5,0.019531776935796632,,,0.9736842105263158,,,,0.31663940491792664,False,True,continuous_membership_completeness_not_certified
2020-04-23,sw1_801120,801120,SW2014,38,38,0.008631624323921056,-0.0035492038483605484,0.06360910906746398,0.04947801512516925,,0.8,0.5,0.0195148795307045,,,0.5526315789473685,,,,0.34934146337226246,False,True,continuous_membership_completeness_not_certified
2020-04-24,sw1_801120,801120,SW2014,38,38,-0.022910532616078946,-0.017522159996155636,0.07073409684239462,0.04703242650406603,,0.8,0.5,0.015542370611510809,,,0.21052631578947367,,,,0.3398105092089709,False,True,continuous_membership_completeness_not_certified
2020-04-27,sw1_801120,801120,SW2014,38,38,0.004848829881552632,-0.006930919863652491,0.07660316034189563,0.05227575333782286,0.03790386252643185,0.8,0.5,0.015171198806564272,,,0.5263157894736842,,,,0.26964518955663636,False,True,continuous_membership_completeness_not_certified
2020-04-28,sw1_801120,801120,SW2014,38,38,0.004012678721631578,-0.021366942336545278,0.08509573827683992,0.08204944616049237,0.06405688046153868,0.8,0.6,0.013300761144176367,,,0.5789473684210527,0.7368421052631579,,,0.25255903335330426,False,True,continuous_membership_completeness_not_certified
2020-04-29,sw1_801120,801120,SW2014,38,38,-0.016669846722605262,-0.001839351567117857,0.02801887027923322,0.07476977545605257,0.04812015159924732,0.6,0.6,0.01694775328401257,,,0.2631578947368421,0.6578947368421053,,,0.3123829363509871,False,True,continuous_membership_completeness_not_certified
2020-04-30,sw1_801120,801120,SW2014,38,37,-0.009762841752945948,0.021517666619976287,-0.013701876591264761,0.047201832556063694,0.03331430041204597,0.4,0.6,0.01318798716894561,,,0.35135135135135137,0.4864864864864865,,,0.25666357030482134,False,True,continuous_membership_completeness_not_certified
2020-05-06,sw1_801120,801120,SW2014,38,38,0.020641367075631575,0.018170074767111348,-0.006286186068820143,0.06467380006303447,0.06557836742007361,0.6,0.7,0.010933547666890617,,,0.868421052631579,0.5945945945945946,,,0.27423383047114036,False,True,continuous_membership_completeness_not_certified
2020-05-07,sw1_801120,801120,SW2014,38,38,0.018876852266263157,-0.002191672364604617,0.002896218503295467,0.08070625679489152,0.07632889829708023,0.6,0.7,0.01434725298043952,,,0.8157894736842105,0.8108108108108109,,,0.28186876873708155,False,True,continuous_membership_completeness_not_certified
2020-05-08,sw1_801120,801120,SW2014,38,38,0.01014871456068421,0.010511130451480727,-0.023912683100524967,0.0640819690225698,0.05945458878028953,0.4,0.6,0.013202246510579541,,,0.6842105263157895,0.7837837837837838,,,0.2679958347013829,False,True,continuous_membership_completeness_not_certified
2020-05-11,sw1_801120,801120,SW2014,38,38,-0.012149575285210528,-3.007784760270593e-05,-0.021108068363120625,0.008745333698056523,0.06403549119424201,0.4,0.5,0.01173537517589677,,,0.2631578947368421,0.7027027027027027,,,0.21947672866689547,False,True,continuous_membership_completeness_not_certified
2020-05-12,sw1_801120,801120,SW2014,38,38,0.024669338637394737,-0.0005799066457556468,0.03730723575347161,0.02175212819709227,0.07214180993388619,0.6,0.5,0.01465798976352468,,,0.8947368421052632,0.8648648648648649,,,0.20667263348848441,False,True,continuous_membership_completeness_not_certified
2020-05-13,sw1_801120,801120,SW2014,38,38,0.03333020706663158,0.005383788090509051,0.06341089907416708,0.05721070028901876,0.10801266751334504,0.6,0.6,0.01921635543432484,,,0.9473684210526315,0.9459459459459459,,,0.23135301404762154,False,True,continuous_membership_completeness_not_certified
2020-05-14,sw1_801120,801120,SW2014,38,38,-0.011605718364894735,-0.008134046282873337,0.03723732932279766,0.040774136472779166,0.09636279597612574,0.4,0.5,0.015165840331531321,,,0.3157894736842105,0.8378378378378378,,,0.21081953630758551,False,True,continuous_membership_completeness_not_certified
2020-05-15,sw1_801120,801120,SW2014,38,38,0.0025649526065789473,0.0020728232870210776,0.037806693649566014,0.01479045965406467,0.10123709493647115,0.6,0.5,0.012662962036239423,,,0.47368421052631576,0.8918918918918919,,,0.2629425192850229,False,True,continuous_membership_completeness_not_certified
2020-05-18,sw1_801120,801120,SW2014,38,38,0.021975076430447372,-0.004486857662509016,0.07806183928814059,0.05922794566769407,0.13969627858622746,0.8,0.6,0.015230538639230169,,,0.8157894736842105,0.8918918918918919,,,0.27704455029077346,False,True,continuous_membership_completeness_not_certified
2020-05-19,sw1_801120,801120,SW2014,38,38,0.016815570108078947,0.010584463651552222,0.058736996307110934,0.09996060855831801,0.15180894319433547,0.8,0.7,0.014659322513880128,,,0.7105263157894737,0.8648648648648649,,,0.2351039998819844,False,True,continuous_membership_completeness_not_certified
2020-05-20,sw1_801120,801120,SW2014,38,38,-0.02486759130492105,-0.008620434104932335,0.012812034971615538,0.07665257870169429,0.14677948017649167,0.6,0.6,0.013009522120096586,,,0.10526315789473684,0.8378378378378378,,,0.18663352156743368,False,True,continuous_membership_completeness_not_certified
2020-05-21,sw1_801120,801120,SW2014,38,38,-0.011321054998868423,-0.010023234992184818,0.014989369619722193,0.052497182420355504,0.1366102222632356,0.6,0.5,0.011878546878581262,,,0.2631578947368421,0.7567567567567568,,,0.1767580572654732,False,True,continuous_membership_completeness_not_certified
2020-05-22,sw1_801120,801120,SW2014,38,38,-0.020770816739052633,-0.01648862546072533,0.009937714898353045,0.04701422614560957,0.11241153093650191,0.4,0.5,0.011772825475392025,,,0.13157894736842105,0.5675675675675675,,,0.16380561720297643,False,True,continuous_membership_completeness_not_certified
2020-05-25,sw1_801120,801120,SW2014,38,38,0.04235396912686842,-0.0017058903944671096,0.02678751954318126,0.10474118795070719,0.11369574795195869,0.4,0.6,0.017645591776639692,,,0.9736842105263158,0.7837837837837838,,,0.25467160635668634,False,True,continuous_membership_completeness_not_certified
2020-05-26,sw1_801120,801120,SW2014,38,38,0.021312724450236843,0.019707333310958218,0.022422037292955443,0.08157348739726844,0.10474367718193822,0.4,0.6,0.016366208579877126,,,0.868421052631579,0.8648648648648649,,,0.23388896760165442,False,True,continuous_membership_completeness_not_certified
2020-05-27,sw1_801120,801120,SW2014,38,38,-0.0015663874323684213,-0.0026638392148997767,0.04053368922322653,0.05336578241302148,0.11366381041132323,0.6,0.6,0.01678954794949743,,,0.42105263157894735,0.8108108108108109,,,0.20292285962411327,False,True,continuous_membership_completeness_not_certified
2020-05-28,sw1_801120,801120,SW2014,38,38,-0.0265354387538421,-0.00452708772995396,0.019210195118476214,0.034194406164589464,0.07640504029547546,0.6,0.6,0.012945123195637977,,,0.21052631578947367,0.6486486486486487,,,0.20539410466042352,False,True,continuous_membership_completeness_not_certified
2020-05-29,sw1_801120,801120,SW2014,38,38,0.03069229449481579,0.006403124774236785,0.04932316062247777,0.05849584356300708,0.0766246181903465,0.8,0.6,0.015123742079668595,1.1412849648371641,0.6666666666666666,0.7894736842105263,0.7297297297297297,,,0.1732909565836855,False,True,continuous_membership_completeness_not_certified
2020-06-01,sw1_801120,801120,SW2014,38,38,0.03026874048526315,0.0265900955640659,0.008128591139721308,0.03615217870513665,0.10016156628203032,0.8,0.6,0.014046441217707935,1.0560629625213636,0.55,0.8421052631578947,0.8918918918918919,,,0.1976334367285702,False,True,continuous_membership_completeness_not_certified
2020-06-02,sw1_801120,801120,SW2014,38,38,-0.021683613990289473,0.004989383498690803,-0.02115074875256706,0.0018570323194140315,0.10335427862767266,0.6,0.5,0.017293764392087047,1.2865169961386278,0.8780487804878049,0.3157894736842105,0.8157894736842105,,,0.24357871838543488,False,True,continuous_membership_completeness_not_certified
2020-06-03,sw1_801120,801120,SW2014,38,38,-0.004080828120736842,0.0001946906597924639,-0.02664822415028323,0.014482375813876125,0.09398905616845954,0.4,0.5,0.01240874279957038,0.9329347896006276,0.35714285714285715,0.3157894736842105,0.7105263157894737,,,0.18444742481561507,False,True,continuous_membership_completeness_not_certified
2020-06-04,sw1_801120,801120,SW2014,38,38,0.015883040529710523,0.0029562784961571814,0.00946736635657719,0.029601549557474405,0.08540198541206445,0.6,0.6,0.016302710139406953,1.212790529693196,0.7674418604651163,0.7368421052631579,0.7894736842105263,,,0.2508958182038357,False,True,continuous_membership_completeness_not_certified
2020-06-05,sw1_801120,801120,SW2014,38,38,-0.019213780183473687,-0.0009848458136292406,-0.03377853406976539,0.014974133452675842,0.06466879379409285,0.4,0.6,0.014018498055829685,1.0319962546198764,0.5227272727272727,0.13157894736842105,0.7631578947368421,,,0.19081969043765382,False,True,continuous_membership_completeness_not_certified
2020-06-08,sw1_801120,801120,SW2014,38,38,-0.014350143681657896,-0.002547508617841274,-0.047747381435313874,-0.042164063911271255,0.0648203770422866,0.2,0.5,0.013049404649582189,0.9707707639904927,0.4222222222222222,0.18421052631578946,0.5,,,0.23456326919242854,False,True,continuous_membership_completeness_not_certified
2020-06-09,sw1_801120,801120,SW2014,38,38,0.009444582087789474,0.0038398073400163443,-0.01615305692606317,-0.03753365704021694,0.044242603863725805,0.4,0.5,0.012543253463792764,0.9430477946207408,0.34782608695652173,0.7105263157894737,0.5,,,0.2546079592107392,False,True,continuous_membership_completeness_not_certified
2020-06-10,sw1_801120,801120,SW2014,38,38,0.010447340358684212,-0.002828351725278576,0.0012821948832757446,-0.02536792081977879,0.028981129311725473,0.6,0.5,0.013065157422672714,0.9859377164182496,0.44680851063829785,0.631578947368421,0.5263157894736842,,,0.3181425393847884,False,True,continuous_membership_completeness_not_certified
2020-06-11,sw1_801120,801120,SW2014,38,38,-0.020597349352921047,-0.003726667266624608,-0.028022797770370533,-0.020045390614596093,0.014994162004752454,0.4,0.5,0.011135467906370123,0.8434525061660364,0.125,0.07894736842105263,0.3157894736842105,,,0.22674972792597511,False,True,continuous_membership_completeness_not_certified
2020-06-12,sw1_801120,801120,SW2014,38,38,0.00885314508318421,-8.027271056056817e-05,-0.0012866188026038339,-0.0348846441405245,0.023660423658650842,0.6,0.5,0.011102319900141272,0.8413961039500003,0.12244897959183673,0.7105263157894737,0.39473684210526316,,,0.2512455211440961,False,True,continuous_membership_completeness_not_certified
2020-06-15,sw1_801120,801120,SW2014,38,38,0.009930128127342105,-0.0022536268205978274,0.02289060512326313,-0.025603025797590773,0.009130648302934752,0.8,0.5,0.013421109987213414,1.0165777450419886,0.54,0.631578947368421,0.39473684210526316,,,0.334220069195525,False,True,continuous_membership_completeness_not_certified
2020-06-16,sw1_801120,801120,SW2014,38,38,0.017512616924973683,0.015994931690246225,0.018978294041282373,0.002471219804447866,0.004384227602071578,0.8,0.6,0.01169308745861228,0.8861677846895578,0.21568627450980393,0.8157894736842105,0.5,,,0.24720312435819664,False,True,continuous_membership_completeness_not_certified
2020-06-17,sw1_801120,801120,SW2014,38,38,0.0033060644777631576,0.0038717126727021607,0.004961286794269881,0.006269545186599057,0.021185591056974484,0.6,0.6,0.010964544683741724,0.8314039544685384,0.11538461538461539,0.6052631578947368,0.5526315789473685,,,0.269651915650162,False,True,continuous_membership_completeness_not_certified
2020-06-18,sw1_801120,801120,SW2014,38,38,-0.014867406064289474,-0.001690141070873828,0.00884897606404822,-0.019920661099320336,0.00866789097405496,0.6,0.5,0.008694016960740642,0.6623219500734648,0.018867924528301886,0.21052631578947367,0.39473684210526316,,,0.23539257924394127,False,True,continuous_membership_completeness_not_certified
2020-06-19,sw1_801120,801120,SW2014,38,38,0.012587941486973684,0.0037008473773595717,0.008801076586521184,0.0074307390249550576,0.023112840696262404,0.6,0.6,0.009993754408428441,0.7649164939326111,0.07407407407407407,0.6578947368421053,0.5526315789473685,,,0.2657180803064227,False,True,continuous_membership_completeness_not_certified
2020-06-22,sw1_801120,801120,SW2014,38,38,-0.013792465034578944,0.001550647480608535,-0.019244892597736207,0.003841759336058903,-0.03906427504943344,0.4,0.6,0.009592065246224786,0.734614290654007,0.05454545454545454,0.23684210526315788,0.42105263157894735,,,0.19637848790608345,False,True,continuous_membership_completeness_not_certified
2020-06-23,sw1_801120,801120,SW2014,38,38,0.010079597156078948,-0.0018262704319062923,-0.008627628775863427,0.01023296950693231,-0.02780672445959209,0.4,0.6,0.009738904938571385,0.7463102877174709,0.07142857142857142,0.6052631578947368,0.5,,,0.19807922324713562,False,True,continuous_membership_completeness_not_certified
2020-06-24,sw1_801120,801120,SW2014,38,38,-0.0067435391983421055,-0.0030317965790532153,-0.011698408632258905,-0.006962594774317488,-0.03270758980149835,0.4,0.5,0.010104798512338548,0.7755345108146301,0.12280701754385964,0.2631578947368421,0.42105263157894735,,,0.2451826496694128,False,True,continuous_membership_completeness_not_certified
2020-06-29,sw1_801120,801120,SW2014,38,38,0.009371004111684211,-0.005806320212540897,0.01670344156876713,0.02591657316808127,0.0060541121253949726,0.6,0.6,0.010878698147407991,0.8362104347094361,0.1724137931034483,0.6578947368421053,0.4473684210526316,,,0.312164246336618,False,True,continuous_membership_completeness_not_certified
2020-06-30,sw1_801120,801120,SW2014,38,38,0.024529566480868424,0.014680265373482326,0.017750028757110847,0.02710443239438387,-0.008835677825392851,0.6,0.6,0.01067756694027565,0.8227865810057945,0.1694915254237288,0.8947368421052632,0.6052631578947368,0.7837837837837838,0.16216216216216217,0.255461939289605,False,True,continuous_membership_completeness_not_certified
2020-03-31,sw1_801790,801790,SW2014,52,51,-0.006316516355901962,,,,,,,0.037542969333019385,,,0.1568627450980392,,,,0.3179074535334135,False,True,continuous_membership_completeness_not_certified
2020-04-01,sw1_801790,801790,SW2014,52,51,-0.005806845039803923,-0.005651913765406199,,,,,,0.04024608545626656,,,0.23529411764705882,,,,0.3206664268096419,False,True,continuous_membership_completeness_not_certified
2020-04-02,sw1_801790,801790,SW2014,52,51,0.01982955165468627,0.02121104785520815,,,,,,0.0401016448780271,,,0.9803921568627451,,,,0.3177065238490083,False,True,continuous_membership_completeness_not_certified
2020-04-03,sw1_801790,801790,SW2014,52,51,-0.01671194059139216,-0.004918783572428276,,,,,,0.03578432694552527,,,0.0392156862745098,,,,0.3088022466731967,False,True,continuous_membership_completeness_not_certified
2020-04-07,sw1_801790,801790,SW2014,52,51,0.02635614821815686,0.030858318247744793,,,,0.0,,0.04747643574645894,,,1.0,,,,0.27752488014670035,False,True,continuous_membership_completeness_not_certified
2020-04-08,sw1_801790,801790,SW2014,52,51,-0.006623254282862746,0.004714981186854975,-0.030074254615137797,,,0.0,,0.034932463487350796,,,0.13725490196078433,,,,0.28434611752840605,False,True,continuous_membership_completeness_not_certified
2020-04-09,sw1_801790,801790,SW2014,52,51,0.007867257677784316,0.00839151775262,-0.030874365246995383,,,0.0,,0.043864900759947666,,,0.8823529411764706,,,,0.24513823111672897,False,True,continuous_membership_completeness_not_certified
2020-04-10,sw1_801790,801790,SW2014,52,51,-0.015039680960784311,-0.02306608080876878,-0.020090451992257896,,,0.2,,0.0407505205984151,,,0.1568627450980392,,,,0.32467098498084135,False,True,continuous_membership_completeness_not_certified
2020-04-13,sw1_801790,801790,SW2014,52,51,-0.00950217753201961,-0.008427278477756086,-0.009213484493057589,,,0.2,0.125,0.03423207504943733,,,0.19607843137254902,,,,0.2897016776406954,False,True,continuous_membership_completeness_not_certified
2020-04-14,sw1_801790,801790,SW2014,52,51,0.022999690747725485,0.017876127349393565,0.00024923385126929265,-0.018112056269415477,,0.4,0.2222222222222222,0.05027628348978728,,,1.0,,,,0.3337178442362092,False,True,continuous_membership_completeness_not_certified
2020-04-15,sw1_801790,801790,SW2014,52,51,-0.01375190374635294,-0.0061191976203415575,0.0038509221035581964,-0.0258052894079126,,0.4,0.2,0.040064262048087024,,,0.058823529411764705,,,,0.3560675646778679,False,True,continuous_membership_completeness_not_certified
2020-04-16,sw1_801790,801790,SW2014,52,51,0.004992851347529412,0.0041110734346034294,0.005216368893243173,-0.025005602193810317,,0.6,0.3,0.04628499522614525,,,0.6862745098039216,,,,0.40709374906962087,False,True,continuous_membership_completeness_not_certified
2020-04-17,sw1_801790,801790,SW2014,52,51,0.000912795907,-0.0005115569580373131,-0.0014799700074989985,-0.021698557403865282,,0.6,0.4,0.04401822736931796,,,0.35294117647058826,,,,0.4038119334736537,False,True,continuous_membership_completeness_not_certified
2020-04-20,sw1_801790,801790,SW2014,52,51,0.00339824345545098,0.011064553029121205,-0.008177204180035424,-0.017655540523856317,,0.6,0.4,0.03542616705903015,,,0.6862745098039216,,,,0.3926306060024053,False,True,continuous_membership_completeness_not_certified
2020-04-21,sw1_801790,801790,SW2014,52,51,-0.018076732591490195,-0.004944924711852536,-0.026051799409780863,-0.025781609365663094,,0.4,0.4,0.03539469266117394,,,0.0392156862745098,,,,0.3451090565861975,False,True,continuous_membership_completeness_not_certified
2020-04-22,sw1_801790,801790,SW2014,52,51,0.004600550467823528,0.009154096648782278,-0.02328419398711923,-0.01917547415049181,,0.4,0.4,0.02947695274796393,,,0.7254901960784313,,,,0.3089833517378627,False,True,continuous_membership_completeness_not_certified
2020-04-23,sw1_801790,801790,SW2014,52,51,-0.009408302172509805,-0.0035492038483605484,-0.029778057587693807,-0.024182772961479304,,0.2,0.4,0.024114365787009897,,,0.1568627450980392,,,,0.31749895411974544,False,True,continuous_membership_completeness_not_certified
2020-04-24,sw1_801790,801790,SW2014,52,51,-0.02115392061654902,-0.017522159996155636,-0.03420490822508937,-0.035855518702486155,,0.0,0.3,0.03557303128110204,,,0.0392156862745098,,,,0.34827944129283905,False,True,continuous_membership_completeness_not_certified
2020-04-27,sw1_801790,801790,SW2014,53,51,-0.0064385098105882365,-0.006930919863652491,-0.025922896019167196,-0.03438143447680253,-0.057236774595260664,0.2,0.4,0.03239646607281224,,,0.23529411764705882,,,,0.3695193463640618,False,True,continuous_membership_completeness_not_certified
2020-04-28,sw1_801790,801790,SW2014,53,51,0.008896696780294118,-0.021366942336545278,0.0162944148164611,-0.009086386710088101,-0.026741490602594786,0.4,0.4,0.03805102481942745,,,0.8431372549019608,0.17647058823529413,,,0.3784744526872541,False,True,continuous_membership_completeness_not_certified
2020-04-29,sw1_801790,801790,SW2014,53,51,0.0025607599732745097,-0.001839351567117857,0.0247713337202059,0.002550807374948283,-0.022398460022783562,0.6,0.5,0.034232609285462026,,,0.5098039215686274,0.21568627450980393,,,0.3742851223699227,False,True,continuous_membership_completeness_not_certified
2020-04-30,sw1_801790,801790,SW2014,53,51,0.025799892589254907,0.021517666619976287,0.035515586406155375,0.005863020517482664,-0.018639872082952813,0.8,0.5,0.040416625895610764,,,0.9803921568627451,0.39215686274509803,,,0.31403155904843516,False,True,continuous_membership_completeness_not_certified
2020-05-06,sw1_801790,801790,SW2014,53,51,0.007538787052941176,0.018170074767111348,0.029726055014372532,-0.00598148180956215,-0.027744094068716696,0.8,0.4,0.03734067721684906,,,0.8235294117647058,0.49019607843137253,,,0.32387901819140263,False,True,continuous_membership_completeness_not_certified
2020-05-07,sw1_801790,801790,SW2014,53,51,-0.0023354443920588237,-0.002191672364604617,0.029200397037961068,0.0014705316547061198,-0.015972136660318714,0.6,0.4,0.03586309950326612,,,0.21568627450980393,0.47058823529411764,,,0.29623907553528267,False,True,continuous_membership_completeness_not_certified
2020-05-08,sw1_801790,801790,SW2014,53,51,0.0199931778832549,0.010511130451480727,0.0076493065682077255,0.024525707697758303,-0.0019576968231436176,0.6,0.5,0.05123038396621996,,,0.9411764705882353,0.9607843137254902,,,0.2587959870134926,False,True,continuous_membership_completeness_not_certified
2020-05-11,sw1_801790,801790,SW2014,53,51,-0.0023754632760980394,-3.007784760270593e-05,0.0005603097326263295,0.02652310174959127,0.0071007840685666235,0.4,0.5,0.0378640374267738,,,0.29411764705882354,0.8431372549019608,,,0.33722529019752157,False,True,continuous_membership_completeness_not_certified
2020-05-12,sw1_801790,801790,SW2014,53,51,-0.004690679295862745,-0.0005799066457556468,-0.007941815060268809,0.02842468008684329,0.0034392150255613263,0.2,0.5,0.03387781053624658,,,0.3137254901960784,0.803921568627451,,,0.30406256058627396,False,True,continuous_membership_completeness_not_certified
2020-05-13,sw1_801790,801790,SW2014,53,51,0.0024697515898627455,0.005383788090509051,-0.00017922648370527483,0.029929503905042898,-0.007774910756616071,0.2,0.5,0.030193034717325828,,,0.45098039215686275,0.7843137254901961,,,0.30771688302743094,False,True,continuous_membership_completeness_not_certified
2020-05-14,sw1_801790,801790,SW2014,53,51,-0.01468137905145098,-0.008134046282873337,-0.006680553944341749,0.02243940311204473,-0.013384905473737385,0.2,0.4,0.02911175421223782,,,0.0392156862745098,0.4117647058823529,,,0.32856352741696887,False,True,continuous_membership_completeness_not_certified
2020-05-15,sw1_801790,801790,SW2014,53,51,0.0032030926227450984,0.0020728232870210776,-0.014738395497833623,-0.007901494154438637,-0.01704007990407197,0.2,0.4,0.02903687658055043,,,0.45098039215686275,0.47058823529411764,,,0.2972633203852958,False,True,continuous_membership_completeness_not_certified
2020-05-18,sw1_801790,801790,SW2014,53,51,-0.004776242002352942,-0.004486857662509016,-0.012655249487610876,-0.012721281687116948,-0.009682797181144176,0.2,0.3,0.026627564727715845,,,0.19607843137254902,0.37254901960784315,,,0.3016693613778884,False,True,continuous_membership_completeness_not_certified
2020-05-19,sw1_801790,801790,SW2014,53,51,0.007266331597705883,0.010584463651552222,-0.011969644248576827,-0.020169742223844933,-0.01392658713865802,0.2,0.2,0.027002182874502446,,,0.8627450980392157,0.5490196078431373,,,0.30309495974136796,False,True,continuous_membership_completeness_not_certified
2020-05-20,sw1_801790,801790,SW2014,53,51,-0.004502842921294117,-0.008620434104932335,-0.004875484968160482,-0.005116181844668555,-0.011107318247135844,0.4,0.3,0.026473958757015265,,,0.23529411764705882,0.45098039215686275,,,0.3113615222057173,False,True,continuous_membership_completeness_not_certified
2020-05-21,sw1_801790,801790,SW2014,53,51,-0.011421311248098039,-0.010023234992184818,0.0002764327857055493,-0.0063333807809971,-0.004812080917270256,0.4,0.3,0.02665043956518516,,,0.0784313725490196,0.29411764705882354,,,0.3054751816173372,False,True,continuous_membership_completeness_not_certified
2020-05-22,sw1_801790,801790,SW2014,53,51,-0.02362151514770588,-0.01648862546072533,-0.00786000062303227,-0.022046107891003586,0.0010868100871876951,0.2,0.2,0.039141716178294074,,,0.0392156862745098,0.058823529411764705,,,0.36559400258904906,False,True,continuous_membership_completeness_not_certified
2020-05-25,sw1_801790,801790,SW2014,53,51,-0.005563986690941176,-0.0017058903944671096,-0.011335198585423312,-0.023449990276486865,0.0017030237581014962,0.2,0.2,0.03204399053258744,,,0.3333333333333333,0.0392156862745098,,,0.3735277605530189,False,True,continuous_membership_completeness_not_certified
2020-05-26,sw1_801790,801790,SW2014,53,51,0.01342510463837255,0.019707333310958218,-0.01424119932307466,-0.025907898810052954,0.0014635214422885623,0.2,0.2,0.025876324026122895,,,0.9607843137254902,0.11764705882352941,,,0.3045284543277431,False,True,continuous_membership_completeness_not_certified
2020-05-27,sw1_801790,801790,SW2014,53,51,-0.012683023775686275,-0.0026638392148997767,-0.028102276098479817,-0.03254066021999957,-0.004907255550580691,0.0,0.2,0.02221774089905307,,,0.0784313725490196,0.0392156862745098,,,0.3018694737593431,False,True,continuous_membership_completeness_not_certified
2020-05-28,sw1_801790,801790,SW2014,53,51,0.01830347375101961,-0.00452708772995396,-0.004712604717478475,-0.004389309243011175,0.01748918829175894,0.2,0.3,0.039538191851815216,,,0.9803921568627451,0.13725490196078433,,,0.28656183010685704,False,True,continuous_membership_completeness_not_certified
2020-05-29,sw1_801790,801790,SW2014,53,51,-0.00699410958292157,0.006403124774236785,-0.011001215568479772,-0.018591464235756194,-0.02709283038906629,0.2,0.2,0.0253184407473894,0.7132035667810687,0.05128205128205128,0.21568627450980393,0.09803921568627451,,,0.29026843174494105,False,True,continuous_membership_completeness_not_certified
2020-06-01,sw1_801790,801790,SW2014,53,51,0.04259180184496079,0.0265900955640659,0.008890948353202921,-0.0032988400291387165,-0.01635494970184115,0.4,0.3,0.04788522861077606,1.3461104349635449,0.95,1.0,0.8431372549019608,,,0.2503605956439074,False,True,continuous_membership_completeness_not_certified
2020-06-02,sw1_801790,801790,SW2014,53,51,0.001421193957764706,0.004989383498690803,0.011493224092749665,-0.0035511376717036747,-0.024021748850875158,0.4,0.3,0.04103723978656321,1.150189435439329,0.8292682926829268,0.3137254901960784,0.8627450980392157,,,0.3635137906668429,False,True,continuous_membership_completeness_not_certified
2020-06-03,sw1_801790,801790,SW2014,53,51,-0.010447429661901961,0.0001946906597924639,0.010898820106570284,-0.018585382475373224,-0.023798784125097727,0.4,0.2,0.04144834783521585,1.1582821691270864,0.8333333333333334,0.09803921568627451,0.6078431372549019,,,0.3866477906858731,False,True,continuous_membership_completeness_not_certified
2020-06-04,sw1_801790,801790,SW2014,53,52,-0.002231728912673076,0.0029562784961571814,-0.01794068593768894,-0.022657020007626816,-0.028989717496580303,0.2,0.2,0.030656257824091707,0.8592318602022515,0.27906976744186046,0.15384615384615385,0.45098039215686275,,,0.3657099279835202,False,True,continuous_membership_completeness_not_certified
2020-06-05,sw1_801790,801790,SW2014,53,52,0.012544910854326923,-0.0009848458136292406,0.00984758753983983,-0.001466690154559469,-0.02457501287855479,0.4,0.3,0.03802354443320266,1.0625753696886955,0.6136363636363636,0.9230769230769231,0.8431372549019608,,,0.28501035597523755,False,True,continuous_membership_completeness_not_certified
2020-06-08,sw1_801790,801790,SW2014,53,52,-0.0029819000125576927,-0.002547508617841274,-0.006432235386860219,0.00214677133332164,-0.022612448055647105,0.2,0.3,0.036813869257777646,1.0276396817711142,0.5333333333333333,0.23076923076923078,0.7450980392156863,,,0.3802062898268679,False,True,continuous_membership_completeness_not_certified
2020-06-09,sw1_801790,801790,SW2014,53,52,0.008509989996942307,0.0038398073400163443,0.0017826449205822215,0.013391016407795053,-0.01391852809913452,0.4,0.4,0.038924025574518455,1.0853502935788797,0.6521739130434783,0.9038461538461539,0.8627450980392157,,,0.2929412941514918,False,True,continuous_membership_completeness_not_certified
2020-06-10,sw1_801790,801790,SW2014,53,52,-0.007820962854230768,-0.002828351725278576,0.007483604812826616,0.01872160946517165,-0.015918630088688213,0.4,0.4,0.029151026589019212,0.8137354831538673,0.2127659574468085,0.11538461538461539,0.5490196078431373,,,0.28870613826442265,False,True,continuous_membership_completeness_not_certified
2020-06-11,sw1_801790,801790,SW2014,53,52,-0.005349574219403848,-0.003726667266624608,0.011000120211025588,-0.006568283960928012,-0.010974276271512151,0.4,0.3,0.035134139139347806,0.9818303748686612,0.4166666666666667,0.15384615384615385,0.43137254901960786,,,0.30396527351488595,False,True,continuous_membership_completeness_not_certified
2020-06-12,sw1_801790,801790,SW2014,53,52,-0.003161882361942308,-8.027271056056817e-05,-0.005485564216379024,0.004069113201185415,-0.015176134988896584,0.2,0.3,0.03557642242103168,0.9970865703297809,0.4897959183673469,0.15384615384615385,0.3137254901960784,,,0.3072458909423357,False,True,continuous_membership_completeness_not_certified
2020-06-15,sw1_801790,801790,SW2014,53,52,-0.0035906066320769234,-0.0022536268205978274,-0.0063825318677219745,-0.012770531513838446,-0.01626280700612015,0.2,0.2,0.03610950404648175,1.0090871375463202,0.54,0.17307692307692307,0.2549019607843137,,,0.3078539260257032,False,True,continuous_membership_completeness_not_certified
2020-06-16,sw1_801790,801790,SW2014,53,52,0.013354855450057695,0.015994931690246225,-0.013680898708816724,-0.011957364717386954,-0.015657819281842844,0.0,0.2,0.03692250552006694,1.0306722055524657,0.5686274509803921,0.9807692307692307,0.43137254901960786,,,0.42527201929938435,False,True,continuous_membership_completeness_not_certified
2020-06-17,sw1_801790,801790,SW2014,53,51,-0.0027708930159803928,0.0038717126727021607,-0.015391111956055914,-0.00792614440311068,-0.026801603437204724,0.0,0.2,0.02836797582340186,0.7927486205507408,0.15384615384615385,0.21568627450980393,0.4,,,0.3771339730391186,False,True,continuous_membership_completeness_not_certified
2020-06-18,sw1_801790,801790,SW2014,53,51,0.006592461927999999,-0.001690141070873828,-0.005476739471345082,0.005671481531173805,-0.017128406772650262,0.2,0.3,0.03672607191061423,1.0251888652794383,0.5471698113207547,0.8627450980392157,0.7,,,0.3340807071701566,False,True,continuous_membership_completeness_not_certified
2020-06-19,sw1_801790,801790,SW2014,53,51,0.02902332708778431,0.0037008473773595717,0.023303512397074844,0.01745753661916738,0.016846201337993083,0.4,0.3,0.0728062964693245,2.030117236874462,1.0,1.0,0.94,,,0.2765252716189391,False,True,continuous_membership_completeness_not_certified
2020-06-22,sw1_801790,801790,SW2014,53,51,0.017840979979235297,0.001550647480608535,0.04184876879441579,0.034837142669269516,0.03886686507526127,0.6,0.4,0.08350862630221192,2.3205670542261347,1.0,0.8627450980392157,0.94,,,0.24958419897778994,False,True,continuous_membership_completeness_not_certified
2020-06-23,sw1_801790,801790,SW2014,53,51,0.006534790938313726,-0.0018262704319062923,0.05263224516078013,0.038522536901912874,0.05392451596768111,0.8,0.4,0.05961161284876646,1.6508565936555584,0.9642857142857143,0.6862745098039216,0.9,,,0.27623521199797296,False,True,continuous_membership_completeness_not_certified
2020-06-24,sw1_801790,801790,SW2014,53,51,-0.006038688016078431,-0.0030317965790532153,0.05607995878648342,0.040617352437771315,0.06172313811614738,0.8,0.4,0.052611642362558116,1.444668808373237,0.9473684210526315,0.29411764705882354,0.86,,,0.27693412358145736,False,True,continuous_membership_completeness_not_certified
2020-06-29,sw1_801790,801790,SW2014,53,52,-0.0327839434098077,-0.005806320212540897,0.01893672331214369,0.013685748151440524,0.007439937165218957,0.6,0.4,0.061554254036625525,1.6760369632352565,0.9655172413793104,0.038461538461538464,0.42,,,0.2683846171442165,False,True,continuous_membership_completeness_not_certified
2020-06-30,sw1_801790,801790,SW2014,53,52,0.02430079739667308,0.014680265373482326,0.0034058578005149442,0.026982740403946215,0.0320309501387217,0.6,0.5,0.05558814335603128,1.5117810124091737,0.9322033898305084,0.9807692307692307,0.74,0.72,0.1,0.24960331534736552,False,True,continuous_membership_completeness_not_certified
2021-10-11,sw1_801080,801080,SW2021,343,338,0.0014515546061449702,,,,,,,0.07505552475984939,,,0.48520710059171596,,,,0.10493419179686284,False,True,continuous_membership_completeness_not_certified
2021-10-12,sw1_801080,801080,SW2021,343,338,-0.020914601011346155,-0.015896153092022865,,,,,,0.07836621187608338,,,0.1242603550295858,,,,0.10880821622657298,False,True,continuous_membership_completeness_not_certified
2021-10-13,sw1_801080,801080,SW2021,343,339,0.013346036358510324,0.003630334438454766,,,,,,0.07681102700611579,,,0.7581120943952803,,,,0.10575285856369322,False,True,continuous_membership_completeness_not_certified
2021-10-14,sw1_801080,801080,SW2021,343,339,0.0020926427219528023,0.005876882715872248,,,,,,0.07329258167035327,,,0.45427728613569324,,,,0.09302847403477009,False,True,continuous_membership_completeness_not_certified
2021-10-15,sw1_801080,801080,SW2021,345,340,0.004641196285785293,-0.007244475095818836,,,,0.5,,0.09588141962270698,,,0.47058823529411764,,,,0.12163125212617451,False,True,continuous_membership_completeness_not_certified
2021-10-18,sw1_801080,801080,SW2021,345,340,-0.002981542164455882,0.007058280959436604,0.0026196947808158066,,,0.4,,0.08495532782411849,,,0.43823529411764706,,,,0.12575098247319733,False,True,continuous_membership_completeness_not_certified
2021-10-19,sw1_801080,801080,SW2021,345,340,0.006736782178911763,0.004789066265661178,0.00986760043142687,,,0.6,,0.07742250594983388,,,0.5441176470588235,,,,0.11192773966526952,False,True,continuous_membership_completeness_not_certified
2021-10-20,sw1_801080,801080,SW2021,345,340,-0.0035563775323882354,-0.002026445414841791,-0.0014964374963206684,,,0.4,,0.0699618894698113,,,0.29705882352941176,,,,0.09752822906180827,False,True,continuous_membership_completeness_not_certified
2021-10-21,sw1_801080,801080,SW2021,345,341,-0.01138115037742229,-0.005240196214718693,-0.003889967617772827,,,0.4,0.375,0.07264184289494555,,,0.20234604105571846,,,,0.11730124419223771,False,True,continuous_membership_completeness_not_certified
2021-10-22,sw1_801080,801080,SW2021,345,341,0.004270566818419355,-0.008521070376240038,-0.0029740498931271064,0.009538147108340334,,0.4,0.4444444444444444,0.09116407481131739,,,0.5161290322580645,,,,0.1030109613740815,False,True,continuous_membership_completeness_not_certified
2021-10-25,sw1_801080,801080,SW2021,345,341,0.006707897942888563,0.006997765311276463,0.006736236820737318,0.009317386090582525,,0.4,0.4,0.0828982712008705,,,0.5513196480938416,,,,0.0943009435774147,False,True,continuous_membership_completeness_not_certified
2021-10-26,sw1_801080,801080,SW2021,345,341,0.007979340533859238,-0.003893391975520829,0.016579572048694424,0.026719733075928787,,0.4,0.5,0.1040272004496893,,,0.5865102639296188,,,,0.11158253279031019,False,True,continuous_membership_completeness_not_certified
2021-10-27,sw1_801080,801080,SW2021,345,341,-0.022684398558824048,-0.016951874037180827,0.012074548862725853,0.010702629374309658,,0.4,0.4,0.09066530102348583,,,0.16129032258064516,,,,0.09000357208905564,False,True,continuous_membership_completeness_not_certified
2021-10-28,sw1_801080,801080,SW2021,345,341,-0.0194113959104956,-0.018081859120011503,0.016631685524603146,0.012787103849552506,,0.4,0.4,0.09073573514996244,,,0.21700879765395895,,,,0.15983149074159525,False,True,continuous_membership_completeness_not_certified
2021-10-29,sw1_801080,801080,SW2021,346,341,0.022247941354536657,0.015480119830140976,0.010875180028848797,0.007874929695016464,,0.4,0.4,0.09286745696506454,,,0.8328445747800587,,,,0.12308628496708232,False,True,continuous_membership_completeness_not_certified
2021-11-01,sw1_801080,801080,SW2021,346,340,0.026076878795367645,0.01256022605514734,0.024570534972919722,0.031295649897791655,,0.6,0.5,0.10021968735196361,,,0.8470588235294118,,,,0.11581278373398302,False,True,continuous_membership_completeness_not_certified
2021-11-02,sw1_801080,801080,SW2021,346,340,0.0014556874899882355,-0.012285914781685062,0.026342684232447233,0.04269873914586797,,0.6,0.5,0.1118802475082558,,,0.4147058823529412,,,,0.10013567091695706,False,True,continuous_membership_completeness_not_certified
2021-11-03,sw1_801080,801080,SW2021,346,339,0.005334766189905605,0.006766259084317486,0.03155096318590833,0.04318844709373071,,0.6,0.5,0.10853526086227903,,,0.6224188790560472,,,,0.11594207255588483,False,True,continuous_membership_completeness_not_certified
2021-11-04,sw1_801080,801080,SW2021,346,340,0.02000084272745,0.014204362340577996,0.04015987718134051,0.05646812539400403,0.05266213874368186,0.8,0.6,0.10874325277221242,,,0.8764705882352941,,,,0.11965730663351423,False,True,continuous_membership_completeness_not_certified
2021-11-05,sw1_801080,801080,SW2021,349,340,0.00846344031302941,-0.004103338065660575,0.04563336823856212,0.05642448653436005,0.06550260141008113,0.8,0.6,0.11789509978062214,,,0.611764705882353,0.7062314540059347,,,0.11766738697825738,False,True,continuous_membership_completeness_not_certified
2021-11-08,sw1_801080,801080,SW2021,349,340,-0.0014902354668441175,0.005963474506305088,0.023709805592746047,0.04884897691850021,0.05808347263105074,0.6,0.6,0.10925788870800901,,,0.38529411764705884,0.6617210682492581,,,0.09545828838312605,False,True,continuous_membership_completeness_not_certified
2021-11-09,sw1_801080,801080,SW2021,349,340,0.016234293177632354,0.011230448811363975,0.014914044046989705,0.04226324539103232,0.07054170701282358,0.6,0.6,0.11533861901327419,,,0.7735294117647059,0.7988165680473372,,,0.08815631574518831,False,True,continuous_membership_completeness_not_certified
2021-11-10,sw1_801080,801080,SW2021,349,340,0.01585326673678235,0.006056070047668236,0.02662269385301963,0.06018298561392621,0.07077436953773852,0.8,0.7,0.11787792843515653,,,0.75,0.8757396449704142,,,0.09998143436694969,False,True,continuous_membership_completeness_not_certified
2021-11-11,sw1_801080,801080,SW2021,349,340,0.016145422465194115,0.010124137195013273,0.02677352174469072,0.070185525519179,0.08174245451360718,0.8,0.8,0.14213508322392818,,,0.7264705882352941,0.9112426035502958,,,0.09651635339968102,False,True,continuous_membership_completeness_not_certified
2021-11-12,sw1_801080,801080,SW2021,350,340,0.01398600431612941,0.010082401575793622,0.01789315445930728,0.06666447109887019,0.07417086956714747,0.8,0.8,0.1265315447444105,,,0.6970588235294117,0.9497041420118343,,,0.09046066720059627,False,True,continuous_membership_completeness_not_certified
2021-11-15,sw1_801080,801080,SW2021,351,342,0.004696307588777778,0.008990858437938606,0.021331210005697043,0.04689066718622992,0.08075480799780288,0.8,0.7,0.11365534781169821,,,0.5847953216374269,0.9378698224852071,,,0.08247655261692101,False,True,continuous_membership_completeness_not_certified
2021-11-16,sw1_801080,801080,SW2021,351,343,-0.014116793855093296,-0.0086356370887833,0.009989420298705198,0.025795662156416377,0.07142029470373656,0.6,0.6,0.11745744589381638,,,0.22448979591836735,0.8997050147492626,,,0.0985975514167712,False,True,continuous_membership_completeness_not_certified
2021-11-17,sw1_801080,801080,SW2021,351,343,0.01540878637044898,0.0139881823070984,0.0014403424563504963,0.02907820243479553,0.07584900671940487,0.6,0.7,0.10776421750220253,,,0.7725947521865889,0.9201183431952663,,,0.07781217094267162,False,True,continuous_membership_completeness_not_certified
2021-11-18,sw1_801080,801080,SW2021,351,343,-0.01370147555829446,-0.007236353394891522,-0.011213044125726102,0.015386376099113974,0.07531546796353417,0.4,0.6,0.10403081275442225,,,0.21574344023323616,0.8550295857988166,,,0.09052346825167275,False,True,continuous_membership_completeness_not_certified
2021-11-19,sw1_801080,801080,SW2021,352,345,0.015933193340362316,0.011653178040838746,-0.010863103934330542,0.00668942066377487,0.06708493573311114,0.4,0.6,0.10814753518979708,,,0.7681159420289855,0.8698224852071006,,,0.10386505133834859,False,True,continuous_membership_completeness_not_certified
2021-11-22,sw1_801080,801080,SW2021,352,345,0.031046994165460872,0.008817078369932268,0.015744453472121833,0.03855136643771595,0.09250066396446832,0.6,0.7,0.13606800781457484,,,0.8028985507246377,0.9467455621301775,,,0.0719776853754822,False,True,continuous_membership_completeness_not_certified
2021-11-23,sw1_801080,801080,SW2021,352,346,0.004773715896722544,0.004413655196942208,0.02215506663782718,0.03327756312433561,0.07993150628156576,0.8,0.7,0.12511434726916087,,,0.49710982658959535,0.9319526627218935,,,0.0784262651182488,False,True,continuous_membership_completeness_not_certified
2021-11-24,sw1_801080,801080,SW2021,352,346,0.0035164780302572246,0.004101107852485938,0.01987187609547303,0.022065181784737486,0.0878688716799203,0.6,0.6,0.11677379814864366,,,0.4595375722543353,0.9230769230769231,,,0.07919059367179582,False,True,continuous_membership_completeness_not_certified
2021-11-25,sw1_801080,801080,SW2021,352,346,-0.00202236218882948,0.00020606775256391322,0.02454673212923164,0.013147047061945027,0.08844876356695397,0.6,0.5,0.12357960187815221,,,0.3988439306358382,0.9023668639053254,,,0.07698855397585339,False,True,continuous_membership_completeness_not_certified
2021-11-26,sw1_801080,801080,SW2021,353,346,-0.012026827662528904,-0.0024240706390568486,0.009863445889268796,-0.001087486409145022,0.06771137512036085,0.4,0.4,0.11200461264817134,,,0.22832369942196531,0.8076923076923077,,,0.06700287313931981,False,True,continuous_membership_completeness_not_certified
2021-11-29,sw1_801080,801080,SW2021,353,346,0.002727657675138729,-0.0005580528978477043,-0.008856512757407065,0.0066750325235434005,0.0554080428446202,0.4,0.5,0.10065594605550886,,,0.4277456647398844,0.742603550295858,,,0.07520854998952843,False,True,continuous_membership_completeness_not_certified
2021-11-30,sw1_801080,801080,SW2021,353,347,0.0061053889423515854,0.00782974013499794,-0.010955880197013101,0.010809839303095314,0.03862231905095981,0.2,0.5,0.10425793338832924,,,0.5965417867435159,0.7633136094674556,,,0.0833949310303069,False,True,continuous_membership_completeness_not_certified
2021-12-01,sw1_801080,801080,SW2021,353,347,0.007690742172466858,0.009899460742919008,-0.012631270881787726,0.0070115374223427285,0.03786265503994901,0.2,0.4,0.10458651109414284,,,0.6570605187319885,0.7699115044247787,,,0.09546274759198618,False,True,continuous_membership_completeness_not_certified
2021-12-02,sw1_801080,801080,SW2021,353,348,-0.016632605105683908,-0.011124550166912262,-0.015807531245769835,0.007970478079899035,0.024364106503891758,0.2,0.4,0.10895401644361738,,,0.20689655172413793,0.6224188790560472,,,0.11779670150693278,False,True,continuous_membership_completeness_not_certified
2021-12-03,sw1_801080,801080,SW2021,354,347,0.008372151347325647,0.0038499429231010455,-0.001725849730475515,0.008191009465721377,0.015624930823796346,0.4,0.4,0.11560802752946457,1.0888404131565033,0.7692307692307693,0.6426512968299711,0.6597633136094675,,,0.11555059158531812,False,True,continuous_membership_completeness_not_certified
2021-12-06,sw1_801080,801080,SW2021,354,348,-0.023792083968479885,-0.014993001511539768,-0.013802384898326636,-0.02257338083848137,0.01363718601241648,0.2,0.3,0.09898583144401686,0.9464493117560393,0.35,0.14655172413793102,0.378698224852071,,,0.06706148331738135,False,True,continuous_membership_completeness_not_certified
2021-12-07,sw1_801080,801080,SW2021,354,348,-0.024798901521103443,-0.006527177315801572,-0.02977090639161506,-0.040465361476190065,-0.011275239456968178,0.2,0.2,0.09674099393735766,0.926440673843033,0.34146341463414637,0.10344827586206896,0.21893491124260356,,,0.0750116201634873,False,True,continuous_membership_completeness_not_certified
2021-12-08,sw1_801080,801080,SW2021,354,348,0.020248737128520114,0.011935448816710601,-0.019893920921137176,-0.032357367661568825,-0.012915387361433162,0.4,0.3,0.1050750419342712,1.004671069290079,0.5238095238095238,0.8879310344827587,0.3136094674556213,,,0.12736288497301282,False,True,continuous_membership_completeness_not_certified
2021-12-09,sw1_801080,801080,SW2021,354,348,0.007445093423442529,0.004780161224562276,-0.012122437492400717,-0.02776195107096735,-0.01625665552216682,0.6,0.4,0.11120077708759044,1.0607646035372076,0.6744186046511628,0.6091954022988506,0.40412979351032446,,,0.16186871238219414,False,True,continuous_membership_completeness_not_certified
2021-12-10,sw1_801080,801080,SW2021,357,347,0.0005896077196455333,0.003792381974408627,-0.019680438665925615,-0.021562963183025086,-0.023371917591765046,0.4,0.4,0.10827588873931034,1.0304624842028747,0.5681818181818182,0.45821325648414984,0.38823529411764707,,,0.14824644514582447,False,True,continuous_membership_completeness_not_certified
2021-12-13,sw1_801080,801080,SW2021,357,348,0.005340592525933908,0.004266657841848119,-0.009990588260949895,-0.023859719027282233,-0.017834866496223123,0.6,0.4,0.09035334061239422,0.8618970842035996,0.2,0.5086206896551724,0.41642228739002934,,,0.11012198166029487,False,True,continuous_membership_completeness_not_certified
2021-12-14,sw1_801080,801080,SW2021,357,348,0.006937547710813219,0.005907435550648319,0.010077825004439989,-0.021108288170010203,-0.011275138218175496,0.8,0.5,0.08966047423096678,0.857285258806076,0.1956521739130435,0.6206896551724138,0.4604105571847507,,,0.09565461221759468,False,True,continuous_membership_completeness_not_certified
2021-12-15,sw1_801080,801080,SW2021,357,348,-0.004564439850741379,0.0015865977449967103,-0.004698650520953418,-0.02482698165337338,-0.018889512144811826,0.6,0.5,0.09142836239140714,0.875564227891928,0.2978723404255319,0.3160919540229885,0.45321637426900585,,,0.0728770297879123,False,True,continuous_membership_completeness_not_certified
2021-12-16,sw1_801080,801080,SW2021,357,348,0.003687547372554597,0.008550238640665765,-0.01231638016170522,-0.024569856845340743,-0.017423741801365855,0.4,0.5,0.08492117306015574,0.814529602690762,0.16666666666666666,0.5919540229885057,0.4752186588921283,,,0.07927328076113252,False,True,continuous_membership_completeness_not_certified
2021-12-17,sw1_801080,801080,SW2021,358,348,-0.020261787895206895,-0.007751453568705256,-0.021625755562248883,-0.04110072589609559,-0.034185989099139835,0.4,0.4,0.08896512398131541,0.8542480151120869,0.20408163265306123,0.13505747126436782,0.311046511627907,,,0.07748279762959623,False,True,continuous_membership_completeness_not_certified
2021-12-20,sw1_801080,801080,SW2021,358,348,-0.01943055829392816,-0.01019470999873254,-0.03146097721650265,-0.04169241594433104,-0.0637289988812424,0.2,0.4,0.08026257350787541,0.7715269292122638,0.14,0.14655172413793102,0.2180232558139535,,,0.1212363428274972,False,True,continuous_membership_completeness_not_certified
2021-12-21,sw1_801080,801080,SW2021,358,348,0.014034539372945402,0.015525018478327112,-0.034190603556878085,-0.025442938325102693,-0.06619374475253104,0.0,0.4,0.0782801197206815,0.7524835839308549,0.11764705882352941,0.8045977011494253,0.29941860465116277,,,0.10532538130240096,False,True,continuous_membership_completeness_not_certified
2021-12-22,sw1_801080,801080,SW2021,358,348,0.014759904822908045,0.004356061498741481,-0.01808153618929198,-0.02311414310827309,-0.055674252774064126,0.2,0.4,0.10522768983270656,1.0115050247767428,0.5769230769230769,0.7183908045977011,0.41569767441860467,,,0.13515573698641647,False,True,continuous_membership_completeness_not_certified
2021-12-23,sw1_801080,801080,SW2021,358,349,-0.0021305690894527223,-0.005350303827526085,-0.0099085892634877,-0.022299177279230142,-0.05006528946696032,0.4,0.4,0.08840398903400094,0.8498013383149421,0.22641509433962265,0.35816618911174786,0.42441860465116277,,,0.09515465920178012,False,True,continuous_membership_completeness_not_certified
2021-12-24,sw1_801080,801080,SW2021,361,350,-0.019280223197539997,-0.01697854661705604,0.00034508509100439344,-0.021004837433952206,-0.042283235118636076,0.4,0.4,0.08393678944954268,0.8068734819999029,0.18518518518518517,0.2,0.3159420289855073,,,0.08959228146605822,False,True,continuous_membership_completeness_not_certified
2021-12-27,sw1_801080,801080,SW2021,361,350,-0.0009258905568257145,0.00469412478212787,0.0041313650635621535,-0.027529303602478183,-0.05109930098976412,0.4,0.3,0.07807023005831558,0.7628398467709984,0.10909090909090909,0.4828571428571429,0.3159420289855073,,,0.08724567464272746,False,True,continuous_membership_completeness_not_certified
2021-12-28,sw1_801080,801080,SW2021,361,351,0.010291771085324785,0.006482790150974234,0.00933929965647129,-0.02486212527687237,-0.045741223601250325,0.6,0.3,0.07814170580759494,0.7763247862625228,0.125,0.7407407407407407,0.3901734104046243,,,0.08936349556981246,False,True,continuous_membership_completeness_not_certified
2021-12-29,sw1_801080,801080,SW2021,361,353,-0.00882604535407932,-0.0005642221177191349,-0.009093804762058566,-0.026890442710389095,-0.05109326926807334,0.4,0.3,0.07847227724873833,0.7813021013808955,0.17543859649122806,0.2719546742209632,0.32947976878612717,,,0.09329120119775412,False,True,continuous_membership_completeness_not_certified
2021-12-30,sw1_801080,801080,SW2021,361,353,0.017883456612900847,0.010157634858109678,-0.0048636564790006664,-0.014741741481686166,-0.03928824466647618,0.4,0.4,0.0934217513738941,0.9321696549082646,0.43103448275862066,0.8073654390934845,0.5028901734104047,,,0.10833357540668473,False,True,continuous_membership_completeness_not_certified
2021-12-31,sw1_801080,801080,SW2021,361,353,0.0006812605927393768,0.0062364765473344975,-0.008236369965644252,-0.007778469608039185,-0.04922347123008297,0.4,0.4,0.08035515843833527,0.8067563481575256,0.2033898305084746,0.49575070821529743,0.5331412103746398,0.6526946107784432,0.041916167664670656,0.08896633405030786,False,True,continuous_membership_completeness_not_certified
2021-10-11,sw1_801780,801780,SW2021,41,41,0.015239617129195117,,,,,,,0.02367956149260685,,,0.975609756097561,,,,0.4694738922009261,False,True,continuous_membership_completeness_not_certified
2021-10-12,sw1_801780,801780,SW2021,41,41,-0.0033852771305365854,-0.015896153092022865,,,,,,0.018233461068073626,,,0.24390243902439024,,,,0.39508591684729505,False,True,continuous_membership_completeness_not_certified
2021-10-13,sw1_801780,801780,SW2021,41,41,0.0040651117587317065,0.003630334438454766,,,,,,0.01515761989480228,,,0.4878048780487805,,,,0.3904360899171201,False,True,continuous_membership_completeness_not_certified
2021-10-14,sw1_801780,801780,SW2021,41,41,-0.009320023726463416,0.005876882715872248,,,,,,0.012816473525613822,,,0.024390243902439025,,,,0.384248770751939,False,True,continuous_membership_completeness_not_certified
2021-10-15,sw1_801780,801780,SW2021,41,41,0.002241252510073171,-0.007244475095818836,,,,0.75,,0.014334004249197549,,,0.4146341463414634,,,,0.40935346805157913,False,True,continuous_membership_completeness_not_certified
2021-10-18,sw1_801780,801780,SW2021,41,41,-0.0010114267299268292,0.007058280959436604,-0.000688381648235481,,,0.6,,0.01437632076381363,,,0.3170731707317073,,,,0.3953976283482618,False,True,continuous_membership_completeness_not_certified
2021-10-19,sw1_801780,801780,SW2021,41,41,0.0050085116600243895,0.004789066265661178,-0.013206133757628802,,,0.6,,0.013494662437288535,,,0.6585365853658537,,,,0.3946418670363586,False,True,continuous_membership_completeness_not_certified
2021-10-20,sw1_801780,801780,SW2021,41,41,-0.006496112275170733,-0.002026445414841791,-0.018018320857343895,,,0.4,,0.011352934678505781,,,0.07317073170731707,,,,0.3643857647226794,False,True,continuous_membership_completeness_not_certified
2021-10-21,sw1_801780,801780,SW2021,41,41,0.019300916914073173,-0.005240196214718693,0.02173923019218038,,,0.6,0.625,0.02226594314283219,,,1.0,,,,0.4146706546247097,False,True,continuous_membership_completeness_not_certified
2021-10-22,sw1_801780,801780,SW2021,41,41,-0.0023676899054878046,-0.008521070376240038,0.01833560640850873,0.025466292933237766,,0.6,0.6666666666666666,0.017819486891934404,,,0.36585365853658536,,,,0.3974487165983782,False,True,continuous_membership_completeness_not_certified
2021-10-25,sw1_801780,801780,SW2021,41,41,-0.002663206281365854,0.006997765311276463,0.016718335604420265,0.0159083245975129,,0.6,0.6,0.015123774294491195,,,0.2926829268292683,,,,0.42704163681809965,False,True,continuous_membership_completeness_not_certified
2021-10-26,sw1_801780,801780,SW2021,41,41,-5.7249651365853636e-05,-0.003893391975520829,0.020219933567728998,0.007199868505859852,,0.6,0.6,0.015283120395103919,,,0.3170731707317073,,,,0.44204510005520564,False,True,continuous_membership_completeness_not_certified
2021-10-27,sw1_801780,801780,SW2021,41,41,-0.011885536432853658,-0.016951874037180827,0.02952040357243002,0.011712988602465502,,0.8,0.6,0.013648177144682104,,,0.04878048780487805,,,,0.3778933842506974,False,True,continuous_membership_completeness_not_certified
2021-10-28,sw1_801780,801780,SW2021,41,41,-0.00878035222002439,-0.018081859120011503,0.014468813277640047,0.0356132320441267,,0.8,0.7,0.01107568303955967,,,0.04878048780487805,,,,0.34404889013830486,False,True,continuous_membership_completeness_not_certified
2021-10-29,sw1_801780,801780,SW2021,41,41,-0.0022721060394878044,0.015480119830140976,-0.008676808641415068,0.009227131946483835,,0.6,0.6,0.014474155341612156,,,0.43902439024390244,,,,0.4099862294374107,False,True,continuous_membership_completeness_not_certified
2021-11-01,sw1_801780,801780,SW2021,41,41,0.008100026782000001,0.01256022605514734,-0.0035906195409943775,0.012892799196493776,,0.6,0.6,0.017266039707046897,,,0.7560975609756098,,,,0.32101816398710303,False,True,continuous_membership_completeness_not_certified
2021-11-02,sw1_801780,801780,SW2021,41,41,-0.020937353530731707,-0.012285914781685062,-0.015830399752362667,0.003872610003196497,,0.4,0.5,0.021238700642889123,,,0.0,,,,0.4744823322531196,False,True,continuous_membership_completeness_not_certified
2021-11-03,sw1_801780,801780,SW2021,41,41,0.0005112622921463414,0.006766259084317486,-0.027382457761609524,0.0021989770887247406,,0.2,0.5,0.014064062048416598,,,0.43902439024390244,,,,0.4382305236280927,False,True,continuous_membership_completeness_not_certified
2021-11-04,sw1_801780,801780,SW2021,41,41,-0.0037182944974634147,0.014204362340577996,-0.05540686075113388,-0.038987725641199567,-0.020055910282281042,0.0,0.4,0.011545651153105813,,,0.1951219512195122,,,,0.4544819770938807,False,True,continuous_membership_completeness_not_certified
2021-11-05,sw1_801780,801780,SW2021,41,41,-0.0067370643559999995,-0.004103338065660575,-0.03980118549777922,-0.04761274050531272,-0.022518467222022887,0.0,0.3,0.01050199555926789,,,0.12195121951219512,0.07317073170731707,,,0.424931353920181,False,True,continuous_membership_completeness_not_certified
2021-11-08,sw1_801780,801780,SW2021,41,41,-0.0015648513113414638,0.005963474506305088,-0.04254412733953494,-0.04553690053236159,-0.029878036141277597,0.0,0.3,0.01239391970239646,,,0.2926829268292683,0.04878048780487805,,,0.454297211619244,False,True,continuous_membership_completeness_not_certified
2021-11-09,sw1_801780,801780,SW2021,41,41,-0.00027654943326829257,0.011230448811363975,-0.046176233235535546,-0.060912521784570295,-0.054126363648144604,0.0,0.2,0.011285109029513896,,,0.4146341463414634,0.024390243902439025,,,0.48976188410837646,False,True,continuous_membership_completeness_not_certified
2021-11-10,sw1_801780,801780,SW2021,41,41,-0.0001827498523170732,0.006056070047668236,-0.04613203940380062,-0.07335792506347683,-0.06064710243711113,0.0,0.1,0.01216396939181578,,,0.2682926829268293,0.04878048780487805,,,0.4748452925163378,False,True,continuous_membership_completeness_not_certified
2021-11-11,sw1_801780,801780,SW2021,41,41,0.016696196317146344,0.010124137195013273,-0.02173745488909229,-0.07838090349701665,-0.0398086348262876,0.2,0.1,0.018335343327708375,,,1.0,0.24390243902439024,,,0.5323506982733344,False,True,continuous_membership_completeness_not_certified
2021-11-12,sw1_801780,801780,SW2021,41,41,-0.004434211188121952,0.010082401575793622,-0.03406586324068828,-0.07484971378339911,-0.0641905288558694,0.2,0.1,0.01056411075217437,,,0.07317073170731707,0.14634146341463414,,,0.4140930858521456,False,True,continuous_membership_completeness_not_certified
2021-11-15,sw1_801780,801780,SW2021,41,41,0.004000761466487805,0.008990858437938606,-0.03157747592633475,-0.07512011952293762,-0.06129058331364168,0.2,0.1,0.008739449466805722,,,0.7317073170731707,0.24390243902439024,,,0.410177820561229,False,True,continuous_membership_completeness_not_certified
2021-11-16,sw1_801780,801780,SW2021,41,41,-0.006350676024609756,-0.0086356370887833,-0.017173466378399338,-0.06438421973069652,-0.05845337111225879,0.4,0.2,0.008893302969870742,,,0.07317073170731707,0.12195121951219512,,,0.38285613517725736,False,True,continuous_membership_completeness_not_certified
2021-11-17,sw1_801780,801780,SW2021,41,41,-0.004423409087463415,0.0139881823070984,-0.02955106383527606,-0.07692424163909117,-0.07292746535830774,0.4,0.2,0.00948922584803266,,,0.12195121951219512,0.0975609756097561,,,0.3885102635134056,False,True,continuous_membership_completeness_not_certified
2021-11-18,sw1_801780,801780,SW2021,41,41,-0.005013135937853659,-0.007236353394891522,-0.03323166621890028,-0.05559976503429398,-0.09400753162139996,0.4,0.3,0.008802754785536934,,,0.07317073170731707,0.07317073170731707,,,0.4296800852328014,False,True,continuous_membership_completeness_not_certified
2021-11-19,sw1_801780,801780,SW2021,41,41,0.010565244069268294,0.011653178040838746,-0.019990376493335238,-0.05489474443506648,-0.10292348766903514,0.4,0.3,0.011263999352621831,,,0.975609756097561,0.3170731707317073,,,0.40510605985812737,False,True,continuous_membership_completeness_not_certified
2021-11-22,sw1_801780,801780,SW2021,41,41,-0.00658854671195122,0.008817078369932268,-0.030348052312081042,-0.06298796110733518,-0.10862632584095444,0.4,0.3,0.010781831034331413,,,0.04878048780487805,0.24390243902439024,,,0.45094150606145667,False,True,continuous_membership_completeness_not_certified
2021-11-23,sw1_801780,801780,SW2021,41,41,0.0027417242201463413,0.004413655196942208,-0.03471238748171113,-0.05276680801695144,-0.11483398649057874,0.2,0.3,0.010497294658475872,,,0.6585365853658537,0.3902439024390244,,,0.47587102130505526,False,True,continuous_membership_completeness_not_certified
2021-11-24,sw1_801780,801780,SW2021,41,40,0.001691409874875,0.004101107852485938,-0.01852602868739006,-0.048820788665880244,-0.12465902214845537,0.2,0.3,0.008785954106622326,,,0.575,0.45,,,0.46430447775473915,False,True,continuous_membership_completeness_not_certified
2021-11-25,sw1_801780,801780,SW2021,41,40,-0.0021762695927,0.00020606775256391322,-0.023325785666115317,-0.057160873992547545,-0.13861745496140399,0.0,0.2,0.006809789864161232,,,0.175,0.425,,,0.4252308734054189,False,True,continuous_membership_completeness_not_certified
2021-11-26,sw1_801780,801780,SW2021,41,40,-0.005630562026374999,-0.0024240706390568486,-0.02512561643183331,-0.04538588041573166,-0.12220391443211587,0.0,0.2,0.01108004452303745,,,0.05,0.325,,,0.5501820649669883,False,True,continuous_membership_completeness_not_certified
2021-11-29,sw1_801780,801780,SW2021,41,40,-0.004368218862775001,-0.0005580528978477043,-0.013478666833089625,-0.04384088010248466,-0.1200473156479579,0.0,0.2,0.011236268592480659,,,0.15,0.225,,,0.48823015297796907,False,True,continuous_membership_completeness_not_certified
2021-11-30,sw1_801780,801780,SW2021,41,40,1.2608001575000027e-05,0.00782974013499794,-0.019599817424608146,-0.054574754097526434,-0.12149732198063912,0.0,0.1,0.0097558361481038,,,0.325,0.2,,,0.4489196707982585,False,True,continuous_membership_completeness_not_certified
2021-12-01,sw1_801780,801780,SW2021,41,40,0.006845444615374999,0.009899460742919008,-0.020335764700595615,-0.039206603123821404,-0.11870641409890559,0.0,0.1,0.009580220910177071,,,0.925,0.475,,,0.430201851605944,False,True,continuous_membership_completeness_not_certified
2021-12-02,sw1_801780,801780,SW2021,41,41,-0.0002688785710243903,-0.011124550166912262,-0.006936444090792415,-0.03038627823119322,-0.08756786321347232,0.2,0.1,0.012681219045995456,,,0.4146341463414634,0.5,,,0.42787751933031565,False,True,continuous_membership_completeness_not_certified
2021-12-03,sw1_801780,801780,SW2021,41,41,0.0039461764761951216,0.0038499429231010455,-0.0036498992545199727,-0.02898528042570281,-0.08551359881726306,0.4,0.2,0.011836673229869333,0.9863630250612236,0.48717948717948717,0.6585365853658537,0.575,,,0.4175459512944235,False,True,continuous_membership_completeness_not_certified
2021-12-06,sw1_801780,801780,SW2021,41,41,0.003203449970634147,-0.014993001511539768,0.018586203174224214,0.005028143778899041,-0.05799885560659912,0.6,0.3,0.017126785458591087,1.4079931399789951,0.825,0.4634146341463415,0.65,,,0.4607020473092259,False,True,continuous_membership_completeness_not_certified
2021-12-07,sw1_801780,801780,SW2021,41,41,0.005511380946487806,-0.006527177315801572,0.03833792555040161,0.01870939381755865,-0.03340412817296956,0.8,0.4,0.01824299927305739,1.485713955549776,0.9024390243902439,0.7804878048780488,0.85,,,0.4820099200968748,False,True,continuous_membership_completeness_not_certified
2021-12-08,sw1_801780,801780,SW2021,41,41,-0.0011473987850000003,0.011935448816710601,0.028267851143102596,0.008126224476943,-0.04051394372853179,0.8,0.4,0.014824443671513999,1.1961061574933052,0.7142857142857143,0.24390243902439024,0.725,,,0.4456414067010234,False,True,continuous_membership_completeness_not_certified
2021-12-09,sw1_801780,801780,SW2021,41,41,0.010182258477756096,0.004780161224562276,0.02302931613659609,0.01602153719083943,-0.04143241299723677,0.8,0.5,0.018870841662141317,1.5051435488748006,0.9302325581395349,0.975609756097561,0.975,,,0.41842493743845705,False,True,continuous_membership_completeness_not_certified
2021-12-10,sw1_801780,801780,SW2021,42,41,-0.0054715526629756095,0.003792381974408627,0.013500899533523292,0.009938476310662692,-0.03594735281055983,0.6,0.5,0.016401523085747948,1.2933711677291237,0.7727272727272727,0.12195121951219512,0.85,,,0.3550179073452156,False,True,continuous_membership_completeness_not_certified
2021-12-13,sw1_801780,801780,SW2021,42,41,-0.00542447048497561,0.004266657841848119,-0.014733612110710004,0.003989312290161973,-0.04051758411517592,0.4,0.5,0.0158092405541811,1.2400526447466933,0.7555555555555555,0.07317073170731707,0.675,,,0.4305686718781939,False,True,continuous_membership_completeness_not_certified
2021-12-14,sw1_801780,801780,SW2021,42,41,-0.008061308322878049,0.005907435550648319,-0.041025224734650534,-0.0022920706484299558,-0.057463183795607,0.2,0.5,0.016938789763820933,1.321642004719054,0.782608695652174,0.07317073170731707,0.325,,,0.4961988419843552,False,True,continuous_membership_completeness_not_certified
2021-12-15,sw1_801780,801780,SW2021,42,41,-0.00041247446056097566,0.0015865977449967103,-0.029752591793725247,-0.0012409994433926208,-0.04056882654231864,0.2,0.5,0.011420483038823266,0.8958052189820145,0.3829787234042553,0.2682926829268293,0.375,,,0.46497653708037073,False,True,continuous_membership_completeness_not_certified
2021-12-16,sw1_801780,801780,SW2021,42,41,0.004830008579536586,0.008550238640665765,-0.03883087741943103,-0.016089909145772685,-0.04722194864068707,0.0,0.4,0.011460333853620467,0.9037249346496757,0.3958333333333333,0.8780487804878049,0.475,,,0.4095213476764982,False,True,continuous_membership_completeness_not_certified
2021-12-17,sw1_801780,801780,SW2021,42,41,-0.0040615003955853666,-0.007751453568705256,-0.025653692454805532,-0.012298098830239357,-0.04156304830563129,0.2,0.4,0.01078389704788616,0.8601266103524742,0.24489795918367346,0.07317073170731707,0.375,,,0.4110477938533264,False,True,continuous_membership_completeness_not_certified
2021-12-20,sw1_801780,801780,SW2021,42,41,-0.005846956067536586,-0.01019470999873254,-0.011492363195694022,-0.026236864937715598,-0.021283155906265616,0.4,0.4,0.011090302482032459,0.8948180033704803,0.3,0.14634146341463414,0.2,,,0.3947778027196908,False,True,continuous_membership_completeness_not_certified
2021-12-21,sw1_801780,801780,SW2021,42,41,0.014711055771512195,0.015525018478327112,0.0016128387695109048,-0.039736358948787465,-0.02064814627201983,0.4,0.3,0.015793542480955294,1.2596973152914772,0.7450980392156863,0.926829268292683,0.65,,,0.3234466885679987,False,True,continuous_membership_completeness_not_certified
2021-12-22,sw1_801780,801780,SW2021,42,41,-0.008022949259170731,0.004356061498741481,-0.00885601753494436,-0.03883277435715937,-0.03068242958310774,0.4,0.3,0.01233727355774988,0.9954295214099518,0.4807692307692308,0.04878048780487805,0.55,,,0.3999405276661129,False,True,continuous_membership_completeness_not_certified
2021-12-23,sw1_801780,801780,SW2021,42,41,-0.0008362130857560977,-0.005350303827526085,-0.0005785669213390632,-0.03925992403256795,-0.023627700495853943,0.6,0.3,0.012122407427916936,0.980333403277542,0.4528301886792453,0.34146341463414637,0.575,,,0.5083304760847418,False,True,continuous_membership_completeness_not_certified
2021-12-24,sw1_801780,801780,SW2021,42,41,-0.0025377148843414637,-0.01697854661705604,0.010210365182994896,-0.015246263121572068,-0.0055947798406690286,0.6,0.4,0.00892285039664576,0.7232432964121729,0.09259259259259259,0.17073170731707318,0.35,,,0.39864323126872375,False,True,continuous_membership_completeness_not_certified
2021-12-27,sw1_801780,801780,SW2021,42,41,-0.003345452713707317,0.00469412478212787,-0.0021283311454884934,-0.01361429012507609,-0.009862311224445142,0.4,0.4,0.013314256280581362,1.0767176610145157,0.5636363636363636,0.2926829268292683,0.325,,,0.5146129336174387,False,True,continuous_membership_completeness_not_certified
2021-12-28,sw1_801780,801780,SW2021,42,41,0.002792852385365853,0.006482790150974234,-0.004950291421622843,-0.0033938314390197233,-0.005718193050051834,0.4,0.4,0.014436770693456258,1.1648268699582423,0.6607142857142857,0.6829268292682927,0.375,,,0.47969483075422137,False,True,continuous_membership_completeness_not_certified
2021-12-29,sw1_801780,801780,SW2021,42,41,-0.005026975527804879,-0.0005642221177191349,0.0028986859188679936,-0.005848339242278122,-0.007098473922588777,0.4,0.4,0.0167039479020284,1.3323115034089001,0.8070175438596491,0.12195121951219512,0.2926829268292683,,,0.6350260744869132,False,True,continuous_membership_completeness_not_certified
2021-12-30,sw1_801780,801780,SW2021,42,41,0.0019102887994878047,0.010157634858109678,-0.00978387589973928,-0.010323288681652554,-0.026484472157560446,0.2,0.4,0.014254713822240354,1.1240807189385933,0.603448275862069,0.5121951219512195,0.34146341463414637,,,0.5195599731251892,False,True,continuous_membership_completeness_not_certified
2021-12-31,sw1_801780,801780,SW2021,42,41,0.001160985065390244,0.0062364765473344975,-0.029799085842599604,-0.019230149185482603,-0.03168129559918065,0.0,0.3,0.011946173721349556,0.9528301192044787,0.423728813559322,0.5365853658536586,0.34146341463414637,0.325,0.0,0.5007096674948351,False,True,continuous_membership_completeness_not_certified
2021-10-11,sw1_801890,801890,SW2021,455,439,-0.005828822773947608,,,,,,,0.041735835887034105,,,0.38724373576309795,,,,0.12579013540135708,False,True,continuous_membership_completeness_not_certified
2021-10-12,sw1_801890,801890,SW2021,455,441,-0.020180746202920635,-0.015896153092022865,,,,,,0.04481596803929818,,,0.1292517006802721,,,,0.13258139750118572,False,True,continuous_membership_completeness_not_certified
2021-10-13,sw1_801890,801890,SW2021,455,440,0.007179132615040909,0.003630334438454766,,,,,,0.040118419480071034,,,0.6363636363636364,,,,0.09827639310204164,False,True,continuous_membership_completeness_not_certified
2021-10-14,sw1_801890,801890,SW2021,455,440,0.017944673882009092,0.005876882715872248,,,,,,0.051508883608750076,,,0.7,,,,0.09362293464245877,False,True,continuous_membership_completeness_not_certified
2021-10-15,sw1_801890,801890,SW2021,460,439,-0.006180043315874715,-0.007244475095818836,,,,0.75,,0.05116493459490313,,,0.28929384965831434,,,,0.12572120603346731,False,True,continuous_membership_completeness_not_certified
2021-10-18,sw1_801890,801890,SW2021,460,438,0.011659753041753427,0.007058280959436604,0.016749442348416688,,,0.8,,0.050240604530032665,,,0.6621004566210046,,,,0.12820710987068065,False,True,continuous_membership_completeness_not_certified
2021-10-19,sw1_801890,801890,SW2021,460,438,0.005094848219938356,0.004789066265661178,0.02192608168896104,,,1.0,,0.052395814990565656,,,0.5388127853881278,,,,0.12041992539849809,False,True,continuous_membership_completeness_not_certified
2021-10-20,sw1_801890,801890,SW2021,460,441,0.001842896770421769,-0.002026445414841791,0.022152806788819035,,,1.0,,0.05237063708037251,,,0.42857142857142855,,,,0.11060462631641367,False,True,continuous_membership_completeness_not_certified
2021-10-21,sw1_801890,801890,SW2021,460,442,-0.011141089417070139,-0.005240196214718693,0.003851640079498564,,,0.8,0.75,0.05049563466701911,,,0.20588235294117646,,,,0.11349100833452572,False,True,continuous_membership_completeness_not_certified
2021-10-22,sw1_801890,801890,SW2021,461,444,-0.010664857549957208,-0.008521070376240038,0.0006163032449437722,0.012637104248759079,,0.6,0.6666666666666666,0.05279954441363682,,,0.26126126126126126,,,,0.1293920597002637,False,True,continuous_membership_completeness_not_certified
2021-10-25,sw1_801890,801890,SW2021,461,442,0.008877026988934389,0.006997765311276463,-0.0020651362982915256,0.014595316746924825,,0.6,0.7,0.04861259479165958,,,0.6108597285067874,,,,0.09579277149354795,False,True,continuous_membership_completeness_not_certified
2021-10-26,sw1_801890,801890,SW2021,461,443,-0.002256903425930023,-0.003893391975520829,-0.0007288541728066589,0.020892788252310446,,0.6,0.8,0.05628558748312048,,,0.4018058690744921,,,,0.12553424986893927,False,True,continuous_membership_completeness_not_certified
2021-10-27,sw1_801890,801890,SW2021,461,445,-0.020349725291029214,-0.016951874037180827,-0.007817478914639242,0.01348828059351792,,0.4,0.7,0.0516438710857441,,,0.18202247191011237,,,,0.10883888925555776,False,True,continuous_membership_completeness_not_certified
2021-10-28,sw1_801890,801890,SW2021,461,447,-0.024466667200986576,-0.018081859120011503,-0.008262985354187014,-0.0045746377781429315,,0.4,0.6,0.05058817907340062,,,0.16778523489932887,,,,0.15054662692091297,False,True,continuous_membership_completeness_not_certified
2021-10-29,sw1_801890,801890,SW2021,462,447,0.01585832252964206,0.015480119830140976,-0.005986961504601651,-0.005360609926420512,,0.6,0.6,0.04721168711720375,,,0.7986577181208053,,,,0.13095764903681217,False,True,continuous_membership_completeness_not_certified
2021-11-01,sw1_801890,801890,SW2021,462,447,0.023184343525033558,0.01256022605514734,0.002440581340251491,0.0003838586330555671,,0.6,0.6,0.050336595284380344,,,0.8165548098434005,,,,0.09935004000908522,False,True,continuous_membership_completeness_not_certified
2021-11-02,sw1_801890,801890,SW2021,462,449,-0.00873429003033853,-0.012285914781685062,0.004336106235160231,0.0035634161009477916,,0.6,0.6,0.05233213449876479,,,0.2873051224944321,,,,0.12240076878151543,False,True,continuous_membership_completeness_not_certified
2021-11-03,sw1_801890,801890,SW2021,462,450,0.006242326958837779,0.006766259084317486,0.007411766759699345,-0.000698282100847325,,0.6,0.5,0.050433636102149085,,,0.6066666666666667,,,,0.11284577587154832,False,True,continuous_membership_completeness_not_certified
2021-11-04,sw1_801890,801890,SW2021,462,450,0.021673906595606668,0.014204362340577996,0.022236813398007316,0.012594739366865948,0.027519495261345117,0.8,0.6,0.05610884509254839,,,0.8133333333333334,,,,0.09557550714836141,False,True,continuous_membership_completeness_not_certified
2021-11-05,sw1_801890,801890,SW2021,463,450,-0.000461335665942222,-0.004103338065660575,0.025218743025588575,0.018556147082378183,0.031098948898214407,0.8,0.7,0.05718892770734087,,,0.4288888888888889,0.49653579676674364,,,0.10651534698000663,False,True,continuous_membership_completeness_not_certified
2021-11-08,sw1_801890,801890,SW2021,463,450,0.009999972396026666,0.005963474506305088,0.018414784616001212,0.020716852716862078,0.0353748459906319,0.8,0.7,0.059827969156749615,,,0.6488888888888888,0.5540229885057472,,,0.09194448894635288,False,True,continuous_membership_completeness_not_certified
2021-11-09,sw1_801890,801890,SW2021,463,450,0.012586210010686667,0.011230448811363975,0.016486475343237217,0.02071911683349703,0.04236510080504008,0.8,0.7,0.05865282696587792,,,0.7155555555555555,0.6091954022988506,,,0.1094094543998091,False,True,continuous_membership_completeness_not_certified
2021-11-10,sw1_801890,801890,SW2021,463,450,0.00818323625361111,0.006056070047668236,0.019243256464450686,0.0271241176623922,0.04096551095479284,1.0,0.8,0.05733945550277277,,,0.6866666666666666,0.6919540229885057,,,0.11376476770324377,False,True,continuous_membership_completeness_not_certified
2021-11-11,sw1_801890,801890,SW2021,463,450,0.008378909873226667,0.010124137195013273,0.009700015655740746,0.03316829497231244,0.026718363244985666,0.8,0.8,0.05765205798492605,,,0.6466666666666666,0.7488479262672811,,,0.1033246927093403,False,True,continuous_membership_completeness_not_certified
2021-11-12,sw1_801890,801890,SW2021,463,450,0.01716649831175111,0.010082401575793622,0.013363062500074907,0.04026077749100376,0.03351794518675599,0.8,0.8,0.06056488680671907,,,0.78,0.8087557603686636,,,0.08410221112207768,False,True,continuous_membership_completeness_not_certified
2021-11-15,sw1_801890,801890,SW2021,465,450,0.008546301904002221,0.008990858437938606,0.008698455479204226,0.028235559695254375,0.02821857482003698,0.6,0.7,0.06000730507228392,,,0.6622222222222223,0.8597701149425288,,,0.07659122147587764,False,True,continuous_membership_completeness_not_certified
2021-11-16,sw1_801890,801890,SW2021,465,452,-0.015390181606252213,-0.0086356370887833,9.694569489004934e-05,0.017029743011726994,0.02032849162051975,0.4,0.6,0.05833501036730273,,,0.21017699115044247,0.7808219178082192,,,0.08299530504152497,False,True,continuous_membership_completeness_not_certified
2021-11-17,sw1_801890,801890,SW2021,465,452,0.02269215717215044,0.0139881823070984,0.006779335305389544,0.0270524830964054,0.025648812395285603,0.4,0.7,0.061312185497321835,,,0.8517699115044248,0.8883826879271071,,,0.07739681016443214,False,True,continuous_membership_completeness_not_certified
2021-11-18,sw1_801890,801890,SW2021,465,453,-0.005507848775567329,-0.007236353394891522,0.010220175859675162,0.020486938154390177,0.03384127634184253,0.6,0.7,0.0635067379727281,,,0.2891832229580574,0.865909090909091,,,0.08289550076524697,False,True,continuous_membership_completeness_not_certified
2021-11-19,sw1_801890,801890,SW2021,466,453,0.0156418694474702,0.011653178040838746,0.007098692197696543,0.0211198258761629,0.0412486544949795,0.6,0.7,0.06712845568944917,,,0.7417218543046358,0.9024943310657596,,,0.1064134085958279,False,True,continuous_membership_completeness_not_certified
2021-11-22,sw1_801890,801890,SW2021,466,453,0.010024174268216337,0.008817078369932268,0.008777238615692129,0.018128450911947702,0.04058332736306469,0.8,0.7,0.058454984762100294,,,0.5982339955849889,0.916289592760181,,,0.07950901472854228,False,True,continuous_membership_completeness_not_certified
2021-11-23,sw1_801890,801890,SW2021,466,453,0.006504533736496689,0.004413655196942208,0.018214165238498614,0.018803609470879223,0.04141039912309141,1.0,0.7,0.06709415557965816,,,0.5607064017660044,0.9346846846846847,,,0.13731325794347524,False,True,continuous_membership_completeness_not_certified
2021-11-24,sw1_801890,801890,SW2021,467,453,0.0012601335241015457,0.004101107852485938,0.006269257545488571,0.01345770545136804,0.04301443280034056,0.8,0.6,0.06223723668872829,,,0.4282560706401766,0.9078651685393259,,,0.09331349374939657,False,True,continuous_membership_completeness_not_certified
2021-11-25,sw1_801890,801890,SW2021,467,453,-0.002245203030708609,0.00020606775256391322,0.0019818232802146785,0.012557536747003661,0.048553175364352,0.6,0.6,0.05817220082736782,,,0.44150110375275936,0.8716216216216216,,,0.09889599861195146,False,True,continuous_membership_completeness_not_certified
2021-11-26,sw1_801890,801890,SW2021,468,453,-0.0036756568965827813,-0.0024240706390568486,-0.0033113572860195006,0.003809698629678504,0.04583339156845878,0.4,0.5,0.05323372731353082,,,0.33995584988962474,0.8183856502242153,,,0.09252421937510168,False,True,continuous_membership_completeness_not_certified
2021-11-29,sw1_801890,801890,SW2021,468,453,0.00030804791082560687,-0.0005580528978477043,-0.003610959835087524,0.005118150725061721,0.0344830915374601,0.4,0.6,0.055045400230237004,,,0.36423841059602646,0.7410714285714286,,,0.0773691379835515,False,True,continuous_membership_completeness_not_certified
2021-11-30,sw1_801890,801890,SW2021,468,453,0.008966929254200885,0.00782974013499794,-0.004579858963323025,0.013571554557305188,0.032379561564841675,0.4,0.7,0.059411685442194266,,,0.6556291390728477,0.7857142857142857,,,0.06769429885982034,False,True,continuous_membership_completeness_not_certified
2021-12-01,sw1_801890,801890,SW2021,468,453,0.014702491334331127,0.009899460742919008,0.003079462547759926,0.009529186323044003,0.03850883731861332,0.6,0.7,0.06248743894084656,,,0.7152317880794702,0.8236607142857143,,,0.07323669304040975,False,True,continuous_membership_completeness_not_certified
2021-12-02,sw1_801890,801890,SW2021,468,455,-0.01508968309922857,-0.011124550166912262,0.0014715708957644402,0.0035066169834714334,0.02490836672809338,0.6,0.6,0.06944836947358471,,,0.2043956043956044,0.7120535714285714,,,0.08611429103042344,False,True,continuous_membership_completeness_not_certified
2021-12-03,sw1_801890,801890,SW2021,469,454,0.0018295297665352425,0.0038499429231010455,0.0007132784503451894,-0.0026220569497319435,0.018805735565751158,0.6,0.5,0.058400621509957215,1.0392084406963726,0.6666666666666666,0.5330396475770925,0.6868008948545862,,,0.08275825639596997,False,True,continuous_membership_completeness_not_certified
2021-12-06,sw1_801890,801890,SW2021,469,455,-0.024643196422156045,-0.014993001511539768,-0.009907919593193815,-0.013522618896751437,0.0034751897163778356,0.4,0.4,0.057849428578749806,1.0277840414493018,0.6,0.12967032967032968,0.43400447427293065,,,0.08514818127387702,False,True,continuous_membership_completeness_not_certified
2021-12-07,sw1_801890,801890,SW2021,469,454,-0.014302840993044052,-0.006527177315801572,-0.018454769606492838,-0.023032187556283445,-0.006220340322332429,0.2,0.3,0.06107170257820202,1.0763950385810628,0.8292682926829268,0.2422907488986784,0.31096196868008946,,,0.16554088117056254,False,True,continuous_membership_completeness_not_certified
2021-12-08,sw1_801890,801890,SW2021,469,455,0.016388951353241758,0.011935448816710601,-0.01883273395618923,-0.016145733709182042,-0.0038635183185722344,0.2,0.4,0.056158796954241405,0.9977473713156659,0.47619047619047616,0.7802197802197802,0.38478747203579416,,,0.15003227090130378,False,True,continuous_membership_completeness_not_certified
2021-12-09,sw1_801890,801890,SW2021,469,455,0.00260963690163077,0.004780161224562276,-0.017316368201497512,-0.015932343251151226,-0.0042960644792782166,0.2,0.4,0.052990444877395,0.9425182972461162,0.3953488372093023,0.5032967032967033,0.3825503355704698,,,0.15199074844700353,False,True,continuous_membership_completeness_not_certified
2021-12-10,sw1_801890,801890,SW2021,470,455,0.007965255372615386,0.003792381974408627,-0.011247845961548042,-0.010653645912914733,-0.007215421173340397,0.4,0.5,0.052432749809138646,0.9336515853760405,0.36363636363636365,0.5978021978021978,0.4610244988864143,,,0.1325224264915746,False,True,continuous_membership_completeness_not_certified
2021-12-13,sw1_801890,801890,SW2021,470,454,4.727543213436164e-05,0.004266657841848119,-0.005778213714027203,-0.015782455767340053,-0.011060378090636647,0.4,0.4,0.05390356030046653,0.9602688596238823,0.4444444444444444,0.44933920704845814,0.44543429844098,,,0.17982585229483325,False,True,continuous_membership_completeness_not_certified
2021-12-14,sw1_801890,801890,SW2021,470,455,0.010751721823074725,0.005907435550648319,0.00721273375506426,-0.01208475104536677,0.000979040200663972,0.6,0.4,0.05489207471579563,0.9783141076109165,0.45652173913043476,0.621978021978022,0.48997772828507796,,,0.10597041455462707,False,True,continuous_membership_completeness_not_certified
2021-12-15,sw1_801890,801890,SW2021,470,453,0.0015049737917461367,0.0015865977449967103,0.002552820031082259,-0.016757320234926043,-0.007980135874490646,0.4,0.3,0.055421174355070865,0.9938342094721817,0.48936170212765956,0.46357615894039733,0.5178571428571429,,,0.08416359664114849,False,True,continuous_membership_completeness_not_certified
2021-12-16,sw1_801890,801890,SW2021,470,455,0.012917666839540659,0.008550238640665765,0.009241931664743852,-0.008666552104918068,-0.005395957333069967,0.6,0.4,0.06145316324188385,1.0952491205356358,0.875,0.6901098901098901,0.6026785714285714,,,0.08761863253633181,False,True,continuous_membership_completeness_not_certified
2021-12-17,sw1_801890,801890,SW2021,470,455,-0.012837969492989012,-0.007751453568705256,-0.00030969999498209333,-0.011694764179096317,-0.014609441249223476,0.4,0.4,0.05816105828711306,1.0361143643307886,0.6326530612244898,0.23736263736263735,0.49107142857142855,,,0.09039621494704136,False,True,continuous_membership_completeness_not_certified
2021-12-20,sw1_801890,801890,SW2021,471,455,-0.013590942156894506,-0.01019470999873254,0.000466441368615067,-0.0052941628347074055,-0.018969362367396436,0.4,0.4,0.05494483871391157,0.9792544940692175,0.44,0.23956043956043957,0.41517857142857145,,,0.0859589630254046,False,True,continuous_membership_completeness_not_certified
2021-12-21,sw1_801890,801890,SW2021,471,455,0.012312347722571428,0.015525018478327112,-0.007533581464149619,-0.0005548888161381882,-0.024461841450421407,0.2,0.4,0.053513166394247046,0.959619063267174,0.39215686274509803,0.7670329670329671,0.48329621380846327,,,0.0914316004247559,False,True,continuous_membership_completeness_not_certified
2021-12-22,sw1_801890,801890,SW2021,471,455,0.001027837961268132,0.004356061498741481,-0.010795813014328859,-0.008465534775203842,-0.02495588306787977,0.2,0.3,0.05435208545935006,0.980709739406253,0.4230769230769231,0.45054945054945056,0.48775055679287305,,,0.09873681674421853,False,True,continuous_membership_completeness_not_certified
2021-12-23,sw1_801890,801890,SW2021,471,455,-0.006097469161439562,-0.005350303827526085,-0.015634434477117654,-0.0069508630915018355,-0.02311667303517584,0.0,0.3,0.051271436396267814,0.9282705938649961,0.20754716981132076,0.32967032967032966,0.4298440979955457,,,0.08165659800203914,False,True,continuous_membership_completeness_not_certified
2021-12-24,sw1_801890,801890,SW2021,471,455,-0.024515722331345056,-0.01697854661705604,-0.01797073438846375,-0.01849628487428423,-0.029105451969672735,0.0,0.2,0.05689738000991813,1.0266361309016938,0.5740740740740741,0.11648351648351649,0.27616926503340755,,,0.11175110258404126,False,True,continuous_membership_completeness_not_certified
2021-12-27,sw1_801890,801890,SW2021,471,457,0.005618035129512036,0.00469412478212787,-0.013946397886553719,-0.01345713964263029,-0.029206285023264722,0.2,0.3,0.05378112126501781,0.9737084990081829,0.4,0.6455142231947484,0.3184855233853007,,,0.08850333747259048,False,True,continuous_membership_completeness_not_certified
2021-12-28,sw1_801890,801890,SW2021,471,457,0.01421158946561707,0.006482790150974234,-0.003171423878267521,-0.01065238107234101,-0.02273651254752418,0.4,0.3,0.05849928141639122,1.055540271333834,0.75,0.7330415754923414,0.40444444444444444,,,0.12377556580099805,False,True,continuous_membership_completeness_not_certified
2021-12-29,sw1_801890,801890,SW2021,471,458,0.004895242457102621,-0.0005642221177191349,0.005517600794881616,-0.00515320422635368,-0.02181246541737425,0.6,0.4,0.05748511795645463,1.0308456546706308,0.6140350877192983,0.5152838427947598,0.4177777777777778,,,0.1132795141320708,False,True,continuous_membership_completeness_not_certified
2021-12-30,sw1_801890,801890,SW2021,471,457,0.0075364734186586435,0.010157634858109678,0.003741698149110295,-0.012020634377152395,-0.020860201762334718,0.6,0.3,0.05824691953801819,1.0381058359326976,0.6896551724137931,0.5733041575492341,0.49443207126948774,,,0.1118289679820687,False,True,continuous_membership_completeness_not_certified
2021-12-31,sw1_801890,801890,SW2021,472,458,0.005840610761969432,0.0062364765473344975,0.011388171893892851,-0.007424170714814382,-0.019279880455000953,0.6,0.3,0.05704757848565084,1.016278198162835,0.559322033898305,0.5764192139737991,0.5511111111111111,0.6572769953051644,0.09624413145539906,0.12172110337995647,False,True,continuous_membership_completeness_not_certified
2023-03-31,sw1_801050,801050,SW2021,140,135,0.008640960251288889,,,,,,,0.035380973452221416,,,0.7333333333333333,,,,0.20308865623297997,False,True,continuous_membership_completeness_not_certified
2023-04-03,sw1_801050,801050,SW2021,140,135,0.0029835593922740737,0.009789705029524299,,,,,,0.03321684190226606,,,0.5259259259259259,,,,0.2233001441809591,False,True,continuous_membership_completeness_not_certified
2023-04-04,sw1_801050,801050,SW2021,140,136,-0.008859965283279411,-0.00840357702214875,,,,,,0.030007258852596568,,,0.2647058823529412,,,,0.1802190916322341,False,True,continuous_membership_completeness_not_certified
2023-04-06,sw1_801050,801050,SW2021,140,136,0.0069148839166176465,-0.0004466925675566016,,,,,,0.03536217458924052,,,0.5808823529411765,,,,0.18372137705161556,False,True,continuous_membership_completeness_not_certified
2023-04-07,sw1_801050,801050,SW2021,140,136,-0.0021057508806985293,0.009730698725801503,,,,0.25,,0.028030096349437764,,,0.375,,,,0.14007221027597705,False,True,continuous_membership_completeness_not_certified
2023-04-10,sw1_801050,801050,SW2021,140,136,-0.0029193422786985296,-0.012064760731574004,-0.002455617979927105,,,0.4,,0.026751231053975536,,,0.40441176470588236,,,,0.16485348056439883,False,True,continuous_membership_completeness_not_certified
2023-04-11,sw1_801050,801050,SW2021,140,136,0.015290326837191177,0.0011955029998217193,0.018262106066961548,,,0.6,,0.04240124333433594,,,0.75,,,,0.18529092289125026,False,True,continuous_membership_completeness_not_certified
2023-04-12,sw1_801050,801050,SW2021,140,136,0.0064641470600882356,0.008185572234078885,0.017288622493284445,,,0.6,,0.03918285185440132,,,0.6838235294117647,,,,0.13771093883969457,False,True,continuous_membership_completeness_not_certified
2023-04-13,sw1_801050,801050,SW2021,140,136,-0.009936294892220587,-0.004513776146794196,0.004250826073749936,,,0.4,0.375,0.03559976750978172,,,0.11029411764705882,,,,0.13928474711171707,False,True,continuous_membership_completeness_not_certified
2023-04-14,sw1_801050,801050,SW2021,140,136,0.023530726443977943,0.00421023462226641,0.03559175852770735,0.023855591494774675,,0.6,0.4444444444444444,0.05752519202142378,,,0.9338235294117647,,,,0.21418087719516357,False,True,continuous_membership_completeness_not_certified
2023-04-17,sw1_801050,801050,SW2021,140,136,0.005969298806264706,0.00042160525100089474,0.03219644043502812,0.029587037788151527,,0.6,0.5,0.048345479222539685,,,0.6691176470588235,,,,0.14956663756083802,False,True,continuous_membership_completeness_not_certified
2023-04-18,sw1_801050,801050,SW2021,140,136,-0.004067272719514706,-0.005414081971830862,0.01899990444238875,0.03746881406809821,,0.6,0.6,0.0473573334318113,,,0.2647058823529412,,,,0.19562877576412546,False,True,continuous_membership_completeness_not_certified
2023-04-19,sw1_801050,801050,SW2021,140,136,-0.004583635467279411,-0.003846323719361596,0.019751432622666543,0.037351209554164044,,0.6,0.6,0.043754305542734004,,,0.27205882352941174,,,,0.1744053741074107,False,True,continuous_membership_completeness_not_certified
2023-04-20,sw1_801050,801050,SW2021,140,136,-0.01688597608167647,-0.004942777657695451,0.013084536343354936,0.01738133660207386,,0.6,0.5,0.04053976813341541,,,0.08823529411764706,,,,0.17583090761302175,False,True,continuous_membership_completeness_not_certified
2023-04-21,sw1_801050,801050,SW2021,140,136,-0.027139562798823534,-0.026503849054882702,-0.006302259564184509,0.02766605182071724,,0.4,0.5,0.030599980583054794,,,0.03676470588235294,,,,0.14392611625556165,False,True,continuous_membership_completeness_not_certified
2023-04-24,sw1_801050,801050,SW2021,140,136,-0.01526838978052206,-0.004952836387352327,-0.021281302916143163,0.008578520370267628,,0.2,0.4,0.038066903450811186,,,0.2426470588235294,,,,0.20100545988603816,False,True,continuous_membership_completeness_not_certified
2023-04-25,sw1_801050,801050,SW2021,140,136,-0.026757772200147058,-0.02137956676227113,-0.027224204154764897,-0.00996512770504776,,0.0,0.3,0.03891907136761838,,,0.13970588235294118,,,,0.21421678580042414,False,True,continuous_membership_completeness_not_certified
2023-04-26,sw1_801050,801050,SW2021,140,136,0.017874125945735297,0.00854229550592816,-0.018324711058216314,0.00027113360532526887,,0.2,0.4,0.035963454827054875,,,0.7279411764705882,,,,0.18894196232475582,False,True,continuous_membership_completeness_not_certified
2023-04-27,sw1_801050,801050,SW2021,140,136,-0.003809927750441176,0.00016111080770633027,-0.010794685463813791,0.001679011314890566,0.005830329363801012,0.2,0.4,0.031636383484298286,,,0.36764705882352944,,,,0.1813115136566367,False,True,continuous_membership_completeness_not_certified
2023-04-28,sw1_801050,801050,SW2021,140,136,0.010055393946691176,0.01863024584844717,-0.018981738735510345,-0.02441119822884641,-0.0022582337743741743,0.2,0.3,0.029480388961655866,,,0.7279411764705882,0.17777777777777778,,,0.16452277549852057,False,True,continuous_membership_completeness_not_certified
2023-05-04,sw1_801050,801050,SW2021,140,136,-0.00015115066509558753,0.005088819431014955,-0.014010253111786719,-0.03458924421021248,-0.0073292771908981535,0.2,0.2,0.03344268902432341,,,0.5,0.2426470588235294,,,0.1802335579805674,False,True,continuous_membership_completeness_not_certified
2023-05-05,sw1_801050,801050,SW2021,140,136,-0.016992415023316176,-0.0072953991613180945,-0.018555247266643482,-0.044840335771236584,-0.0100987237152248,0.2,0.1,0.029045200355579278,,,0.15441176470588236,0.17647058823529413,,,0.1567605438140002,False,True,continuous_membership_completeness_not_certified
2023-05-08,sw1_801050,801050,SW2021,140,136,0.01016429475980147,0.005995026456770825,-0.023590639478690778,-0.04074924988487805,-0.005823139350662698,0.2,0.2,0.027340264376298183,,,0.7647058823529411,0.22794117647058823,,,0.15306645000143101,False,True,continuous_membership_completeness_not_certified
2023-05-09,sw1_801050,801050,SW2021,140,136,-0.01301988282917647,-0.015648101554087992,-0.016662746727180378,-0.0266175128988414,-0.010160652745596743,0.4,0.3,0.02880074138104316,,,0.17647058823529413,0.16911764705882354,,,0.14899407102200476,False,True,continuous_membership_completeness_not_certified
2023-05-10,sw1_801050,801050,SW2021,140,136,0.0060575834671397055,0.0033915608119052297,-0.005523992878189277,-0.024240332289814925,0.0035703434234511944,0.6,0.4,0.03062760316562845,,,0.625,0.19117647058823528,,,0.2344569569873401,False,True,continuous_membership_completeness_not_certified
2023-05-11,sw1_801050,801050,SW2021,140,136,-0.0031241563828308828,0.005398442383726664,-0.00876079875773772,-0.02262512642373604,-0.013407925015723632,0.6,0.4,0.03121471543409839,,,0.39705882352941174,0.16911764705882354,,,0.22635113354579411,False,True,continuous_membership_completeness_not_certified
2023-05-12,sw1_801050,801050,SW2021,140,136,-0.022995248334213233,-0.009945933149404007,-0.012115320334431301,-0.030547602876943025,-0.03858499950811878,0.6,0.4,0.040422850144185264,,,0.04411764705882353,0.10294117647058823,,,0.2182010616096077,False,True,continuous_membership_completeness_not_certified
2023-05-15,sw1_801050,801050,SW2021,140,136,0.02272800745715441,0.00799262126854586,-0.0019289477482743456,-0.025305453960578705,-0.023586032177071004,0.6,0.4,0.0460495961000348,,,0.9044117647058824,0.22058823529411764,,,0.3051405663988121,False,True,continuous_membership_completeness_not_certified
2023-05-16,sw1_801050,801050,SW2021,140,136,-0.00889571889427206,-0.007785165902087093,-0.005712101237207112,-0.022298447616056816,-0.01946756536400518,0.4,0.4,0.037771446853196215,,,0.19117647058823528,0.18382352941176472,,,0.2819591848810163,False,True,continuous_membership_completeness_not_certified
2023-05-17,sw1_801050,801050,SW2021,140,136,0.004041258194558824,0.009455048032795593,-0.013739137580625171,-0.019096213575639398,-0.04219970404129436,0.2,0.4,0.029968372413871208,,,0.6176470588235294,0.23529411764705882,,,0.23331588346520574,False,True,continuous_membership_completeness_not_certified
2023-05-18,sw1_801050,801050,SW2021,140,136,-0.00017522987193382345,0.004370421772612703,-0.009779381918972985,-0.018407634549885254,-0.05156587622393327,0.2,0.4,0.02926337479628692,,,0.5,0.27205882352941174,,,0.2288075238230623,False,True,continuous_membership_completeness_not_certified
2023-05-19,sw1_801050,801050,SW2021,140,136,-0.005931573394066176,0.0005591553082893207,-0.003068578872144956,-0.015289744078029077,-0.05903888759794673,0.2,0.4,0.02725834199197085,,,0.39705882352941174,0.3235294117647059,,,0.2287840171515645,False,True,continuous_membership_completeness_not_certified
2023-05-22,sw1_801050,801050,SW2021,140,136,0.002454039327610294,0.0038860932517532413,-0.018986847316883493,-0.020728513100654378,-0.06012540904037722,0.0,0.3,0.02250616882068437,,,0.5735294117647058,0.40441176470588236,,,0.18836692428524943,False,True,continuous_membership_completeness_not_certified
2023-05-23,sw1_801050,801050,SW2021,140,136,-0.011271471342573528,-0.008498780089658754,-0.020636726918718984,-0.026264184774789645,-0.05142408945061028,0.0,0.2,0.02792875394463842,,,0.10294117647058823,0.3382352941176471,,,0.2112865138048753,False,True,continuous_membership_completeness_not_certified
2023-05-24,sw1_801050,801050,SW2021,140,136,-0.002090369914757353,-0.0012854047996940048,-0.015933731275664886,-0.029518879133470177,-0.05290059653656565,0.0,0.1,0.0266654092523362,,,0.36764705882352944,0.3382352941176471,,,0.21359208703952381,False,True,continuous_membership_completeness_not_certified
2023-05-25,sw1_801050,801050,SW2021,140,136,-0.008181993400205883,-0.001761908091723679,-0.017706707437423863,-0.027312847091483516,-0.04930848204823057,0.0,0.1,0.02621027323515995,,,0.16176470588235295,0.3014705882352941,,,0.20348040316025412,False,True,continuous_membership_completeness_not_certified
2023-05-26,sw1_801050,801050,SW2021,141,136,0.0003557568506544118,0.0027797652011045987,-0.013742460225687925,-0.01695415663405253,-0.047513440726599465,0.0,0.1,0.026575634284352345,,,0.5367647058823529,0.3014705882352941,,,0.23666514438671146,False,True,continuous_membership_completeness_not_certified
2023-05-29,sw1_801050,801050,SW2021,141,136,-0.005358124766941177,-0.005034902418785753,-0.012547319964958059,-0.03116574638068914,-0.056012765929709496,0.0,0.0,0.023559167939559606,,,0.29411764705882354,0.23529411764705882,,,0.18662425515867032,False,True,continuous_membership_completeness_not_certified
2023-05-30,sw1_801050,801050,SW2021,141,136,0.0006102542860735292,0.0031282325775033497,-0.012411599114505178,-0.032867532718878545,-0.054776299576692056,0.0,0.0,0.023149485900438752,,,0.4852941176470588,0.25735294117647056,,,0.1980218463922955,False,True,continuous_membership_completeness_not_certified
2023-05-31,sw1_801050,801050,SW2021,141,136,-0.004878040243617647,-0.0033196625523234766,-0.013131899729150631,-0.028775596922103186,-0.047115535601280234,0.0,0.0,0.024359888263185168,0.7878064346472535,0.07692307692307693,0.34558823529411764,0.23529411764705882,,,0.1886930107265519,False,True,continuous_membership_completeness_not_certified
2023-06-01,sw1_801050,801050,SW2021,141,136,0.0032210304255294113,0.0018753969250583466,-0.0054627147560123435,-0.02302317222510386,-0.040763272144170526,0.2,0.1,0.02579849025034701,0.8423280826394908,0.1,0.5955882352941176,0.25735294117647056,,,0.22948481035817023,False,True,continuous_membership_completeness_not_certified
2023-06-02,sw1_801050,801050,SW2021,141,136,0.02597916148381618,0.006786996018054718,0.016002566332525614,0.0019148459110206462,-0.013373988608353482,0.4,0.2,0.04157911414837559,1.3446816060534716,0.8536585365853658,0.9117647058823529,0.5294117647058824,,,0.22789659045922006,False,True,continuous_membership_completeness_not_certified
2023-06-05,sw1_801050,801050,SW2021,141,136,-0.006186121418720588,0.003102622062146841,0.006947500489445924,-0.005928150876088445,-0.026493736659145006,0.4,0.2,0.030351629536481087,0.9909893821055814,0.4523809523809524,0.29411764705882354,0.5220588235294118,,,0.20506950650043607,False,True,continuous_membership_completeness_not_certified
2023-06-06,sw1_801050,801050,SW2021,141,136,-0.02069661089549265,-0.02021662345758623,0.00880069430163799,-0.0035912448118311513,-0.02942148839313674,0.4,0.2,0.027756794724976597,0.9066761425343208,0.2558139534883721,0.07352941176470588,0.2647058823529412,,,0.17728394622568724,False,True,continuous_membership_completeness_not_certified
2023-06-07,sw1_801050,801050,SW2021,141,137,-0.009639889347138686,0.003098038621633092,-0.0023316516260726283,-0.015349806203112104,-0.044187075982564106,0.4,0.2,0.024023301199064855,0.785075700746298,0.06818181818181818,0.1897810218978102,0.23529411764705882,,,0.18419215255912438,False,True,continuous_membership_completeness_not_certified
2023-06-08,sw1_801050,801050,SW2021,141,137,-0.0038193977203941605,-0.0059634246677122745,-0.0015134626087511815,-0.0068940209255213825,-0.03361530947846225,0.4,0.3,0.029457362022245352,0.9665819152102706,0.4,0.41605839416058393,0.22794117647058823,,,0.21707200757497003,False,True,continuous_membership_completeness_not_certified
2023-06-09,sw1_801050,801050,SW2021,141,137,0.003646946210153284,0.0036770452807857756,-0.01990873515523539,-0.004554893437310081,-0.02125393371700801,0.2,0.3,0.030922653948214293,1.0105448879055232,0.5434782608695652,0.635036496350365,0.3235294117647059,,,0.19675912009249663,False,True,continuous_membership_completeness_not_certified
2023-06-12,sw1_801050,801050,SW2021,141,137,0.004737494232583942,0.006155027598153347,-0.012309335624543172,-0.005683345830851838,-0.036590931548713845,0.2,0.3,0.02462203641090078,0.80792078708382,0.10638297872340426,0.5766423357664233,0.3161764705882353,,,0.1699839058102429,False,True,continuous_membership_completeness_not_certified
2023-06-13,sw1_801050,801050,SW2021,141,137,0.0012016613282116789,0.003341899004270237,-0.01424555440153219,-0.005309403350283071,-0.03798451824431248,0.2,0.3,0.019898421996187143,0.6555964967966635,0.0,0.43795620437956206,0.375,,,0.155023535456067,False,True,continuous_membership_completeness_not_certified
2023-06-14,sw1_801050,801050,SW2021,141,137,-0.0006887400641094892,0.00011561815738951536,-0.00223901435662599,-0.004569982688957364,-0.03323854611875132,0.2,0.3,0.026148364766968416,0.8664296333098187,0.16326530612244897,0.40875912408759124,0.38235294117647056,,,0.20437620072101867,False,True,continuous_membership_completeness_not_certified
2023-06-15,sw1_801050,801050,SW2021,141,137,0.0040827372368102185,0.0030262351748263985,-0.0033760492635546147,-0.004864139699034098,-0.02780303778788229,0.2,0.3,0.03361326691869354,1.1074616892741174,0.66,0.6934306569343066,0.5220588235294118,,,0.1959676984319627,False,True,continuous_membership_completeness_not_certified
2023-06-16,sw1_801050,801050,SW2021,141,137,-0.0005245254567372267,0.005234270618749376,-0.009163535940243994,-0.029097649215658383,-0.027191219352372675,0.2,0.2,0.02755760739334563,0.9131250799619551,0.29411764705882354,0.635036496350365,0.6102941176470589,,,0.21097046573137762,False,True,continuous_membership_completeness_not_certified
2023-06-19,sw1_801050,801050,SW2021,141,137,-0.010658884954240878,-0.00024132413573978978,-0.01815098698188644,-0.030135196283011978,-0.03580262909864396,0.2,0.2,0.025159429920937733,0.838444792459297,0.1346153846153846,0.16058394160583941,0.40441176470588236,,,0.1814867363852206,False,True,continuous_membership_completeness_not_certified
2023-06-20,sw1_801050,801050,SW2021,141,137,-0.0035670761835912414,-0.0047228147261984075,-0.014751973623370551,-0.028987702064990017,-0.03211511035794745,0.4,0.3,0.021412377353103078,0.7140359142855636,0.018867924528301886,0.291970802919708,0.375,,,0.15453271012633785,False,True,continuous_membership_completeness_not_certified
2023-06-21,sw1_801050,801050,SW2021,141,137,-0.01619921857029197,-0.015130162725508914,-0.014801094972402451,-0.017088410916811014,-0.03193672185037533,0.4,0.3,0.02246829017227637,0.7497334143470754,0.037037037037037035,0.051094890510948905,0.20588235294117646,,,0.16003714404981048,False,True,continuous_membership_completeness_not_certified
2023-06-26,sw1_801050,801050,SW2021,141,137,-0.00837612459379562,-0.017718662963369138,-0.006441856886523434,-0.009792697284429108,-0.016369101101726624,0.4,0.3,0.02387866615995305,0.80333603619143,0.10909090909090909,0.20437956204379562,0.16911764705882354,,,0.13584741221665558,False,True,continuous_membership_completeness_not_certified
2023-06-27,sw1_801050,801050,SW2021,141,137,0.01980693631691241,0.017788844209710317,0.0010260412714900857,-0.00794280149231641,-0.01234571965768183,0.6,0.4,0.02802259982691648,0.9505505461059051,0.39285714285714285,0.8905109489051095,0.3382352941176471,,,0.13869514643679703,False,True,continuous_membership_completeness_not_certified
2023-06-28,sw1_801050,801050,SW2021,141,137,-0.0031779443643576645,-0.0029960490160751106,0.011141725520732892,-0.006666450697849879,-0.012232262876692657,0.6,0.4,0.021469861267224766,0.7285605883770229,0.03508771929824561,0.36496350364963503,0.3602941176470588,,,0.1309290843327777,False,True,continuous_membership_completeness_not_certified
2023-06-29,sw1_801050,801050,SW2021,141,137,0.009813355378343065,0.008970449941227294,0.010969003461267945,-0.0037672482609883984,-0.009017327834807354,0.6,0.5,0.02887850037723406,0.9803491689251009,0.4482758620689655,0.5693430656934306,0.41911764705882354,,,0.14488550934246616,False,True,continuous_membership_completeness_not_certified
2023-06-30,sw1_801050,801050,SW2021,141,137,0.0146971269590146,0.010949111354118074,0.01619178495957696,0.0007108671644373565,-0.003882217573931479,0.8,0.6,0.03211092893382774,1.089655726517247,0.6610169491525424,0.8686131386861314,0.5661764705882353,0.34074074074074073,0.05185185185185185,0.14101744506429162,False,True,continuous_membership_completeness_not_certified
2023-03-31,sw1_801120,801120,SW2021,124,121,0.006291159382181818,,,,,,,0.03217204134253803,,,0.6446280991735537,,,,0.29230786303596124,False,True,continuous_membership_completeness_not_certified
2023-04-03,sw1_801120,801120,SW2021,124,121,-0.0036437776249504134,0.009789705029524299,,,,,,0.02372480475098041,,,0.371900826446281,,,,0.269269680280489,False,True,continuous_membership_completeness_not_certified
2023-04-04,sw1_801120,801120,SW2021,124,121,-0.0020613786983305783,-0.00840357702214875,,,,,,0.02328182314380038,,,0.371900826446281,,,,0.2638977659184805,False,True,continuous_membership_completeness_not_certified
2023-04-06,sw1_801120,801120,SW2021,124,121,-0.013797015038785124,-0.0004466925675566016,,,,,,0.022011652580920988,,,0.1652892561983471,,,,0.2812616633668837,False,True,continuous_membership_completeness_not_certified
2023-04-07,sw1_801120,801120,SW2021,124,121,0.0006606067180909091,0.009730698725801503,,,,0.25,,0.02166115731780692,,,0.5371900826446281,,,,0.2935772505014399,False,True,continuous_membership_completeness_not_certified
2023-04-10,sw1_801120,801120,SW2021,124,121,-0.012368748980553719,-0.012064760731574004,-0.029307902318994716,,,0.2,,0.03105062461021796,,,0.2066115702479339,,,,0.3768390380876491,False,True,continuous_membership_completeness_not_certified
2023-04-11,sw1_801120,801120,SW2021,124,121,-0.012670096016289257,0.0011955029998217193,-0.029589962122231195,,,0.2,,0.029439587095454786,,,0.19008264462809918,,,,0.3390858546949469,False,True,continuous_membership_completeness_not_certified
2023-04-12,sw1_801120,801120,SW2021,124,121,-0.012260235883330578,0.008185572234078885,-0.05596518106985637,,,0.0,,0.03328213958175644,,,0.19008264462809918,,,,0.41075645355613305,False,True,continuous_membership_completeness_not_certified
2023-04-13,sw1_801120,801120,SW2021,124,121,0.00809854628185124,-0.004513776146794196,-0.030767048661342056,,,0.2,0.25,0.025988602899687834,,,0.71900826446281,,,,0.35930617232884854,False,True,continuous_membership_completeness_not_certified
2023-04-14,sw1_801120,801120,SW2021,124,121,-0.01165029382149587,0.00421023462226641,-0.03724024769494305,-0.0658139126127002,,0.2,0.2222222222222222,0.023664477587162853,,,0.1487603305785124,,,,0.2896618218908228,False,True,continuous_membership_completeness_not_certified
2023-04-17,sw1_801120,801120,SW2021,124,121,0.012987884038628097,0.00042160525100089474,-0.025201545814776627,-0.05400875033994035,,0.4,0.3,0.028022351846870085,,,0.8429752066115702,,,,0.33878419264396326,False,True,continuous_membership_completeness_not_certified
2023-04-18,sw1_801120,801120,SW2021,124,121,0.01039350145566942,-0.005414081971830862,0.0044553687885264814,-0.025395033284580926,,0.6,0.4,0.027328464217717043,,,0.7272727272727273,,,,0.259885485358965,False,True,continuous_membership_completeness_not_certified
2023-04-19,sw1_801120,801120,SW2021,124,121,-0.0059451727168677694,-0.003846323719361596,0.022863310615395815,-0.033721962237321934,,0.6,0.3,0.020975198861773174,,,0.2644628099173554,,,,0.25852201179465306,False,True,continuous_membership_completeness_not_certified
2023-04-20,sw1_801120,801120,SW2021,124,121,-0.01090218441622314,-0.004942777657695451,0.004183600662282405,-0.026407847187908007,,0.4,0.3,0.021718975241565002,,,0.2066115702479339,,,,0.292028132323356,False,True,continuous_membership_completeness_not_certified
2023-04-21,sw1_801120,801120,SW2021,124,121,-0.005793738067016529,-0.026503849054882702,0.040369936474464296,0.0029852406825192634,,0.6,0.4,0.020415651524029715,,,0.33884297520661155,,,,0.279516227697867,False,True,continuous_membership_completeness_not_certified
2023-04-24,sw1_801120,801120,SW2021,124,121,-0.011925408888760331,-0.004952836387352327,0.0209215900169899,-0.0034740962304560252,,0.4,0.4,0.025960664321859624,,,0.2231404958677686,,,,0.29240017802564017,False,True,continuous_membership_completeness_not_certified
2023-04-25,sw1_801120,801120,SW2021,124,121,0.003081939797710743,-0.02137956676227113,0.029189345373282438,0.03358838621500382,,0.4,0.5,0.02520486533384786,,,0.5371900826446281,,,,0.2758364997124987,False,True,continuous_membership_completeness_not_certified
2023-04-26,sw1_801120,801120,SW2021,124,121,0.010058277851123969,0.00854229550592816,0.03310093760903732,0.055305851791622285,,0.6,0.6,0.027281742691478404,,,0.7024793388429752,,,,0.2934324753825363,False,True,continuous_membership_completeness_not_certified
2023-04-27,sw1_801120,801120,SW2021,124,121,0.0017833731460495867,0.00016111080770633027,0.04084709302473588,0.04462756058458772,-0.005299326718335995,0.8,0.6,0.03047718625782136,,,0.5785123966942148,,,,0.27729143473634055,False,True,continuous_membership_completeness_not_certified
2023-04-28,sw1_801120,801120,SW2021,124,120,0.015808194717458333,0.01863024584844717,0.01817814736063328,0.058579515660775794,-0.008064403547547672,0.6,0.6,0.03387391835573932,,,0.7666666666666667,0.5083333333333333,,,0.30606084154306407,False,True,continuous_membership_completeness_not_certified
2023-05-04,sw1_801120,801120,SW2021,124,120,0.004702337144858334,0.005088819431014955,0.025224553071099498,0.04576103612840943,-0.008476373099090218,0.6,0.5,0.03347285522547379,,,0.6,0.5714285714285714,,,0.2909090286869985,False,True,continuous_membership_completeness_not_certified
2023-05-05,sw1_801120,801120,SW2021,124,120,-0.002530891288233334,-0.0072953991613180945,0.004883161141683967,0.03465568108548778,0.009059129035622338,0.6,0.5,0.02709015400066529,,,0.4166666666666667,0.5714285714285714,,,0.3240659897919472,False,True,continuous_membership_completeness_not_certified
2023-05-08,sw1_801120,801120,SW2021,124,120,-0.007385851886233333,0.005995026456770825,-0.010317344509808812,0.02369231623978052,-0.009977469114815674,0.4,0.5,0.02595113287281072,,,0.2916666666666667,0.5126050420168067,,,0.3650519708730309,False,True,continuous_membership_completeness_not_certified
2023-05-09,sw1_801120,801120,SW2021,124,120,-0.013843353443116664,-0.015648101554087992,-0.009943951539483908,0.031195336112726735,0.004732103008083022,0.4,0.6,0.024197271799575527,,,0.125,0.4117647058823529,,,0.35699570149506726,False,True,continuous_membership_completeness_not_certified
2023-05-10,sw1_801120,801120,SW2021,124,120,-0.0010061317488916667,0.0033915608119052297,-0.011382289080063557,0.006426039639254477,0.009131032780912762,0.4,0.5,0.019876148578877244,,,0.4583333333333333,0.4117647058823529,,,0.3290656513444921,False,True,continuous_membership_completeness_not_certified
2023-05-11,sw1_801120,801120,SW2021,124,120,0.0023524044559000003,0.005398442383726664,-0.013979845098133103,0.010533557819531136,0.006636321946685619,0.4,0.5,0.01980197502874253,,,0.575,0.3949579831932773,,,0.3134936913278185,False,True,continuous_membership_completeness_not_certified
2023-05-12,sw1_801120,801120,SW2021,125,121,-0.008602190568966942,-0.009945933149404007,-0.01728304444500406,-0.012973190482815644,0.02139665551467229,0.4,0.5,0.023306075343661897,,,0.2644628099173554,0.38333333333333336,,,0.3339619903243615,False,True,continuous_membership_completeness_not_certified
2023-05-15,sw1_801120,801120,SW2021,125,121,0.004932810292975207,0.00799262126854586,-0.007187155925089117,-0.01749997826489369,0.038583075974624514,0.4,0.4,0.023003002308431397,,,0.71900826446281,0.38333333333333336,,,0.353483226920135,False,True,continuous_membership_completeness_not_certified
2023-05-16,sw1_801120,801120,SW2021,125,121,-0.008657710547041323,-0.007785165902087093,-0.009929888250945984,-0.01982829028765465,0.025202774876073586,0.2,0.3,0.023053860130745677,,,0.19008264462809918,0.30833333333333335,,,0.3260625179200498,False,True,continuous_membership_completeness_not_certified
2023-05-17,sw1_801120,801120,SW2021,125,121,-0.002518708194082645,0.009455048032795593,-0.017463782308518527,-0.028553208932852514,0.0292597855004193,0.2,0.3,0.024873529424701963,,,0.38016528925619836,0.30833333333333335,,,0.27563653436509217,False,True,continuous_membership_completeness_not_certified
2023-05-18,sw1_801120,801120,SW2021,125,121,-0.011408619781867767,0.004370421772612703,-0.029993230550095618,-0.043359383543486896,0.0017265435593880607,0.2,0.3,0.02236058931637172,,,0.17355371900826447,0.24166666666666667,,,0.29875680225698636,False,True,continuous_membership_completeness_not_certified
2023-05-19,sw1_801120,801120,SW2021,125,121,0.015660481538371903,0.0005591553082893207,-0.016810224325450318,-0.03387049854946389,0.0009736073104662513,0.2,0.3,0.02942820963247985,,,0.9090909090909091,0.35833333333333334,,,0.32255919115832005,False,True,continuous_membership_completeness_not_certified
2023-05-22,sw1_801120,801120,SW2021,125,121,0.019800657110157025,0.0038860932517532413,0.002085030543769628,-0.005210957227423152,0.018531592109853112,0.4,0.4,0.050515061123188855,,,0.9090909090909091,0.625,,,0.41769417780439233,False,True,continuous_membership_completeness_not_certified
2023-05-23,sw1_801120,801120,SW2021,125,121,-0.00909854542805785,-0.008498780089658754,0.002361500092768143,-0.00769091619612805,0.023823107490381523,0.4,0.3,0.03194744530014094,,,0.1487603305785124,0.525,,,0.3648572741012394,False,True,continuous_membership_completeness_not_certified
2023-05-24,sw1_801120,801120,SW2021,125,121,-0.013225086619438014,-0.0012854047996940048,0.0022416834005761777,-0.015232282661217122,-0.0087559095992924,0.4,0.3,0.02602790802810631,,,0.1322314049586777,0.325,,,0.3391258733897891,False,True,continuous_membership_completeness_not_certified
2023-05-25,sw1_801120,801120,SW2021,125,121,-0.011818552345190083,-0.001761908091723679,0.007925918004129895,-0.022060293333516445,-0.011842581984228717,0.4,0.3,0.025805896566152432,,,0.09917355371900827,0.25,,,0.34118378974646996,False,True,continuous_membership_completeness_not_certified
2023-05-26,sw1_801120,801120,SW2021,125,121,-0.0029345014126280987,0.0027797652011045987,-0.0126006346715678,-0.029300093851773235,-0.042426494274927506,0.2,0.2,0.021561431445760802,,,0.30578512396694213,0.175,,,0.35751697631291407,False,True,continuous_membership_completeness_not_certified
2023-05-29,sw1_801120,801120,SW2021,125,121,-0.010132121169041322,-0.005034902418785753,-0.0325952698146913,-0.030947437697210867,-0.04826012342064201,0.0,0.2,0.02161607249591843,,,0.1322314049586777,0.11666666666666667,,,0.31963369395567676,False,True,continuous_membership_completeness_not_certified
2023-05-30,sw1_801120,801120,SW2021,125,121,-0.002843241752157025,0.0031282325775033497,-0.03814046909646285,-0.03624498366231477,-0.05569735030232492,0.0,0.2,0.02476854921713285,,,0.35537190082644626,0.09166666666666666,,,0.38314720768014127,False,True,continuous_membership_completeness_not_certified
2023-05-31,sw1_801120,801120,SW2021,125,121,-0.012193508143429753,-0.0033196625523234766,-0.03510482888054689,-0.03291542793727298,-0.06025707909279532,0.0,0.2,0.028863960728728186,1.1316812238684881,0.7435897435897436,0.1652892561983471,0.09090909090909091,,,0.4224711451298467,False,True,continuous_membership_completeness_not_certified
2023-06-01,sw1_801120,801120,SW2021,125,121,0.00859866205279339,0.0018753969250583466,-0.01888441804151786,-0.010978439610117685,-0.05347870746742267,0.2,0.3,0.025970678964374373,1.0063854552698654,0.575,0.6859504132231405,0.19834710743801653,,,0.3613129153524377,False,True,continuous_membership_completeness_not_certified
2023-06-02,sw1_801120,801120,SW2021,125,121,0.014348816670000002,0.006786996018054718,-0.005881700486375263,-0.018422061234394937,-0.051680164566478615,0.4,0.3,0.0279057380372149,1.0783361541304846,0.7073170731707317,0.9008264462809917,0.3305785123966942,,,0.32928130176298404,False,True,continuous_membership_completeness_not_certified
2023-06-05,sw1_801120,801120,SW2021,125,121,-0.01058743336654545,0.003102622062146841,-0.014546990882601585,-0.046846037430471,-0.05186438195592169,0.4,0.2,0.026492966967030213,1.0208790150655496,0.6190476190476191,0.2066115702479339,0.2727272727272727,,,0.2922149734800613,False,True,continuous_membership_completeness_not_certified
2023-06-06,sw1_801120,801120,SW2021,125,121,-0.010032346382115703,-0.02021662345758623,0.0018066713751682117,-0.035951215106139967,-0.0435673754052166,0.6,0.3,0.025887523990488538,0.9987729450149543,0.4883720930232558,0.19834710743801653,0.21487603305785125,,,0.31288017858380496,False,True,continuous_membership_completeness_not_certified
2023-06-07,sw1_801120,801120,SW2021,125,121,-0.00028470643130578505,0.003098038621633092,0.0073781072849242735,-0.02782106071350743,-0.042589840474973384,0.6,0.3,0.02597240815825107,1.00081982106695,0.5681818181818182,0.47107438016528924,0.2066115702479339,,,0.27019636710812794,False,True,continuous_membership_completeness_not_certified
2023-06-08,sw1_801120,801120,SW2021,125,121,0.005079376391495868,-0.0059634246677122745,0.011663042846814742,-0.0071963262214892465,-0.028766911006357088,0.6,0.4,0.023219985360884432,0.8958559795295823,0.26666666666666666,0.5537190082644629,0.2231404958677686,,,0.2526555003214321,False,True,continuous_membership_completeness_not_certified
2023-06-09,sw1_801120,801120,SW2021,125,121,-0.0020922469257355367,0.0036770452807857756,-0.001470227715498651,-0.007251766198022591,-0.03602600423983404,0.4,0.4,0.021884776915134373,0.8453793002055804,0.17391304347826086,0.371900826446281,0.23140495867768596,,,0.2879427419022407,False,True,continuous_membership_completeness_not_certified
2023-06-12,sw1_801120,801120,SW2021,125,121,0.023578546592545453,0.006155027598153347,0.02945096715858797,0.015012339502913918,-0.016390632832757657,0.6,0.5,0.034837903470500954,1.3440897422311686,0.9787234042553191,0.8925619834710744,0.5867768595041323,,,0.3260609002556737,False,True,continuous_membership_completeness_not_certified
2023-06-13,sw1_801120,801120,SW2021,125,121,-0.0006355214936198347,0.003341899004270237,0.01537316237790165,0.01704265076954059,-0.01962846941387697,0.4,0.5,0.026885733624581264,1.0360138710071394,0.6458333333333334,0.4628099173553719,0.5454545454545454,,,0.304432745839052,False,True,continuous_membership_completeness_not_certified
2023-06-14,sw1_801120,801120,SW2021,125,121,0.01859166054533058,0.00011561815738951536,0.037743657006255704,0.04524354223256988,0.010546138346485212,0.6,0.6,0.03880392836373819,1.4949946047224152,0.9795918367346939,0.8925619834710744,0.7355371900826446,,,0.3135829108313427,False,True,continuous_membership_completeness_not_certified
2023-06-15,sw1_801120,801120,SW2021,125,121,-0.0001640909016942146,0.0030262351748263985,0.023182036182425536,0.03499717225510368,0.023333323199081324,0.4,0.5,0.03155495862310196,1.2154911843504628,0.84,0.5702479338842975,0.7520661157024794,,,0.31712390393495454,False,True,continuous_membership_completeness_not_certified
2023-06-16,sw1_801120,801120,SW2021,125,121,-0.006901058415694216,0.005234270618749376,0.016595350691954724,0.014801984524353662,-0.003939286868624325,0.4,0.4,0.029814172844413105,1.14821496837022,0.7843137254901961,0.36363636363636365,0.7355371900826446,,,0.3828461627675979,False,True,continuous_membership_completeness_not_certified
2023-06-19,sw1_801120,801120,SW2021,125,121,-0.013947314233355374,-0.00024132413573978978,-0.01486245509262174,0.014689408570923934,-0.03278279917186744,0.2,0.4,0.028076268484409573,1.0810756439184193,0.7115384615384616,0.0743801652892562,0.5206611570247934,,,0.3907909657563794,False,True,continuous_membership_completeness_not_certified
2023-06-20,sw1_801120,801120,SW2021,125,121,-0.013728427838950412,-0.0047228147261984075,-0.019789442620721576,-0.004872398331650762,-0.04107332642961381,0.2,0.3,0.02172358028145338,0.8366269349790489,0.1509433962264151,0.05785123966942149,0.39669421487603307,,,0.3533666860607101,False,True,continuous_membership_completeness_not_certified
2023-06-21,sw1_801120,801120,SW2021,125,121,-0.011422364986561984,-0.015130162725508914,-0.03347669305465262,0.002309499579428831,-0.025467909355966656,0.2,0.4,0.01990772810453762,0.7668420136604418,0.037037037037037035,0.12396694214876033,0.2644628099173554,,,0.33920287627078394,False,True,continuous_membership_completeness_not_certified
2023-06-26,sw1_801120,801120,SW2021,125,121,-0.022655727999644628,-0.017718662963369138,-0.034515055265529004,-0.013449441408508345,-0.020242881395802104,0.2,0.3,0.025989279020592393,1.0009091764619018,0.5636363636363636,0.049586776859504134,0.11570247933884298,,,0.3653289289728594,False,True,continuous_membership_completeness_not_certified
2023-06-27,sw1_801120,801120,SW2021,125,121,0.012237051019611568,0.017788844209710317,-0.02861764958243518,-0.013348250419544128,-0.02030967720040655,0.2,0.3,0.026568988593240764,1.023037889370822,0.6071428571428571,0.8016528925619835,0.17355371900826447,,,0.3526536845085052,False,True,continuous_membership_completeness_not_certified
2023-06-28,sw1_801120,801120,SW2021,125,121,0.006524457280380167,-0.0029960490160751106,-0.006171470073792262,-0.020672080785704816,-0.006105056430105837,0.4,0.3,0.023715840988493653,0.9133536507144527,0.3333333333333333,0.6942148760330579,0.2727272727272727,,,0.3063325819190089,False,True,continuous_membership_completeness_not_certified
2023-06-29,sw1_801120,801120,SW2021,125,121,-0.006971024680809917,0.008970449941227294,-0.012961968882309494,-0.032350516193733525,-0.015907331577274753,0.4,0.3,0.024247477885143896,0.934008374536349,0.3793103448275862,0.2727272727272727,0.23140495867768596,,,0.30106404799695585,False,True,continuous_membership_completeness_not_certified
2023-06-30,sw1_801120,801120,SW2021,125,121,0.004795624299214875,0.010949111354118074,-0.023153293995175073,-0.05613867792417626,-0.013321160186154257,0.2,0.2,0.023701341530081372,0.913138932223858,0.3220338983050847,0.7024793388429752,0.2727272727272727,0.16666666666666666,0.0,0.3059300136651197,False,True,continuous_membership_completeness_not_certified
2023-03-31,sw1_801890,801890,SW2021,526,508,0.00552746259692126,,,,,,,0.04616184071145993,,,0.6515748031496063,,,,0.10705189822729323,False,True,continuous_membership_completeness_not_certified
2023-04-03,sw1_801890,801890,SW2021,526,509,0.006161390284104126,0.009789705029524299,,,,,,0.042269092862415,,,0.6601178781925344,,,,0.08668390350826308,False,True,continuous_membership_completeness_not_certified
2023-04-04,sw1_801890,801890,SW2021,526,509,-0.014941416971499017,-0.00840357702214875,,,,,,0.045744957840618286,,,0.18860510805500982,,,,0.14340179433180325,False,True,continuous_membership_completeness_not_certified
2023-04-06,sw1_801890,801890,SW2021,526,509,0.004770604614891945,-0.0004466925675566016,,,,,,0.04629350582791816,,,0.4950884086444008,,,,0.13128120044718486,False,True,continuous_membership_completeness_not_certified
2023-04-07,sw1_801890,801890,SW2021,528,510,0.007628871728494119,0.009730698725801503,,,,0.25,,0.048767891118472066,,,0.6470588235294118,,,,0.10532078768512401,False,True,continuous_membership_completeness_not_certified
2023-04-10,sw1_801890,801890,SW2021,537,518,-0.004535117984675676,-0.012064760731574004,0.0004996481325530988,,,0.4,,0.05156004255527541,,,0.3281853281853282,,,,0.11545872418549143,False,True,continuous_membership_completeness_not_certified
2023-04-11,sw1_801890,801890,SW2021,537,520,-0.005886775047998077,0.0011955029998217193,-0.0029643071835392387,,,0.4,,0.04821476415285898,,,0.27884615384615385,,,,0.13198947151226287,False,True,continuous_membership_completeness_not_certified
2023-04-12,sw1_801890,801890,SW2021,537,520,0.01223458254778654,0.008185572234078885,0.007702772133799218,,,0.6,,0.04879579935338033,,,0.7211538461538461,,,,0.10569098336527381,False,True,continuous_membership_completeness_not_certified
2023-04-13,sw1_801890,801890,SW2021,537,520,-0.012363986376555766,-0.004513776146794196,-0.005496885145246266,,,0.4,0.375,0.04631890890163161,,,0.17115384615384616,,,,0.09645945064576258,False,True,continuous_membership_completeness_not_certified
2023-04-14,sw1_801890,801890,SW2021,537,521,0.006951254515228406,0.00421023462226641,-0.0006870413947321907,-0.007809376575673266,,0.6,0.4444444444444444,0.044713108806025956,,,0.6238003838771593,,,,0.1140418409288485,False,True,continuous_membership_completeness_not_certified
2023-04-17,sw1_801890,801890,SW2021,537,521,0.005539180619788868,0.00042160525100089474,-0.0032048200875964827,-0.0026969131993488382,,0.6,0.5,0.05266009850287054,,,0.5969289827255279,,,,0.10710301257462712,False,True,continuous_membership_completeness_not_certified
2023-04-18,sw1_801890,801890,SW2021,537,522,-0.00951553628060728,-0.005414081971830862,-0.0002136671938495205,-0.0031835624065544854,,0.6,0.5,0.04954733410285444,,,0.22413793103448276,,,,0.15077642000945196,False,True,continuous_membership_completeness_not_certified
2023-04-19,sw1_801890,801890,SW2021,537,521,-0.0053218938422859895,-0.003846323719361596,-0.005635320901241858,0.001917186845770913,,0.4,0.5,0.048125066651412196,,,0.2783109404990403,,,,0.14054633040862233,False,True,continuous_membership_completeness_not_certified
2023-04-20,sw1_801890,801890,SW2021,537,522,-0.005610587300793104,-0.004942777657695451,0.0015285860361075043,-0.0039204793272571425,,0.4,0.4,0.047448342308453975,,,0.2796934865900383,,,,0.10527077629946585,False,True,continuous_membership_completeness_not_certified
2023-04-21,sw1_801890,801890,SW2021,537,522,-0.02333063441470115,-0.026503849054882702,0.0019901809258838776,0.0013229713483436933,,0.4,0.5,0.0516160574981222,,,0.10344827586206896,,,,0.1530061678751302,False,True,continuous_membership_completeness_not_certified
2023-04-24,sw1_801890,801890,SW2021,537,522,-0.008547813415070882,-0.004952836387352327,-0.006330626962937402,-0.009430962043001423,,0.2,0.4,0.05173793643874917,,,0.33524904214559387,,,,0.15422020398310932,False,True,continuous_membership_completeness_not_certified
2023-04-25,sw1_801890,801890,SW2021,537,522,-0.025255222379421457,-0.02137956676227113,-0.006075800848668211,-0.00629244768194237,,0.2,0.4,0.051813527050497334,,,0.11302681992337164,,,,0.1332912214773877,False,True,continuous_membership_completeness_not_certified
2023-04-26,sw1_801890,801890,SW2021,537,523,0.014628422800336523,0.00854229550592816,0.0009630449714749245,-0.004412274733473054,,0.4,0.4,0.049107957290461655,,,0.7762906309751434,,,,0.15997613927466592,False,True,continuous_membership_completeness_not_certified
2023-04-27,sw1_801890,801890,SW2021,538,522,0.0001222886597126437,0.00016111080770633027,0.0015736294279702356,0.0030226367516580366,-0.006930578201595261,0.4,0.4,0.04823577890453438,,,0.49233716475095785,,,,0.15465263269826748,False,True,continuous_membership_completeness_not_certified
2023-04-28,sw1_801890,801890,SW2021,538,522,0.01832882960191188,0.01863024584844717,-0.0019051538643778398,0.00015827090989151138,-0.007343990989155502,0.2,0.3,0.04754764603677091,,,0.7988505747126436,0.28793774319066145,,,0.12039453221953043,False,True,continuous_membership_completeness_not_certified
2023-05-04,sw1_801890,801890,SW2021,540,521,0.004906320875201536,0.005088819431014955,0.0015493956636303263,-0.004928192985604762,-0.007556650002608523,0.2,0.2,0.04978081020743725,,,0.581573896353167,0.380859375,,,0.12013403756792447,False,True,continuous_membership_completeness_not_certified
2023-05-05,sw1_801890,801890,SW2021,540,523,-0.010149289684441683,-0.0072953991613180945,0.002690638345469676,-0.0037169479682878093,-0.006744791691669416,0.2,0.2,0.04945816580447454,,,0.23709369024856597,0.349609375,,,0.15511478517163244,False,True,continuous_membership_completeness_not_certified
2023-05-08,sw1_801890,801890,SW2021,540,523,0.009601871769956022,0.005995026456770825,0.00018774645221220077,0.0011636031179280693,0.003027767669569359,0.2,0.3,0.04464284420085487,,,0.6577437858508605,0.42300194931773877,,,0.1099789028817632,False,True,continuous_membership_completeness_not_certified
2023-05-09,sw1_801890,801890,SW2021,540,521,-0.020914901761562382,-0.015648101554087992,-0.005162319799673076,-0.003360657988537019,-0.007096183308808235,0.2,0.3,0.04158899286081784,,,0.09021113243761997,0.3287671232876712,,,0.09840155445368767,False,True,continuous_membership_completeness_not_certified
2023-05-10,sw1_801890,801890,SW2021,540,521,0.007086271589105566,0.0033915608119052297,-0.0011603161120432581,-0.003047478879747989,-0.0016086467962377338,0.4,0.3,0.04218337768512944,,,0.6833013435700576,0.3586744639376218,,,0.12248659160577088,False,True,continuous_membership_completeness_not_certified
2023-05-11,sw1_801890,801890,SW2021,540,521,0.0023252498798829175,0.005398442383726664,-0.004009071272482512,-0.002521449809062326,-0.011859152009443541,0.4,0.3,0.042822149282155345,,,0.5950095969289827,0.39766081871345027,,,0.09370378224051489,False,True,continuous_membership_completeness_not_certified
2023-05-12,sw1_801890,801890,SW2021,540,521,-0.012869278120564298,-0.009945933149404007,-0.004075272240673167,-0.0015277522811560917,-0.007810260143454539,0.4,0.3,0.04214647043658432,,,0.15547024952015356,0.3313840155945419,,,0.09433825965586462,False,True,continuous_membership_completeness_not_certified
2023-05-15,sw1_801890,801890,SW2021,540,522,0.011626565529281607,0.00799262126854586,-0.004063914120741807,-0.003970474203611074,-0.008196621841228713,0.4,0.3,0.0411717763057875,,,0.8180076628352491,0.4085603112840467,,,0.08513670179106211,False,True,continuous_membership_completeness_not_certified
2023-05-16,sw1_801890,801890,SW2021,540,524,-0.003304910721526717,-0.007785165902087093,0.0057712834347664055,0.0006219052921265789,0.003629677868286274,0.6,0.4,0.04582262725992246,,,0.383587786259542,0.4046692607003891,,,0.08850200889276856,False,True,continuous_membership_completeness_not_certified
2023-05-17,sw1_801890,801890,SW2021,540,524,0.021140123526643132,0.009455048032795593,0.013755246408205801,0.012454679678652325,0.012124448063729587,0.6,0.5,0.05709525692049925,,,0.8606870229007634,0.5864077669902913,,,0.096593523922948,False,True,continuous_membership_completeness_not_certified
2023-05-18,sw1_801890,801890,SW2021,540,524,0.015605696131757633,0.004370421772612703,0.028280373532956427,0.023907097261673615,0.018049642982592706,0.8,0.6,0.06775312565978213,,,0.7347328244274809,0.6951456310679611,,,0.12124078514842107,False,True,continuous_membership_completeness_not_certified
2023-05-19,sw1_801890,801890,SW2021,540,524,0.003914953422148855,0.0005591553082893207,0.035178767683911705,0.030515145400709986,0.025552690612767104,1.0,0.7,0.0684631913813009,,,0.5248091603053435,0.7203883495145631,,,0.16176537348135464,False,True,continuous_membership_completeness_not_certified
2023-05-22,sw1_801890,801890,SW2021,540,523,0.00840035187145698,0.0038860932517532413,0.03596431097327635,0.031388238857327,0.03173742482806674,1.0,0.7,0.06763906717527893,,,0.6634799235181644,0.7592233009708738,,,0.11024446886463546,False,True,continuous_membership_completeness_not_certified
2023-05-23,sw1_801890,801890,SW2021,540,525,-0.006948808002485714,-0.008498780089658754,0.03286537724844374,0.038846938016888766,0.03386503984717726,1.0,0.8,0.06965731659724442,,,0.24952380952380954,0.7320388349514563,,,0.11898372812803265,False,True,continuous_membership_completeness_not_certified
2023-05-24,sw1_801890,801890,SW2021,540,526,0.0088590746386673,-0.0012854047996940048,0.031069681154003548,0.04539222638004481,0.041827992964143634,1.0,0.8,0.07343760059544047,,,0.6121673003802282,0.7650485436893204,,,0.0983445245599844,False,True,continuous_membership_completeness_not_certified
2023-05-25,sw1_801890,801890,SW2021,540,526,0.002442686841110266,-0.001761908091723679,0.02381890097947148,0.05266505394045451,0.05013721195572518,1.0,0.9,0.07576601779708123,,,0.564638783269962,0.7616279069767442,,,0.11671381283945358,False,True,continuous_membership_completeness_not_certified
2023-05-26,sw1_801890,801890,SW2021,544,526,-0.0014553120492414452,0.0027797652011045987,0.016176696293346615,0.051987397248148826,0.051091079527270544,0.8,0.9,0.07076622750861007,,,0.4752851711026616,0.7422480620155039,,,0.12202581643575439,False,True,continuous_membership_completeness_not_certified
2023-05-29,sw1_801890,801890,SW2021,544,526,-0.008912816836237642,-0.005034902418785753,0.007657212831828519,0.04348200719253692,0.039935399857192966,0.6,0.8,0.059981408281495424,,,0.2224334600760456,0.6569767441860465,,,0.11457272782132039,False,True,continuous_membership_completeness_not_certified
2023-05-30,sw1_801890,801890,SW2021,544,526,0.0010100124725228134,0.0031282325775033497,0.004057501213054482,0.03702351188338904,0.03787123722536467,0.4,0.7,0.06460933128374166,,,0.5133079847908745,0.6827852998065764,,,0.13664986137340585,False,True,continuous_membership_completeness_not_certified
2023-05-31,sw1_801890,801890,SW2021,544,527,-0.004143841580580645,-0.0033196625523234766,-0.006822826052533704,0.0239104833693754,0.03650905370255031,0.2,0.6,0.06262117711434273,1.2792395156428662,0.7948717948717948,0.2998102466793169,0.581081081081081,,,0.14231813746829405,False,True,continuous_membership_completeness_not_certified
2023-06-01,sw1_801890,801890,SW2021,544,527,0.0008574055683529413,0.0018753969250583466,-0.012015087456862306,0.01158891101172832,0.0355373894978831,0.0,0.5,0.058173895876967786,1.1846124149062707,0.75,0.4781783681214421,0.5846153846153846,,,0.1285958270934222,False,True,continuous_membership_completeness_not_certified
2023-06-02,sw1_801890,801890,SW2021,544,527,-0.0015491153158444016,0.006786996018054718,-0.01610156835616794,-5.124797164235417e-05,0.030415135981188834,0.0,0.4,0.05672575125549583,1.1510192239347616,0.7073170731707317,0.540796963946869,0.5884615384615385,,,0.10976309132336598,False,True,continuous_membership_completeness_not_certified
2023-06-05,sw1_801890,801890,SW2021,544,526,-0.0003583815420418253,0.003102622062146841,-0.015786348921973392,-0.007943953217483313,0.02311133120071429,0.0,0.3,0.05548786338040166,1.1219151069969846,0.6904761904761905,0.4220532319391635,0.5722543352601156,,,0.09826411097612295,False,True,continuous_membership_completeness_not_certified
2023-06-06,sw1_801890,801890,SW2021,544,527,-0.02387890085609867,-0.02021662345758623,-0.017004050214571742,-0.013026661055097533,0.02465363916520391,0.0,0.2,0.05995423239105311,1.2111293301315866,0.7674418604651163,0.09867172675521822,0.2697495183044316,,,0.11526593189084908,False,True,continuous_membership_completeness_not_certified
2023-06-07,sw1_801890,801890,SW2021,544,527,0.0027375834144781784,0.003098038621633092,-0.016656191023502354,-0.02325688454219821,0.02054417680668419,0.0,0.1,0.059940967702505794,1.2097718028194089,0.75,0.5275142314990512,0.27360308285163776,,,0.14545343789421278,False,True,continuous_membership_completeness_not_certified
2023-06-08,sw1_801890,801890,SW2021,544,527,-0.012062085807681215,-0.0059634246677122745,-0.021497094181179843,-0.03308047979243356,0.017214180520479294,0.0,0.0,0.056422199321599247,1.1360767829376064,0.6666666666666666,0.19165085388994307,0.2076923076923077,,,0.1338275421031945,False,True,continuous_membership_completeness_not_certified
2023-06-09,sw1_801890,801890,SW2021,545,528,0.0006751646977272726,0.0036770452807857756,-0.016299297744546526,-0.03192955376208417,0.017412231073472784,0.0,0.0,0.053101535012850226,1.0667069256521835,0.6304347826086957,0.5265151515151515,0.19230769230769232,,,0.13912584276360918,False,True,continuous_membership_completeness_not_certified
2023-06-12,sw1_801890,801890,SW2021,545,529,0.010334348825714556,0.006155027598153347,-0.008945621877469057,-0.024482758651142023,0.01793368062417844,0.2,0.1,0.05741188075742376,1.133045147979017,0.723404255319149,0.6975425330812854,0.3160919540229885,,,0.10445599897224825,False,True,continuous_membership_completeness_not_certified
2023-06-13,sw1_801890,801890,SW2021,545,529,0.007005847641635161,0.003341899004270237,-0.001734896130803465,-0.018863998382137148,0.017254492688016043,0.4,0.2,0.05446331399034966,1.0563085538954273,0.625,0.5992438563327032,0.3620689655172414,,,0.1038464902509992,False,True,continuous_membership_completeness_not_certified
2023-06-14,sw1_801890,801890,SW2021,545,528,0.001296145931844697,0.00011561815738951536,-0.0001808657283333126,-0.01695468640147757,0.006679602040215227,0.6,0.3,0.05961325669286729,1.1555632876609045,0.7551020408163265,0.42045454545454547,0.3570057581573896,,,0.13860543371829884,False,True,continuous_membership_completeness_not_certified
2023-06-15,sw1_801890,801890,SW2021,545,529,0.017265050501024573,0.0030262351748263985,0.020606135871746645,-0.0019620641470941003,0.009652095168168673,0.8,0.4,0.07168260733518925,1.3887656440594494,0.96,0.7107750472589792,0.5163147792706334,,,0.1301656401719758,False,True,continuous_membership_completeness_not_certified
2023-06-16,sw1_801890,801890,SW2021,545,528,0.007788685143001894,0.005234270618749376,0.026401031760318494,0.008945009288007455,0.008879453716002406,1.0,0.5,0.0722713196205735,1.3985201126280002,0.9607843137254902,0.6325757575757576,0.6046065259117083,,,0.12283624091862806,False,True,continuous_membership_completeness_not_certified
2023-06-19,sw1_801890,801890,SW2021,545,530,0.006749057570392453,-0.00024132413573978978,0.02916647645080772,0.019465645127701325,0.01133818314335111,1.0,0.6,0.07357482973617555,1.422067341693814,0.9807692307692307,0.539622641509434,0.615678776290631,,,0.12757913064574702,False,True,continuous_membership_completeness_not_certified
2023-06-20,sw1_801890,801890,SW2021,545,531,0.010801154790322034,-0.0047228147261984075,0.04121915542754073,0.03983173750583946,0.02554527156894526,1.0,0.7,0.08011375015868799,1.5473224126283363,1.0,0.5969868173258004,0.6615678776290631,,,0.11262176540418667,False,True,continuous_membership_completeness_not_certified
2023-06-21,sw1_801890,801890,SW2021,545,531,-0.008124272394817326,-0.015130162725508914,0.04668692412107078,0.046840753797285584,0.02214530829138661,1.0,0.8,0.0817727933229086,1.5782132191698326,1.0,0.2580037664783427,0.6061185468451242,,,0.10948047834257452,False,True,continuous_membership_completeness_not_certified
2023-06-26,sw1_801890,801890,SW2021,545,531,-0.016342909355532956,-0.017718662963369138,0.032936364814727837,0.05409531341809948,0.019015156815010648,1.0,0.9,0.08244787714227733,1.5783481563997375,1.0,0.192090395480226,0.4722753346080306,,,0.09992031673668109,False,True,continuous_membership_completeness_not_certified
2023-06-27,sw1_801890,801890,SW2021,545,531,0.0168462694316177,0.017788844209710317,0.029844018619996193,0.0570350291725753,0.022623015117128387,0.8,0.9,0.08127181950470645,1.543328284892522,0.9642857142857143,0.7947269303201506,0.6462715105162524,,,0.09127425868790055,False,True,continuous_membership_completeness_not_certified
2023-06-28,sw1_801890,801890,SW2021,545,531,0.004165021874945386,-0.0029960490160751106,0.029952272361820076,0.05966776578494737,0.03389318144860831,0.8,0.9,0.08416829174307958,1.5916602069231187,1.0,0.5404896421845574,0.6641221374045801,,,0.10196666990170691,False,True,continuous_membership_completeness_not_certified
2023-06-29,sw1_801890,801890,SW2021,545,531,0.022981338600824863,0.008970449941227294,0.02864420212950014,0.07074888624981213,0.05054215620631919,0.8,0.9,0.09752408437904128,1.836558667380163,1.0,0.8587570621468926,0.8072519083969466,,,0.08853563547845751,False,True,continuous_membership_completeness_not_certified
2023-06-30,sw1_801890,801890,SW2021,550,531,0.00822165142826177,0.010949111354118074,0.019211298566585988,0.0673466417792068,0.04928539875093518,0.6,0.8,0.09158035082432717,1.7027932762979623,0.9830508474576272,0.6026365348399246,0.8568702290076335,0.7292490118577075,0.13043478260869565,0.10101911474147553,False,True,continuous_membership_completeness_not_certified
2025-04-01,sw1_801080,801080,SW2021,487,476,0.006387709237466387,,,,,,,0.11839099079832867,,,0.6428571428571429,,,,0.07880410921419398,False,True,continuous_membership_completeness_not_certified
2025-04-02,sw1_801080,801080,SW2021,487,476,0.00020243627805462166,0.0021189267397890834,,,,,,0.11425173034335845,,,0.4726890756302521,,,,0.07751738918584641,False,True,continuous_membership_completeness_not_certified
2025-04-03,sw1_801080,801080,SW2021,487,476,-0.021743235382264702,-0.005797364280692244,,,,,,0.1371885887814209,,,0.12605042016806722,,,,0.10343377382209146,False,True,continuous_membership_completeness_not_certified
2025-04-07,sw1_801080,801080,SW2021,487,476,-0.1455722844822752,-0.12093711873177676,,,,,,0.1154123990512948,,,0.004201680672268907,,,,0.10647845779572537,False,True,continuous_membership_completeness_not_certified
2025-04-08,sw1_801080,801080,SW2021,487,475,-0.0061215153305115835,0.007715675688486597,,,,0.0,,0.12109999023000813,,,0.5536842105263158,,,,0.08707033451800454,False,True,continuous_membership_completeness_not_certified
2025-04-09,sw1_801080,801080,SW2021,487,475,0.03257689419725895,0.027928430399978204,-0.04925562299820063,,,0.2,,0.13214916538556876,,,0.9073684210526316,,,,0.09211855044249186,False,True,continuous_membership_completeness_not_certified
2025-04-10,sw1_801080,801080,SW2021,487,475,0.03250320933124422,0.028408450719797723,-0.04534824062377696,,,0.4,,0.12854146036371378,,,0.9578947368421052,,,,0.0991055667196269,False,True,continuous_membership_completeness_not_certified
2025-04-11,sw1_801080,801080,SW2021,487,475,0.03932470625284421,0.008452839181903702,-0.0034042862794958495,,,0.6,,0.17439250462410713,,,0.9347368421052632,,,,0.08530241089893265,False,True,continuous_membership_completeness_not_certified
2025-04-14,sw1_801080,801080,SW2021,487,475,0.014792551561096844,0.01875070611400535,0.02313710796806223,,,0.6,0.375,0.1619226153658868,,,0.751578947368421,,,,0.10329736184660582,False,True,continuous_membership_completeness_not_certified
2025-04-15,sw1_801080,801080,SW2021,487,475,-0.007379992085898946,0.00019032321832603068,0.02989495730565861,-0.031292671064515165,,0.6,0.3333333333333333,0.1258301249244739,,,0.25473684210526315,,,,0.10089823128751098,False,True,continuous_membership_completeness_not_certified
2025-04-16,sw1_801080,801080,SW2021,487,476,-0.014836519687710083,-0.014341598034351869,0.023312545824171416,-0.031302882583905456,,0.4,0.3,0.13462361358700006,,,0.15336134453781514,,,,0.10102083231552818,False,True,continuous_membership_completeness_not_certified
2025-04-17,sw1_801080,801080,SW2021,487,476,0.006668533984432773,0.00660029714990465,0.01875485863569537,-0.029622044616092413,,0.4,0.4,0.13842769364229776,,,0.5525210084033614,,,,0.08762619936062577,False,True,continuous_membership_completeness_not_certified
2025-04-18,sw1_801080,801080,SW2021,487,476,0.0006952816257352938,-0.0015021725748206483,-0.009770892385340568,-0.012630500245268683,,0.4,0.5,0.12327705831933945,,,0.47058823529411764,,,,0.08520183613952967,False,True,continuous_membership_completeness_not_certified
2025-04-21,sw1_801080,801080,SW2021,487,476,0.018527055382199578,0.017524670035631774,-0.004877205336571544,0.017876820944481953,,0.6,0.6,0.12120555636009238,,,0.8802521008403361,,,,0.10733897053351645,False,True,continuous_membership_completeness_not_certified
2025-04-22,sw1_801080,801080,SW2021,487,477,-0.0022169352737337524,0.0009910014932023306,-0.0004654512218860152,0.029645506582878012,,0.6,0.6,0.11632193414220805,,,0.3668763102725367,,,,0.09166687787271689,False,True,continuous_membership_completeness_not_certified
2025-04-23,sw1_801080,801080,SW2021,487,477,0.013844009830693919,0.006580879193010754,0.007477787192257335,0.03198561126718524,,0.8,0.6,0.12383432603964663,,,0.7568134171907757,,,,0.09808279398902361,False,True,continuous_membership_completeness_not_certified
2025-04-24,sw1_801080,801080,SW2021,487,477,-0.018277460721301885,-0.008922506149240193,-0.002352268372816768,0.016585697001547217,,0.6,0.5,0.10743263955378761,,,0.09433962264150944,,,,0.08256079953099477,False,True,continuous_membership_completeness_not_certified
2025-04-25,sw1_801080,801080,SW2021,487,478,0.003089618196968619,0.0016872578200588346,-0.0031711244179393194,-0.013114919819056547,,0.6,0.5,0.12130878893825263,,,0.5899581589958159,,,,0.09063885026160909,False,True,continuous_membership_completeness_not_certified
2025-04-28,sw1_801080,801080,SW2021,487,478,-0.009054293015504183,-0.014149546981565234,0.0010358867502885394,-0.003770151999074489,-0.027597860210552327,0.6,0.6,0.10635803494351137,,,0.26778242677824265,,,,0.08406589047636336,False,True,continuous_membership_completeness_not_certified
2025-04-29,sw1_801080,801080,SW2021,487,477,0.008469165854815514,0.008200994016395726,0.004505292689779061,0.004081599068789021,-0.02757602382338553,0.8,0.7,0.11589481732708938,,,0.6981132075471698,0.5677966101694916,,,0.09228679123032242,False,True,continuous_membership_completeness_not_certified
2025-04-30,sw1_801080,801080,SW2021,487,476,0.018146518112478992,0.009769711865591519,0.005592894245695645,0.013255670650853979,-0.0200278833205757,0.8,0.8,0.1252983095665162,,,0.8487394957983193,0.7446808510638298,,,0.07689566070721231,False,True,continuous_membership_completeness_not_certified
2025-05-06,sw1_801080,801080,SW2021,487,478,0.03328799086603556,0.02834290747437474,0.020757050670441535,0.018578632066265532,-0.013985980653433594,1.0,0.8,0.12989200039192644,,,0.9602510460251046,0.9234042553191489,,,0.07231823929355172,False,True,continuous_membership_completeness_not_certified
2025-05-07,sw1_801080,801080,SW2021,487,478,-0.0002494009540669459,0.007319882462812822,0.01143321106696149,0.008303646254009367,-0.0055541601833350995,0.8,0.7,0.11725335426848597,,,0.4205020920502092,0.9212765957446809,,,0.07640695785720036,False,True,continuous_membership_completeness_not_certified
2025-05-08,sw1_801080,801080,SW2021,487,478,0.010412667702700835,0.010648512535747405,0.005930247852230508,0.00695812373650484,0.026590873909649648,0.6,0.6,0.11109487711530969,,,0.7740585774058577,0.9106382978723404,,,0.09965845098086004,False,True,continuous_membership_completeness_not_certified
2025-05-09,sw1_801080,801080,SW2021,487,478,-0.019898327341305436,-0.01023927403684392,-0.004722945357364949,1.6932594100182996e-06,0.03080990845315701,0.4,0.6,0.1108576167726289,,,0.09414225941422594,0.7957446808510639,,,0.08949083812128306,False,True,continuous_membership_completeness_not_certified
2025-05-12,sw1_801080,801080,SW2021,487,478,0.018454196598558577,0.013892524200312608,-0.008680165709229692,-0.0028214337066188033,0.03036279374778572,0.4,0.6,0.11710062819943517,,,0.899581589958159,0.8365180467091295,,,0.1098774795296166,False,True,continuous_membership_completeness_not_certified
2025-05-13,sw1_801080,801080,SW2021,487,478,-0.007212389917945607,-0.002062787022736756,-0.018454865241427587,0.0016997627627630685,0.019267785407757865,0.2,0.6,0.11542090259367127,,,0.18200836820083682,0.8152866242038217,,,0.1153282137210431,False,True,continuous_membership_completeness_not_certified
2025-05-14,sw1_801080,801080,SW2021,487,478,-0.0011766256839937242,0.0020158134834374255,-0.014015029124305523,-0.0031359841022116086,-0.017008572123736743,0.2,0.5,0.10276029083331663,,,0.3891213389121339,0.7961783439490446,,,0.1035575254497269,False,True,continuous_membership_completeness_not_certified
2025-05-15,sw1_801080,801080,SW2021,487,478,-0.017960322751569037,-0.00809422201809737,-0.023291697918092713,-0.019059776429911635,-0.022877472536765975,0.2,0.4,0.09639209040842875,,,0.07322175732217573,0.6348195329087049,,,0.085025591686811,False,True,continuous_membership_completeness_not_certified
2025-05-16,sw1_801080,801080,SW2021,487,478,0.005467659508376568,0.0046097671002744344,-0.013066912812097264,-0.01838170516469595,-0.01418262898352074,0.4,0.4,0.09294601276565097,,,0.6213389121338913,0.6377118644067796,,,0.06922806896420966,False,True,continuous_membership_completeness_not_certified
2025-05-19,sw1_801080,801080,SW2021,487,478,0.005726186564897491,0.008860470282458585,-0.020515265971562613,-0.03010056791841098,-0.017304297540525093,0.2,0.3,0.09758313093172637,,,0.6422594142259415,0.6567796610169492,,,0.07661510483739918,False,True,continuous_membership_completeness_not_certified
2025-05-20,sw1_801080,801080,SW2021,487,478,0.010554222535278244,0.010347540010628339,-0.015394000663071283,-0.03419287086094225,-0.017222241537005134,0.4,0.3,0.09744598377821084,,,0.7301255230125523,0.684322033898305,,,0.09581000694421203,False,True,continuous_membership_completeness_not_certified
2025-05-21,sw1_801080,801080,SW2021,487,477,-0.011929114515551363,-0.004809830799601598,-0.01925172397451147,-0.03342096267514527,-0.027129829303583097,0.4,0.3,0.09757894746721385,,,0.16352201257861634,0.5953389830508474,,,0.09709504095676505,False,True,continuous_membership_completeness_not_certified
2025-05-22,sw1_801080,801080,SW2021,487,476,-0.010020486750243697,-0.013579717463863524,-0.005644690676485209,-0.028900514671792776,-0.023613734032962075,0.6,0.4,0.10158892677856476,,,0.20588235294117646,0.4555084745762712,,,0.060467187797548366,False,True,continuous_membership_completeness_not_certified
2025-05-23,sw1_801080,801080,SW2021,488,476,-0.01620324304412395,-0.010961263674868283,-0.011608193369832986,-0.02450744726351539,-0.02546681169946985,0.4,0.4,0.09948656005294673,,,0.12184873949579832,0.2690677966101695,,,0.0610756917848829,False,True,continuous_membership_completeness_not_certified
2025-05-26,sw1_801080,801080,SW2021,488,476,0.01420300522039916,0.009532735450693107,-0.00402414914200544,-0.02427928259922163,-0.028154914701291833,0.6,0.4,0.10404288731872395,,,0.8319327731092437,0.3834745762711864,,,0.0982858526027626,False,True,continuous_membership_completeness_not_certified
2025-05-27,sw1_801080,801080,SW2021,488,476,-0.009659965700779411,0.0014688363465699503,-0.015050312930931953,-0.030196796898572464,-0.0301808303855553,0.4,0.4,0.09354192219969684,,,0.18907563025210083,0.30655391120507397,,,0.10315031465577264,False,True,continuous_membership_completeness_not_certified
2025-05-28,sw1_801080,801080,SW2021,488,475,-0.006343208693456842,-0.004165235833588939,-0.01022181353262308,-0.02904560829076852,-0.03364688246806247,0.4,0.4,0.09080411612662556,,,0.2673684210526316,0.23728813559322035,,,0.096824840250288,False,True,continuous_membership_completeness_not_certified
2025-05-29,sw1_801080,801080,SW2021,488,475,0.022192481477541052,0.015867528811045965,-0.00791572612827296,-0.013622472791369855,-0.033572671063265114,0.4,0.5,0.10403893088059551,,,0.9368421052631579,0.4576271186440678,,,0.0953978905289241,False,True,continuous_membership_completeness_not_certified
2025-05-30,sw1_801080,801080,SW2021,489,475,-0.02317159774492842,-0.014001358824485785,-0.011915378582047609,-0.02336017741330043,-0.042608896020981835,0.4,0.4,0.09090570130177429,0.7859880974186698,0.02564102564102564,0.07368421052631578,0.20084566596194503,,,0.0997869428041246,False,True,continuous_membership_completeness_not_certified
2025-06-03,sw1_801080,801080,SW2021,489,475,0.0038194257874821047,0.008127459177240027,-0.020714382379868446,-0.024482911464124957,-0.05513873023415561,0.2,0.4,0.0845835506135904,0.7328269725229843,0.0,0.5410526315789473,0.23628691983122363,,,0.08269761650818819,False,True,continuous_membership_completeness_not_certified
2025-06-04,sw1_801080,801080,SW2021,489,475,0.010090773930962105,0.009383905722869615,-0.009002613697886686,-0.023977863153006207,-0.0581280232351562,0.4,0.4,0.09145030313201884,0.7923493055839428,0.07317073170731707,0.7726315789473684,0.33544303797468356,,,0.09153256664276577,False,True,continuous_membership_completeness_not_certified
2025-06-05,sw1_801080,801080,SW2021,489,475,0.018546695916332633,0.0026226119077370556,0.009278200476209753,-0.001427376942493952,-0.03496318111987484,0.6,0.5,0.11611750033529367,1.0060352823965923,0.5476190476190477,0.8905263157894737,0.5687103594080338,,,0.10543515764822443,False,True,continuous_membership_completeness_not_certified
2025-06-06,sw1_801080,801080,SW2021,489,476,-0.002622788044684874,-0.0004818710138557226,0.0006910000685451667,-0.007265632436244562,-0.03645489574751848,0.4,0.4,0.10508637679158199,0.9104958083839259,0.3488372093023256,0.44537815126050423,0.5433403805496829,,,0.08722343399237316,False,True,continuous_membership_completeness_not_certified
2025-06-09,sw1_801080,801080,SW2021,489,475,0.008229894284591581,0.011995953160202851,0.0065248218456379625,-0.005794370536083893,-0.031156898249704135,0.4,0.4,0.09837832631114689,0.8524069087882217,0.22727272727272727,0.7494736842105263,0.6673728813559322,,,0.08864186939169684,False,True,continuous_membership_completeness_not_certified
2025-06-10,sw1_801080,801080,SW2021,489,477,-0.01690556251157442,-0.007760337253932514,0.001347332923307576,-0.01971136801719986,-0.043979745915548984,0.4,0.3,0.10046240307356646,0.8748636832261477,0.26666666666666666,0.07966457023060797,0.423728813559322,,,0.12261190384588197,False,True,continuous_membership_completeness_not_certified
2025-06-11,sw1_801080,801080,SW2021,489,478,0.007072862555094143,0.005571544617449582,0.002144880156984108,-0.006951945717807995,-0.03775021937054113,0.4,0.4,0.09746283758921133,0.853053492461849,0.17391304347826086,0.6861924686192469,0.527542372881356,,,0.10257208973539832,False,True,continuous_membership_completeness_not_certified
2025-06-12,sw1_801080,801080,SW2021,489,479,-0.00019541992521294362,0.0018288925377509739,-0.01571328996890764,-0.006822576144021042,-0.0365878809550102,0.2,0.4,0.10330525827231869,0.9168565654245884,0.3404255319148936,0.3903966597077244,0.527542372881356,,,0.08626372015175235,False,True,continuous_membership_completeness_not_certified
2025-06-13,sw1_801080,801080,SW2021,489,478,-0.01785404334838494,-0.017988872762668653,-0.013204292453210864,-0.012599433688506134,-0.02624690428085008,0.4,0.4,0.10160885287240465,0.9146133063088128,0.3125,0.14225941422594143,0.31634819532908703,,,0.06981176283368948,False,True,continuous_membership_completeness_not_certified
2025-06-16,sw1_801080,801080,SW2021,489,478,0.010357795393014646,0.008629938225468266,-0.007831468601947611,-0.001673045429966935,-0.025499223188646503,0.6,0.5,0.1014893196187231,0.9145138929591299,0.2857142857142857,0.7698744769874477,0.4118895966029724,,,0.13131261912163125,False,True,continuous_membership_completeness_not_certified
2025-06-17,sw1_801080,801080,SW2021,489,478,0.002399017109671548,-0.0017261141053329155,0.005435444591060157,0.006870371303650424,-0.01808760465544279,0.8,0.6,0.10115055803316154,0.9124367001378288,0.28,0.5167364016736402,0.4309978768577495,,,0.09774038154074749,False,True,continuous_membership_completeness_not_certified
2025-06-18,sw1_801080,801080,SW2021,489,478,0.017820036050491633,-0.0038630648913598226,0.025469340591094514,0.02794346690987104,0.0032295936976893813,0.8,0.6,0.12890279482437655,1.1615349984709626,0.8627450980392157,0.8158995815899581,0.5753715498938429,,,0.09679347288019118,False,True,continuous_membership_completeness_not_certified
2025-06-19,sw1_801080,801080,SW2021,489,477,-0.00875743896792453,-0.01795003682549623,0.03628232207370918,0.02091571556041394,0.019569156012617994,1.0,0.6,0.12330271941682205,1.10988663580627,0.7692307692307693,0.24947589098532494,0.4702127659574468,,,0.08385503754122448,False,True,continuous_membership_completeness_not_certified
2025-06-20,sw1_801080,801080,SW2021,490,478,-0.0071803635070000005,-0.007353730325874428,0.03671314378119195,0.023075050652192064,0.016245415226617932,1.0,0.7,0.12940557435357736,1.148502529618177,0.8679245283018868,0.3075313807531381,0.4297872340425532,,,0.0901627361402761,False,True,continuous_membership_completeness_not_certified
2025-06-23,sw1_801080,801080,SW2021,490,478,0.016848806627274057,0.01576568004007067,0.03631325250705575,0.027957322393283968,0.023285022728255944,1.0,0.8,0.13487707283047032,1.180525427712359,0.9259259259259259,0.8472803347280334,0.5553191489361702,,,0.06817965064360024,False,True,continuous_membership_completeness_not_certified
2025-06-24,sw1_801080,801080,SW2021,490,479,0.020362145198050102,0.019702034952481698,0.03347327629062313,0.03899179207642467,0.019367598273336784,1.0,0.9,0.12261017889681505,1.0677346890869717,0.7090909090909091,0.9102296450939458,0.8021276595744681,,,0.07086710010355372,False,True,continuous_membership_completeness_not_certified
2025-06-25,sw1_801080,801080,SW2021,490,479,0.013066795310745304,0.009480242989616462,0.015147005764360122,0.04129255447663738,0.03513202215013278,1.0,0.9,0.12408040144026812,1.0751046028002662,0.7678571428571429,0.7891440501043842,0.8978723404255319,,,0.07842583483181903,False,True,continuous_membership_completeness_not_certified
2025-06-26,sw1_801080,801080,SW2021,490,480,-0.007099935706352084,-0.0025201045199816606,0.0008618555378450132,0.038427759586268095,0.03261198034700108,0.8,0.9,0.12013146476717781,1.040850379135905,0.631578947368421,0.21666666666666667,0.8297872340425532,,,0.07536158028517037,False,True,continuous_membership_completeness_not_certified
2025-06-27,sw1_801080,801080,SW2021,491,480,0.010904245058472914,0.004767981612321926,0.0070933400004800085,0.0456689554463543,0.03213079200815705,0.8,0.9,0.13037831797664834,1.129590178614642,0.8793103448275862,0.7166666666666667,0.8808510638297873,,,0.07300796362831899,False,True,continuous_membership_completeness_not_certified
2025-06-30,sw1_801080,801080,SW2021,491,480,0.015826994863166667,0.013118222920326056,0.008764465417699707,0.04690313261621415,0.04612354519117612,0.8,0.9,0.13610807355366145,1.1768164619359767,0.9322033898305084,0.8645833333333334,0.9234042553191489,0.8466522678185745,0.20086393088552915,0.06600756901234603,False,True,continuous_membership_completeness_not_certified
2025-04-01,sw1_801780,801780,SW2021,42,42,-0.0019214413914285717,,,,,,,0.021664468667551062,,,0.38095238095238093,,,,0.28282211168210314,False,True,continuous_membership_completeness_not_certified
2025-04-02,sw1_801780,801780,SW2021,42,42,0.012445649425166667,0.0021189267397890834,,,,,,0.023119932352809958,,,0.9523809523809523,,,,0.24132331171365598,False,True,continuous_membership_completeness_not_certified
2025-04-03,sw1_801780,801780,SW2021,42,42,0.003744695760952381,-0.005797364280692244,,,,,,0.01881079934801499,,,0.6428571428571429,,,,0.3073224193415737,False,True,continuous_membership_completeness_not_certified
2025-04-07,sw1_801780,801780,SW2021,42,42,-0.057175889899404767,-0.12093711873177676,,,,,,0.03670323833489248,,,0.0,,,,0.3144395572513837,False,True,continuous_membership_completeness_not_certified
2025-04-08,sw1_801780,801780,SW2021,42,42,0.019618448005214287,0.007715675688486597,,,,1.0,,0.027972580053317583,,,1.0,,,,0.3222057929165076,False,True,continuous_membership_completeness_not_certified
2025-04-09,sw1_801780,801780,SW2021,42,42,-0.0066709404547142855,0.027928430399978204,0.0631877348020774,,,0.8,,0.01998995302818333,,,0.16666666666666666,,,,0.30938643577126435,False,True,continuous_membership_completeness_not_certified
2025-04-10,sw1_801780,801780,SW2021,42,42,0.005672091846357142,0.028408450719797723,0.03289530696618648,,,0.6,,0.016179000292823327,,,0.7142857142857143,,,,0.304975497245156,False,True,continuous_membership_completeness_not_certified
2025-04-11,sw1_801780,801780,SW2021,42,42,-0.001344377033047619,0.008452839181903702,0.014663486150682692,,,0.4,,0.016029371356043563,,,0.30952380952380953,,,,0.32532665884789436,False,True,continuous_membership_completeness_not_certified
2025-04-14,sw1_801780,801780,SW2021,42,42,0.006290825940642857,0.01875070611400535,-0.07084410919366624,,,0.2,0.5,0.017606720869943932,,,0.8095238095238095,,,,0.32018304534741115,False,True,continuous_membership_completeness_not_certified
2025-04-15,sw1_801780,801780,SW2021,42,42,0.014167173027166668,0.00019032321832603068,-0.06814367270255173,0.035921319567712384,,0.2,0.5555555555555556,0.023516009774313076,,,0.9285714285714286,,,,0.32343590101304054,False,True,continuous_membership_completeness_not_certified
2025-04-16,sw1_801780,801780,SW2021,42,42,0.010735178979071431,-0.014341598034351869,-0.005634360860473864,0.06034827349797345,,0.4,0.6,0.02491643037723325,,,0.9761904761904762,,,,0.28228382661337226,False,True,continuous_membership_completeness_not_certified
2025-04-17,sw1_801780,801780,SW2021,42,42,0.0029474166003095243,0.00660029714990465,0.013646657734438072,0.04669124370943778,,0.4,0.5,0.020000056581453495,,,0.5238095238095238,,,,0.2636277860625637,False,True,continuous_membership_completeness_not_certified
2025-04-18,sw1_801780,801780,SW2021,42,42,0.0060924143058809525,-0.0015021725748206483,0.0314044598184442,0.04491985274171062,,0.6,0.5,0.02222570849721481,,,0.7619047619047619,,,,0.31157573142747463,False,True,continuous_membership_completeness_not_certified
2025-04-21,sw1_801780,801780,SW2021,42,42,-0.011536376129476191,0.017524670035631774,0.014179919309651456,-0.05691248503653812,,0.6,0.4,0.023030977690850413,,,0.047619047619047616,,,,0.2783713658349375,False,True,continuous_membership_completeness_not_certified
2025-04-22,sw1_801780,801780,SW2021,42,42,0.009079175891666668,0.0009910014932023306,0.008243473800862544,-0.06036643750355353,,0.6,0.4,0.01929979295603061,,,0.8571428571428571,,,,0.30808306953466336,False,True,continuous_membership_completeness_not_certified
2025-04-23,sw1_801780,801780,SW2021,42,42,-0.006237945621738096,0.006580879193010754,-0.030258176992498775,-0.037152173895803164,,0.4,0.4,0.014326480512125232,,,0.07142857142857142,,,,0.30529736926042383,False,True,continuous_membership_completeness_not_certified
2025-04-24,sw1_801780,801780,SW2021,42,42,0.011585505387261906,-0.008922506149240193,-0.00575317126950603,0.007901476257275997,,0.6,0.5,0.018605039940423028,,,0.9761904761904762,,,,0.3090867483325235,False,True,continuous_membership_completeness_not_certified
2025-04-25,sw1_801780,801780,SW2021,42,42,0.0026066367439999995,0.0016872578200588346,-0.012489102466425317,0.018964308690575526,,0.6,0.6,0.017781868117780958,,,0.4523809523809524,,,,0.2831531987271878,False,True,continuous_membership_completeness_not_certified
2025-04-28,sw1_801780,801780,SW2021,42,42,0.009843914731785714,-0.014149546981565234,0.040938517318863776,0.05583891026849441,0.0768446271454244,0.8,0.7,0.021041836130912463,,,0.8809523809523809,,,,0.2426625576384356,False,True,continuous_membership_completeness_not_certified
2025-04-29,sw1_801780,801780,SW2021,42,42,-0.005218530866238096,0.008200994016395726,0.019283186789269657,0.02780395292854876,0.0636548298691002,0.6,0.6,0.02166271323519287,,,0.19047619047619047,0.9047619047619048,,,0.24322710471115033,False,True,continuous_membership_completeness_not_certified
2025-04-30,sw1_801780,801780,SW2021,42,42,-0.019009626132857144,0.009769711865591519,0.003124100496329496,-0.02702360599570075,0.03479319616868304,0.6,0.5,0.031051377872340094,,,0.09523809523809523,0.5238095238095238,,,0.34883340257518436,False,True,continuous_membership_completeness_not_certified
2025-05-06,sw1_801780,801780,SW2021,42,42,-0.003802799311833334,0.02834290747437474,-0.049544639816553215,-0.055928884813490454,-0.006724379268860603,0.4,0.5,0.020107539000961776,,,0.21428571428571427,0.5476190476190477,,,0.288127076685378,False,True,continuous_membership_completeness_not_certified
2025-05-07,sw1_801780,801780,SW2021,42,42,0.013590030708238096,0.007319882462812822,-0.04457530141568955,-0.05779640936200581,-0.010160535798389936,0.4,0.5,0.01895342010814566,,,1.0,0.8095238095238095,,,0.30794716467698935,False,True,continuous_membership_completeness_not_certified
2025-05-08,sw1_801780,801780,SW2021,42,42,0.01194274316495238,0.010648512535747405,-0.06865842950665269,-0.02688401071449209,-0.08795010827630301,0.4,0.6,0.02061863700377629,,,0.8095238095238095,0.8333333333333334,,,0.2781221920891617,False,True,continuous_membership_completeness_not_certified
2025-05-09,sw1_801780,801780,SW2021,42,42,0.011730228135738095,-0.01023927403684392,-0.03217575553080643,-0.01240205565220398,-0.07557851925744163,0.6,0.6,0.023779361836078195,,,0.9285714285714286,0.9047619047619048,,,0.2525463346802391,False,True,continuous_membership_completeness_not_certified
2025-05-12,sw1_801780,801780,SW2021,42,42,-0.00047184310261904743,0.013892524200312608,-0.01728373866324917,-0.013992873574335984,-0.053388341192150746,0.6,0.6,0.021266084158596505,,,0.38095238095238093,0.9285714285714286,,,0.26932732676566634,False,True,continuous_membership_completeness_not_certified
2025-05-13,sw1_801780,801780,SW2021,42,42,0.01639393920797619,-0.002062787022736756,0.034728154174192616,-0.016328884182821746,-0.008690617868855277,0.8,0.6,0.02246430386335639,,,1.0,0.9761904761904762,,,0.24757968426991014,False,True,continuous_membership_completeness_not_certified
2025-05-14,sw1_801780,801780,SW2021,42,42,0.010513203419785715,0.0020158134834374255,0.03689620026434692,-0.008491459821603042,0.011109806609165718,0.8,0.6,0.0243455326074068,,,0.8571428571428571,0.9761904761904762,,,0.23031022817439173,False,True,continuous_membership_completeness_not_certified
2025-05-15,sw1_801780,801780,SW2021,42,42,-0.0036748210438333332,-0.00809422201809737,0.03948279777500663,-0.028968440840926313,0.028816601253448315,0.8,0.6,0.021840275768645397,,,0.19047619047619047,0.9761904761904762,,,0.2853568666559074,False,True,continuous_membership_completeness_not_certified
2025-05-16,sw1_801780,801780,SW2021,42,42,-0.00887450557840476,0.0046097671002744344,0.0034751091524707345,-0.028981998231139672,-0.0004612617763115612,0.6,0.6,0.02257166326440459,,,0.047619047619047616,0.9047619047619048,,,0.31076216777488624,False,True,continuous_membership_completeness_not_certified
2025-05-19,sw1_801780,801780,SW2021,42,42,-0.0011311665639761907,0.008860470282458585,0.007820483386097976,-0.009293735522350355,-0.03783041605110338,0.6,0.6,0.01865424477253888,,,0.30952380952380953,0.8809523809523809,,,0.2766158026877801,False,True,continuous_membership_completeness_not_certified
2025-05-20,sw1_801780,801780,SW2021,42,42,0.0011167377487857142,0.010347540010628339,-0.019908200036527268,0.014356787195987764,-0.043777072738982126,0.4,0.6,0.016993655259138526,,,0.42857142857142855,0.8571428571428571,,,0.2575372023198572,False,True,continuous_membership_completeness_not_certified
2025-05-21,sw1_801780,801780,SW2021,42,42,0.010972276651,-0.004809830799601598,-0.012522005139868453,0.02413444173274959,-0.03510530829436309,0.4,0.6,0.01853699771528126,,,0.9285714285714286,0.9047619047619048,,,0.2473026888075676,False,True,continuous_membership_completeness_not_certified
2025-05-22,sw1_801780,801780,SW2021,42,42,0.01237115527340476,-0.013579717463863524,0.00914593844083722,0.04915387066749077,0.02344076146310825,0.4,0.6,0.022268462222046398,,,0.9285714285714286,0.9285714285714286,,,0.2509752512306244,False,True,continuous_membership_completeness_not_certified
2025-05-23,sw1_801780,801780,SW2021,42,42,-0.010386049674285715,-0.010961263674868283,0.023179641818106722,0.02693740722730742,0.01525983638428352,0.6,0.6,0.022287769274971208,,,0.023809523809523808,0.8809523809523809,,,0.2634809105226087,False,True,continuous_membership_completeness_not_certified
2025-05-26,sw1_801780,801780,SW2021,42,42,-0.007812155978857142,0.009532735450693107,0.015745783263796387,0.023696412142761303,0.010542757695267913,0.6,0.6,0.02264722988515546,,,0.11904761904761904,0.8809523809523809,,,0.2501695904558935,False,True,continuous_membership_completeness_not_certified
2025-05-27,sw1_801780,801780,SW2021,42,42,0.008884784502785714,0.0014688363465699503,0.03225482519539391,0.012643353595765072,-0.003193500175788122,0.8,0.6,0.021564296698254402,,,0.8571428571428571,0.8571428571428571,,,0.2266403950319946,False,True,continuous_membership_completeness_not_certified
2025-05-28,sw1_801780,801780,SW2021,42,42,0.0028067581196666667,-0.004165235833588939,0.02343014009327926,0.011090674986097837,0.003168317769996154,0.8,0.6,0.02080818027841957,,,0.5,0.8095238095238095,,,0.23180710371272129,False,True,continuous_membership_completeness_not_certified
2025-05-29,sw1_801780,801780,SW2021,42,42,-0.0029278560183571434,0.015867528811045965,-0.021090344419634754,-0.01214188388814641,-0.04198569357297699,0.6,0.5,0.018607380859902288,,,0.23809523809523808,0.7380952380952381,,,0.21601480305146328,False,True,continuous_membership_completeness_not_certified
2025-05-30,sw1_801780,801780,SW2021,42,42,0.011043782594404764,-0.014001358824485785,0.0034675610527508116,0.026887794916701013,-0.0012822978461615175,0.6,0.6,0.024705189781923025,1.153629236428857,0.8974358974358975,0.9285714285714286,0.8333333333333334,,,0.2508773052535511,False,True,continuous_membership_completeness_not_certified
2025-06-03,sw1_801780,801780,SW2021,42,42,0.021738089539928573,0.008127459177240027,0.035009484826507675,0.05107848995814457,0.04420054907929538,0.8,0.7,0.033302748215328075,1.5443465966605756,0.975,0.9285714285714286,0.9285714285714286,,,0.2171323016072322,False,True,continuous_membership_completeness_not_certified
2025-06-04,sw1_801780,801780,SW2021,42,42,0.004847898398761904,0.009383905722869615,0.022880605954093136,0.05593698841782102,0.07314863828446483,0.6,0.7,0.02264804786053097,1.0478655773508334,0.7317073170731707,0.6666666666666666,0.9047619047619048,,,0.1857480106028168,False,True,continuous_membership_completeness_not_certified
2025-06-05,sw1_801780,801780,SW2021,42,42,-0.01704864723204762,0.0026226119077370556,-0.004588139866018359,0.01932986475579268,0.04450792532545256,0.4,0.6,0.0200727061639698,0.9308305503696142,0.35714285714285715,0.07142857142857142,0.8809523809523809,,,0.2066886951707062,False,True,continuous_membership_completeness_not_certified
2025-06-06,sw1_801780,801780,SW2021,42,42,0.0030220569747857135,-0.0004818710138557226,0.01792978078028651,-0.0034469946214583658,0.04637702640320329,0.6,0.6,0.018653656832533883,0.8710479084871433,0.20930232558139536,0.6666666666666666,0.8333333333333334,,,0.2133599694100737,False,True,continuous_membership_completeness_not_certified
2025-06-09,sw1_801780,801780,SW2021,42,42,0.0022321755685000004,0.011995953160202851,-0.01750080028445211,-0.014131020602040412,0.013525420476117489,0.4,0.5,0.020306149221245105,0.9548607571477441,0.4090909090909091,0.4523809523809524,0.8095238095238095,,,0.24143018257591004,False,True,continuous_membership_completeness_not_certified
2025-06-10,sw1_801780,801780,SW2021,42,42,0.005049145995142857,-0.007760337253932514,-0.01780748267597243,0.01700375650160657,0.041569556202392555,0.4,0.6,0.02273600145685568,1.061676361592239,0.7555555555555555,0.8095238095238095,0.8095238095238095,,,0.23366084211798957,False,True,continuous_membership_completeness_not_certified
2025-06-11,sw1_801780,801780,SW2021,42,42,-0.00015608320204761912,0.005571544617449582,-0.018940651772916817,0.0034944060642347896,0.016521114544390647,0.4,0.5,0.019243462315679957,0.9048897846997876,0.2826086956521739,0.38095238095238093,0.8571428571428571,,,0.2632325463926336,False,True,continuous_membership_completeness_not_certified
2025-06-12,sw1_801780,801780,SW2021,42,42,0.005738605744071427,0.0018288925377509739,0.004879614188401105,0.00032520202129959763,0.01178619294268457,0.6,0.5,0.020233324201688677,0.9564792626644851,0.40425531914893614,0.7142857142857143,0.8095238095238095,,,0.20525604286956156,False,True,continuous_membership_completeness_not_certified
2025-06-13,sw1_801780,801780,SW2021,42,42,-0.012278094951666665,-0.017988872762668653,0.007091662181302749,0.02506892745860201,0.013059543361249037,0.6,0.6,0.025949973373583242,1.2202516072096585,0.9166666666666666,0.023809523809523808,0.6428571428571429,,,0.2829814553722731,False,True,continuous_membership_completeness_not_certified
2025-06-16,sw1_801780,801780,SW2021,42,42,0.012881058131261905,0.008629938225468266,0.021026027150470084,0.004003605495120688,0.031576301924330696,0.8,0.6,0.02365516759969343,1.104597583605642,0.8163265306122449,0.9761904761904762,0.7619047619047619,,,0.23704761391983203,False,True,continuous_membership_completeness_not_certified
2025-06-17,sw1_801780,801780,SW2021,42,42,-0.001225302959857143,-0.0017261141053329155,0.00869264565121275,-0.009063477402637021,0.04217803306349266,0.8,0.6,0.018681094749730627,0.8784454444180814,0.22,0.38095238095238093,0.7619047619047619,,,0.2254101504063162,False,True,continuous_membership_completeness_not_certified
2025-06-18,sw1_801780,801780,SW2021,42,42,0.009571117363380953,-0.0038630648913598226,0.027813803766629452,0.008928069795441917,0.06524784242256787,1.0,0.7,0.022835358074597554,1.0663159008984127,0.7450980392156863,0.8571428571428571,0.8809523809523809,,,0.26922259420307093,False,True,continuous_membership_completeness_not_certified
2025-06-19,sw1_801780,801780,SW2021,42,42,-0.002641907882666667,-0.01795003682549623,0.03884107097172107,0.044181532060843964,0.06410782585046892,1.0,0.8,0.020127945460223996,0.946481040426409,0.38461538461538464,0.2857142857142857,0.7857142857142857,,,0.25726975233005606,False,True,continuous_membership_completeness_not_certified
2025-06-20,sw1_801780,801780,SW2021,42,42,0.010582475121595238,-0.007353730325874428,0.051651836040175314,0.058610425726108195,0.05606373782583962,1.0,0.8,0.029778160229689717,1.3905157803389725,0.9433962264150944,0.9285714285714286,0.8571428571428571,,,0.19626935760046607,False,True,continuous_membership_completeness_not_certified
2025-06-23,sw1_801780,801780,SW2021,42,42,0.009470369385142858,0.01576568004007067,0.041268220003339406,0.06243033116930119,0.050314411421234606,0.8,0.8,0.031970680775696605,1.4825747031334708,0.9629629629629629,0.7619047619047619,0.9285714285714286,,,0.22208480157056437,False,True,continuous_membership_completeness_not_certified
2025-06-24,sw1_801780,801780,SW2021,42,42,-0.0006730296507619048,0.019702034952481698,0.02069938961113804,0.029541778534153407,0.04775645829755093,0.6,0.7,0.027795332158930208,1.2860168770277738,0.8909090909090909,0.38095238095238093,0.8809523809523809,,,0.21268961100666148,False,True,continuous_membership_completeness_not_certified
2025-06-25,sw1_801780,801780,SW2021,42,42,0.006533561467642857,0.009480242989616462,0.004138066891376413,0.03254836950676787,0.03705848702138592,0.4,0.7,0.02254984369298677,1.0409519550096191,0.625,0.6666666666666666,0.9523809523809523,,,0.22476481528555703,False,True,continuous_membership_completeness_not_certified
2025-06-26,sw1_801780,801780,SW2021,42,42,0.011869505084238095,-0.0025201045199816606,0.0030137614623173548,0.043244090073549346,0.04502269546547999,0.4,0.7,0.022935365202035804,1.0587056067259846,0.7192982456140351,0.9523809523809523,0.9761904761904762,,,0.2084046326144972,False,True,continuous_membership_completeness_not_certified
2025-06-27,sw1_801780,801780,SW2021,42,42,-0.028622808711261903,0.004767981612321926,-0.04990957585805578,0.0027506882045931214,0.028502597570321253,0.2,0.6,0.034874564317440855,1.6097585799404261,0.9827586206896551,0.0,0.6904761904761905,,,0.22756840978403206,False,True,continuous_membership_completeness_not_certified
2025-06-30,sw1_801780,801780,SW2021,42,42,-0.007226056170928571,0.013118222920326056,-0.06368541028973584,-0.022203530680709793,-0.018655205834163358,0.2,0.5,0.02175515957206463,1.0020887075313747,0.5084745762711864,0.11904761904761904,0.5714285714285714,0.9523809523809523,0.023809523809523808,0.22722620474031904,False,True,continuous_membership_completeness_not_certified
2025-04-01,sw1_801890,801890,SW2021,596,580,0.008500259342315518,,,,,,,0.09493505887451571,,,0.6206896551724138,,,,0.06720012840769617,False,True,continuous_membership_completeness_not_certified
2025-04-02,sw1_801890,801890,SW2021,596,580,0.0037000711141672417,0.0021189267397890834,,,,,,0.10529402801068675,,,0.6017241379310345,,,,0.07938994019491774,False,True,continuous_membership_completeness_not_certified
2025-04-03,sw1_801890,801890,SW2021,596,580,-0.014457107383591381,-0.005797364280692244,,,,,,0.09374445065905196,,,0.21724137931034482,,,,0.06348454668441732,False,True,continuous_membership_completeness_not_certified
2025-04-07,sw1_801890,801890,SW2021,596,580,-0.14552787669769138,-0.12093711873177676,,,,,,0.06830285914934887,,,0.005172413793103448,,,,0.08301575883942203,False,True,continuous_membership_completeness_not_certified
2025-04-08,sw1_801890,801890,SW2021,596,579,0.003239871228670121,0.007715675688486597,,,,0.25,,0.07869205176367261,,,0.5751295336787565,,,,0.06122493650044399,False,True,continuous_membership_completeness_not_certified
2025-04-09,sw1_801890,801890,SW2021,596,579,0.03816382468772367,0.027928430399978204,-0.026889816160165614,,,0.4,,0.08088972613282515,,,0.927461139896373,,,,0.05389339770289425,False,True,continuous_membership_completeness_not_certified
2025-04-10,sw1_801890,801890,SW2021,597,580,0.031164557538789658,0.028408450719797723,-0.02660107557520497,,,0.4,,0.08155071345823713,,,0.9413793103448276,,,,0.05867429455774495,False,True,continuous_membership_completeness_not_certified
2025-04-11,sw1_801890,801890,SW2021,597,580,0.013403168600951724,0.008452839181903702,-0.014378607117184639,,,0.6,,0.08050117889889835,,,0.756896551724138,,,,0.06365540133584792,False,True,continuous_membership_completeness_not_certified
2025-04-14,sw1_801890,801890,SW2021,597,580,0.02100201154979138,0.01875070611400535,0.016803905213996773,,,0.8,0.625,0.07917893536762899,,,0.8879310344827587,,,,0.05497046601197067,False,True,continuous_membership_completeness_not_certified
2025-04-15,sw1_801890,801890,SW2021,597,581,0.00021394801174698798,0.00019032321832603068,0.021625190678871364,-0.019250083389594663,,1.0,0.6666666666666666,0.08076728089827674,,,0.4819277108433735,,,,0.05844568715395653,False,True,continuous_membership_completeness_not_certified
2025-04-16,sw1_801890,801890,SW2021,597,581,-0.022536107384013772,-0.014341598034351869,0.0015174268724706952,-0.026672411412429264,,0.8,0.6,0.07564032858098119,,,0.08433734939759036,,,,0.0787323932743771,False,True,continuous_membership_completeness_not_certified
2025-04-17,sw1_801890,801890,SW2021,597,581,0.004821785234593803,0.00660029714990465,-0.0030427823093372997,-0.02987191282856838,,0.6,0.5,0.07268679701237572,,,0.5697074010327022,,,,0.07482502489401616,False,True,continuous_membership_completeness_not_certified
2025-04-18,sw1_801890,801890,SW2021,598,581,0.000789325996444062,-0.0015021725748206483,-0.005630588747280285,-0.01975076111790619,,0.6,0.6,0.07357476902148209,,,0.4991394148020654,,,,0.06421137200002752,False,True,continuous_membership_completeness_not_certified
2025-04-21,sw1_801890,801890,SW2021,598,581,0.02118238399235628,0.017524670035631774,-0.0042384205228847005,0.012232247688432674,,0.6,0.7,0.07898579731169585,,,0.8950086058519794,,,,0.055722265536950526,False,True,continuous_membership_completeness_not_certified
2025-04-22,sw1_801890,801890,SW2021,598,580,-0.00588833384925345,0.0009910014932023306,-0.01117084123090506,0.009444514533879955,,0.4,0.7,0.07142571719447395,,,0.3413793103448276,,,,0.09196722446365209,False,True,continuous_membership_completeness_not_certified
2025-04-23,sw1_801890,801890,SW2021,598,581,0.023843102510745267,0.006580879193010754,0.014757610297452262,0.016957459738898617,,0.6,0.7,0.09439431072648877,,,0.8519793459552496,,,,0.07076367420081367,False,True,continuous_membership_completeness_not_certified
2025-04-24,sw1_801890,801890,SW2021,598,581,-0.01599101427644234,-0.008922506149240193,0.008998879002672489,0.006059935661222093,,0.6,0.6,0.09045266444468449,,,0.18588640275387264,,,,0.0650012905296043,False,True,continuous_membership_completeness_not_certified
2025-04-25,sw1_801890,801890,SW2021,598,582,0.002551315768010309,0.0016872578200588346,0.007560217525890867,0.001858201314503427,,0.6,0.6,0.07203650249870816,,,0.5257731958762887,,,,0.05443908508421588,False,True,continuous_membership_completeness_not_certified
2025-04-28,sw1_801890,801890,SW2021,598,578,-0.015098050495615918,-0.014149546981565234,0.002814129708559321,-0.0013542368515230274,-0.020429447600172956,0.4,0.5,0.07381718251538504,,,0.19896193771626297,,,,0.05551745016668896,False,True,continuous_membership_completeness_not_certified
2025-04-29,sw1_801890,801890,SW2021,598,579,0.015618632153397238,0.008200994016395726,0.01710620045269773,0.005974512152833178,-0.013679532851772702,0.6,0.5,0.08540838446490581,,,0.7789291882556131,0.6195462478184991,,,0.06683318463254974,False,True,continuous_membership_completeness_not_certified
2025-04-30,sw1_801890,801890,SW2021,598,577,0.017574356106824954,0.009769711865591519,0.007773684862765307,0.022829161358961958,-0.0064211335480519605,0.6,0.6,0.09110522750175096,,,0.7764298093587522,0.7539543057996485,,,0.08381772198736587,False,True,continuous_membership_completeness_not_certified
2025-05-06,sw1_801890,801890,SW2021,598,580,0.03602949673073449,0.02834290747437474,0.023394204764086712,0.033248732431743866,-0.0007662862078021693,0.8,0.7,0.09334610234885132,,,0.9620689655172414,0.9190140845070423,,,0.06115836143684596,False,True,continuous_membership_completeness_not_certified
2025-05-07,sw1_801890,801890,SW2021,598,580,0.008922586104515517,0.007319882462812822,0.024299559293199158,0.03277582158724579,0.009698013180795106,0.8,0.7,0.09390234590293771,,,0.6310344827586207,0.9401408450704225,,,0.05971643758423066,False,True,continuous_membership_completeness_not_certified
2025-05-08,sw1_801890,801890,SW2021,598,580,0.01928820277157241,0.010648512535747405,0.03529426928517343,0.03790299262546282,0.05514341981969362,1.0,0.7,0.1015270245108461,,,0.8310344827586207,0.9471830985915493,,,0.0717477442134354,False,True,continuous_membership_completeness_not_certified
2025-05-09,sw1_801890,801890,SW2021,598,580,-0.01283531421635,-0.01023927403684392,0.023939393241018125,0.04208495209437069,0.05634061443181704,0.8,0.7,0.1017054519644288,,,0.1810344827586207,0.9137323943661971,,,0.06502087569741505,False,True,continuous_membership_completeness_not_certified
2025-05-12,sw1_801890,801890,SW2021,598,580,0.02380979508722241,0.013892524200312608,0.026225596627135417,0.0345010943730133,0.05536593106167498,0.8,0.7,0.10228167874240705,,,0.8758620689655172,0.9436619718309859,,,0.06216658230115353,False,True,continuous_membership_completeness_not_certified
2025-05-13,sw1_801890,801890,SW2021,598,580,-0.007674555110537932,-0.002062787022736756,0.01186467725085194,0.03639436898074888,0.04425233543442242,0.6,0.7,0.09660993057684505,,,0.22241379310344828,0.9137323943661971,,,0.06759085318391905,False,True,continuous_membership_completeness_not_certified
2025-05-14,sw1_801890,801890,SW2021,598,580,-0.0019260372809137935,0.0020158134834374255,0.006142871838484165,0.031178964363323125,0.034050786318513326,0.4,0.6,0.09020204094256985,,,0.29482758620689653,0.8996478873239436,,,0.05380825384645026,False,True,continuous_membership_completeness_not_certified
2025-05-15,sw1_801890,801890,SW2021,598,580,-0.010619796293891379,-0.00809422201809737,-0.004986882214669031,0.02963869024089516,0.02799099104330871,0.2,0.6,0.0906905019227218,,,0.22413793103448276,0.81195079086116,,,0.06890369942406657,False,True,continuous_membership_completeness_not_certified
2025-05-16,sw1_801890,801890,SW2021,598,580,0.009521900076368968,0.0046097671002744344,0.0025097789279791005,0.026871330281601935,0.03340622092720791,0.4,0.6,0.10248480079113512,,,0.7189655172413794,0.8312829525483304,,,0.07401021853172628,False,True,continuous_membership_completeness_not_certified
2025-05-19,sw1_801890,801890,SW2021,598,580,0.00533937675782069,0.008860470282458585,-0.010747575608642812,0.014790429950129136,0.03963299038520107,0.2,0.5,0.10022126073594484,,,0.5741379310344827,0.8066783831282952,,,0.061000071062134856,False,True,continuous_membership_completeness_not_certified
2025-05-20,sw1_801890,801890,SW2021,598,580,0.010622994562389656,0.010347540010628339,-0.004911116592131393,0.007010145964802872,0.04208539563278291,0.4,0.5,0.09458141064155093,,,0.7155172413793104,0.8362676056338029,,,0.06091825620005491,False,True,continuous_membership_completeness_not_certified
2025-05-21,sw1_801890,801890,SW2021,598,580,-0.011395239536848276,-0.004809830799601598,-0.007587596388138662,-0.001532167141327978,0.03192775055446173,0.4,0.4,0.08288350392759691,,,0.1706896551724138,0.7535211267605634,,,0.04966755603461945,False,True,continuous_membership_completeness_not_certified
2025-05-22,sw1_801890,801890,SW2021,598,580,-0.01545645090436724,-0.013579717463863524,-0.006901869536971139,-0.011848256280243552,0.02502208830778896,0.4,0.3,0.08241354920134403,,,0.14310344827586208,0.579225352112676,,,0.04941342842242847,False,True,continuous_membership_completeness_not_certified
2025-05-23,sw1_801890,801890,SW2021,598,580,-0.010211244095624137,-0.010961263674868283,-0.010835582737152127,-0.008490248863396332,0.032896787075550105,0.4,0.4,0.08356430049256394,,,0.2120689655172414,0.421792618629174,,,0.05016769031111347,False,True,continuous_membership_completeness_not_certified
2025-05-26,sw1_801890,801890,SW2021,598,580,0.015942897982456898,0.009532735450693107,-0.0011712529169167762,-0.011808286967811221,0.021578609775696034,0.6,0.4,0.08702198272924921,,,0.8137931034482758,0.5421052631578948,,,0.0630940711499297,False,True,continuous_membership_completeness_not_certified
2025-05-27,sw1_801890,801890,SW2021,599,580,-0.003706664049760345,0.0014688363465699503,-0.006493684539219724,-0.01139790837232768,0.023931187513403618,0.4,0.4,0.09222585001677652,,,0.33275862068965517,0.47017543859649125,,,0.08550798235195611,False,True,continuous_membership_completeness_not_certified
2025-05-28,sw1_801890,801890,SW2021,599,580,-0.0009802324399724135,-0.004165235833588939,0.0031434275220523222,-0.0042992861602514365,0.02628991934125513,0.6,0.5,0.09514512644817832,,,0.3775862068965517,0.4245614035087719,,,0.08100433964241273,False,True,continuous_membership_completeness_not_certified
2025-05-29,sw1_801890,801890,SW2021,599,580,0.014385613237884483,0.015867528811045965,0.003688497936444657,-0.003299369581051481,0.026540661561023526,0.6,0.5,0.08892553185282656,,,0.8396551724137931,0.5567190226876091,,,0.06667320312257181,False,True,continuous_membership_completeness_not_certified
2025-05-30,sw1_801890,801890,SW2021,600,580,-0.022776477209743105,-0.014001358824485785,-0.006090708919531007,-0.016888944345702317,0.008511992721941253,0.4,0.4,0.0850710124272741,0.9670044232149728,0.4358974358974359,0.1206896551724138,0.33217391304347826,,,0.08986807854528653,False,True,continuous_membership_completeness_not_certified
2025-06-03,sw1_801890,801890,SW2021,600,580,0.0045400363102672415,0.008127459177240027,-0.015937435007643885,-0.01694390256707745,-0.003394528554989229,0.2,0.4,0.07120240519369633,0.8182117088187681,0.025,0.5413793103448276,0.34024179620034545,,,0.0813826044776879,False,True,continuous_membership_completeness_not_certified
2025-06-04,sw1_801890,801890,SW2021,600,581,0.0063386608457555935,0.009383905722869615,-0.013903513368230369,-0.020148738174535996,-0.0140633685785303,0.2,0.3,0.07460644615110847,0.8653515893415953,0.17073170731707318,0.7091222030981067,0.4075993091537133,,,0.09046287441540764,False,True,continuous_membership_completeness_not_certified
2025-06-05,sw1_801890,801890,SW2021,600,581,0.007055825472203099,0.0026226119077370556,-0.012769214490925718,-0.00937027899025955,-0.011129304072771351,0.2,0.4,0.07892409127927821,0.9240789621973006,0.23809523809523808,0.6471600688468159,0.4542314335060449,,,0.07737614877715404,False,True,continuous_membership_completeness_not_certified
2025-06-06,sw1_801890,801890,SW2021,600,581,-0.0050030171155714285,-0.0004818710138557226,-0.015611020911716955,-0.01214047051151157,-0.02405436196793298,0.2,0.4,0.07592579746190704,0.8907328257376049,0.20930232558139536,0.423407917383821,0.4525043177892919,,,0.08070862214225638,False,True,continuous_membership_completeness_not_certified
2025-06-09,sw1_801890,801890,SW2021,600,580,0.011454181738286209,0.011995953160202851,-0.007448320043355716,-0.013751562768697934,-0.022468341656492585,0.2,0.3,0.06933405677094205,0.8150138900746557,0.022727272727272728,0.8086206896551724,0.5640138408304498,,,0.0702067435406243,False,True,continuous_membership_completeness_not_certified
2025-06-10,sw1_801890,801890,SW2021,600,580,-0.012010344632189656,-0.007760337253932514,-0.00806438210980076,-0.024180949167540766,-0.0358657484681032,0.2,0.2,0.07277969067554389,0.8631607391761442,0.13333333333333333,0.1724137931034483,0.4515570934256055,,,0.07244285654146392,False,True,continuous_membership_completeness_not_certified
2025-06-11,sw1_801890,801890,SW2021,600,581,0.005486042567246128,0.005571544617449582,-0.005081783723192013,-0.019156362339119326,-0.03062634862213165,0.2,0.2,0.06617481572403325,0.7919029458030572,0.0,0.657487091222031,0.5,,,0.08105748929469843,False,True,continuous_membership_completeness_not_certified
2025-06-12,sw1_801890,801890,SW2021,600,581,0.0007150763231927712,0.0018288925377509739,-0.010619959062018625,-0.023628191999728765,-0.027800683393549352,0.0,0.1,0.06544189949930627,0.7863353887698344,0.0,0.43201376936316693,0.5190311418685121,,,0.07298855300459785,False,True,continuous_membership_completeness_not_certified
2025-06-13,sw1_801890,801890,SW2021,600,581,-0.0164295399403253,-0.017988872762668653,-0.004399607601086042,-0.0198628432420912,-0.02342780752721052,0.2,0.2,0.06740336668930612,0.8132301784464433,0.041666666666666664,0.1514629948364888,0.3217993079584775,,,0.06405278394282181,False,True,continuous_membership_completeness_not_certified
2025-06-16,sw1_801890,801890,SW2021,600,582,0.008350606102561857,0.008629938225468266,-0.0041301261703294845,-0.011605969732075172,-0.028643542431597058,0.2,0.2,0.06691952973349209,0.8096881156289111,0.04081632653061224,0.7096219931271478,0.3944636678200692,,,0.057463168137201176,False,True,continuous_membership_completeness_not_certified
2025-06-17,sw1_801890,801890,SW2021,600,582,-0.0017802792565068727,-0.0017261141053329155,5.7739687344127155e-05,-0.007974777389423426,-0.024961562602061615,0.2,0.2,0.06854452736491815,0.8317142997622567,0.1,0.40378006872852235,0.3765112262521589,,,0.06621339529349321,False,True,continuous_membership_completeness_not_certified
2025-06-18,sw1_801890,801890,SW2021,600,582,-0.0010839176753127153,-0.0038630648913598226,0.0028944861403827904,-0.0021002757336946454,-0.022168759808388616,0.4,0.3,0.07030438788225227,0.8575574547999723,0.13725490196078433,0.422680412371134,0.38687392055267705,,,0.06483023417904908,False,True,continuous_membership_completeness_not_certified
2025-06-19,sw1_801890,801890,SW2021,600,582,-0.020430547928661513,-0.01795003682549623,0.0014640077971447285,-0.008807730683991433,-0.017922810333581896,0.4,0.2,0.07778911618493416,0.9538741340965788,0.34615384615384615,0.11512027491408934,0.22797927461139897,,,0.05578612680211474,False,True,continuous_membership_completeness_not_certified
2025-06-20,sw1_801890,801890,SW2021,600,583,-0.012914591545015437,-0.007353730325874428,-0.005549607463585793,-0.009790214643494832,-0.021630822245361836,0.2,0.2,0.07578090576664764,0.9330300503670543,0.32075471698113206,0.20926243567753003,0.18825561312607944,,,0.04838389986079025,False,True,continuous_membership_completeness_not_certified
2025-06-23,sw1_801890,801890,SW2021,600,583,0.014767994056308747,0.01576568004007067,-0.006279565548575228,-0.010258160767666724,-0.023941341416418904,0.2,0.2,0.06744799022557636,0.833826413441223,0.07407407407407407,0.8250428816466552,0.2647058823529412,,,0.05403132368345167,False,True,continuous_membership_completeness_not_certified
2025-06-24,sw1_801890,801890,SW2021,600,583,0.026213136028696397,0.019702034952481698,2.1626635647198356e-05,7.961850728110953e-05,-0.02414704661399103,0.4,0.3,0.07567447223863652,0.9362349783461867,0.32727272727272727,0.9108061749571184,0.5588235294117647,,,0.055497059134734114,False,True,continuous_membership_completeness_not_certified
2025-06-25,sw1_801890,801890,SW2021,600,583,0.01006760921987993,0.009480242989616462,-0.002222512751206107,0.0007507718395214358,-0.01851037112540843,0.4,0.4,0.06713465671765849,0.8312110544146211,0.05357142857142857,0.7718696397941681,0.6591695501730104,,,0.0438725803683731,False,True,continuous_membership_completeness_not_certified
2025-06-26,sw1_801890,801890,SW2021,600,583,-0.003966030663813036,-0.0025201045199816606,-0.0011427910912322758,0.0004086092084294446,-0.02324906569981655,0.4,0.4,0.06643975859184369,0.8239646943413979,0.03508771929824561,0.27787307032590053,0.6280276816608996,,,0.0387965910031346,False,True,continuous_membership_completeness_not_certified
2025-06-27,sw1_801890,801890,SW2021,600,583,0.0036619203194288162,0.004767981612321926,0.003581605759874762,-0.00233358543470219,-0.02263640778907816,0.4,0.3,0.05690051834852699,0.7068283859543039,0.0,0.6363636363636364,0.7041522491349481,,,0.047692908253431164,False,True,continuous_membership_completeness_not_certified
2025-06-30,sw1_801890,801890,SW2021,600,582,0.01593667468643299,0.013118222920326056,0.007523913057777776,0.0007978904034631196,-0.011138643557789374,0.6,0.4,0.06551129603158114,0.8205316777546148,0.03389830508474576,0.852233676975945,0.8128249566724437,0.7464539007092199,0.12234042553191489,0.04007840453985634,False,True,continuous_membership_completeness_not_certified
