trade_date,object_id,state,previous_state,state_days,stage_frozen,freeze_reason,run_id,checksum
2019-04-01,sw1_801080,,,0,True,trusted_previous_state_missing,354edd71-af9e-5d7f-9864-6f54545ddefd,7dfbc295aaeb44b8e6e7c3402d4074c3beaad2f616bda34b5690fc078fb71f03
2019-04-02,sw1_801080,,,0,True,trusted_previous_state_missing,354edd71-af9e-5d7f-9864-6f54545ddefd,2251041c87642c05027c4e91ed43db963e6a8ffc918f4bb4e2bb0243c5a8f943
2019-04-03,sw1_801080,,,0,True,trusted_previous_state_missing,354edd71-af9e-5d7f-9864-6f54545ddefd,c817ce91dd7798de8dda0c7c867f2d65b53becce565123a64040e9005f1a7d93
2019-04-04,sw1_801080,,,0,True,trusted_previous_state_missing,354edd71-af9e-5d7f-9864-6f54545ddefd,00522dcd240b42e249cd833fc6e3ac2cbf95eaff8e0b10415682885e3d4e627d
2019-04-08,sw1_801080,,,0,True,trusted_previous_state_missing,354edd71-af9e-5d7f-9864-6f54545ddefd,2fc1ac510f200e02c144a8e526eeb880d0fadbe9b669f982451a9487e4df589e
2019-04-09,sw1_801080,,,0,True,trusted_previous_state_missing,354edd71-af9e-5d7f-9864-6f54545ddefd,064eff3a00665cd01eabfba8ac15599e528f8de3be77fd58e7ada5f13babf6ae
2019-04-10,sw1_801080,,,0,True,trusted_previous_state_missing,354edd71-af9e-5d7f-9864-6f54545ddefd,33f5163c0db9f62b22c760606dd7fc91327f032a7b34a4bf30a4964bf9199c40
2019-04-11,sw1_801080,,,0,True,trusted_previous_state_missing,354edd71-af9e-5d7f-9864-6f54545ddefd,56ff37b7d9112032464d1993d42f698369f73184177c36f57a5817327cf65629
2019-04-12,sw1_801080,,,0,True,trusted_previous_state_missing,354edd71-af9e-5d7f-9864-6f54545ddefd,039d5ec50fa4b288f29af6a90a4bcd7f2240fe4b12e38c41cc53ad4d638be084
2019-04-15,sw1_801080,,,0,True,trusted_previous_state_missing,354edd71-af9e-5d7f-9864-6f54545ddefd,9d628fdf4f34f99fdc2799140f234561bd86dbf0e51f9fc25d6b73086ac8d8fa
2019-04-16,sw1_801080,,,0,True,trusted_previous_state_missing,354edd71-af9e-5d7f-9864-6f54545ddefd,b65ab0c192690b4e4b3ae9b52d5a555d63053b3773f20cb3383ed333aa4b0a63
2019-04-17,sw1_801080,,,0,True,trusted_previous_state_missing,354edd71-af9e-5d7f-9864-6f54545ddefd,ee20ba34d45af07d635c2e6d1b57ba360b453911fd28a86df15d068a3b115420
2019-04-18,sw1_801080,,,0,True,trusted_previous_state_missing,354edd71-af9e-5d7f-9864-6f54545ddefd,0bab350853d715ac051752dfff75a6222a8d17dafbf78678c822dc3438632008
2019-04-19,sw1_801080,,,0,True,trusted_previous_state_missing,354edd71-af9e-5d7f-9864-6f54545ddefd,6d8d494ba2572b4771b720606513c972f111ea63ba9f5aea80a7e33c49d2c65d
2019-04-22,sw1_801080,,,0,True,trusted_previous_state_missing,354edd71-af9e-5d7f-9864-6f54545ddefd,5ce7946b298f6346f52a319a63546a418de4df0d90633b219d2d4495d58c9792
2019-04-23,sw1_801080,,,0,True,trusted_previous_state_missing,354edd71-af9e-5d7f-9864-6f54545ddefd,482ffa632a7334da3d37b67b87d0dc764eaa821a45ff71e69f6450ece15cc3ff
2019-04-24,sw1_801080,,,0,True,trusted_previous_state_missing,354edd71-af9e-5d7f-9864-6f54545ddefd,90492d3fd22e3338ff3b43b59c6e760cc1d515b21452d8992c7f59e4a76b7af1
2019-04-25,sw1_801080,,,0,True,trusted_previous_state_missing,354edd71-af9e-5d7f-9864-6f54545ddefd,f895ecce6cae3a4ee30047c13e7600f73548d04c504e553e1e74f231454afc98
2019-04-26,sw1_801080,,,0,True,trusted_previous_state_missing,354edd71-af9e-5d7f-9864-6f54545ddefd,69ab42bc2cf2d86318f956fc0174923b842437faa2ab8d68325c3500720f6a84
2019-04-29,sw1_801080,,,0,True,trusted_previous_state_missing,354edd71-af9e-5d7f-9864-6f54545ddefd,c61653ebab75333ddf94a8bcbee7f523aad705a0ad4568f7ec689b9355ae6965
2019-04-30,sw1_801080,,,0,True,trusted_previous_state_missing,354edd71-af9e-5d7f-9864-6f54545ddefd,7f84a57eceb7a8592c595fd60e2d4f23b6895c15a3dc960d6d4088d257d8c384
2019-05-06,sw1_801080,,,0,True,trusted_previous_state_missing,354edd71-af9e-5d7f-9864-6f54545ddefd,c3ae140249e3cf806e901405ec4c9f7c250aa3dab4695fd0b4f87ab35cab973b
2019-05-07,sw1_801080,,,0,True,trusted_previous_state_missing,354edd71-af9e-5d7f-9864-6f54545ddefd,2ab6175316eb46809c4e7bce4d738a4591027e40a3a60a68bd21f7102402e3ac
2019-05-08,sw1_801080,,,0,True,trusted_previous_state_missing,354edd71-af9e-5d7f-9864-6f54545ddefd,6fe9517d6c6d7f9eb0fb28e570a0f505e858289705721d50c3d1d9642a4ded4b
2019-05-09,sw1_801080,,,0,True,trusted_previous_state_missing,354edd71-af9e-5d7f-9864-6f54545ddefd,374afca55e83e26c8eaa0e2bed9e4a6793b5284e775d77655ffca5b4688270e5
2019-05-10,sw1_801080,,,0,True,trusted_previous_state_missing,354edd71-af9e-5d7f-9864-6f54545ddefd,eab03e1cbffb36d0a9649a57e239c228a6d79de4ab42da8f921731a9be3ba5c5
2019-05-13,sw1_801080,,,0,True,trusted_previous_state_missing,354edd71-af9e-5d7f-9864-6f54545ddefd,ae6be4ea9e47ffba9066f072adce6985010a080d6c1d848d71ae70c353a85c87
2019-05-14,sw1_801080,,,0,True,trusted_previous_state_missing,354edd71-af9e-5d7f-9864-6f54545ddefd,4587c746b073e584472ac120c6a9e9766eb73cdaf0f60c85aa440427b200a9ea
2019-05-15,sw1_801080,,,0,True,trusted_previous_state_missing,354edd71-af9e-5d7f-9864-6f54545ddefd,698227c7b3bfdb6c919a849eb0936c4054a6b15d235c7a78584e149eedf5303f
2019-05-16,sw1_801080,,,0,True,trusted_previous_state_missing,354edd71-af9e-5d7f-9864-6f54545ddefd,4350f4c0d933230724a59700b80379a63b6c521ca43b197ac542d815f9a0f9d7
2019-05-17,sw1_801080,,,0,True,trusted_previous_state_missing,354edd71-af9e-5d7f-9864-6f54545ddefd,53326ffbdeecfa595a8127628dfaf35a544e0e67709733523d9ec983fcb09be0
2019-05-20,sw1_801080,,,0,True,trusted_previous_state_missing,354edd71-af9e-5d7f-9864-6f54545ddefd,937d4f41652da8ec0c71796d3e01f80c9cf747368c816fd2dd51f5e00be4d0b5
2019-05-21,sw1_801080,,,0,True,trusted_previous_state_missing,354edd71-af9e-5d7f-9864-6f54545ddefd,01b1e14d54b4c5789731a9e46f2d74bd3a084b69c89a76ff75ba1f7d61ceb91e
2019-05-22,sw1_801080,,,0,True,trusted_previous_state_missing,354edd71-af9e-5d7f-9864-6f54545ddefd,33e217f6ac7174f373a69eab59e0a2ddd5660dceae27e545d570b6c57effa88f
2019-05-23,sw1_801080,,,0,True,trusted_previous_state_missing,354edd71-af9e-5d7f-9864-6f54545ddefd,ba43c4877ee1a6bfeeaa2796d5b8b234c43ef42d06c290d488ba23cac1fb8e7f
2019-05-24,sw1_801080,,,0,True,trusted_previous_state_missing,354edd71-af9e-5d7f-9864-6f54545ddefd,74992a10ffee9da4b013b5cb4c35af80125832060eb131486a3567af59dbf7a6
2019-05-27,sw1_801080,,,0,True,trusted_previous_state_missing,354edd71-af9e-5d7f-9864-6f54545ddefd,e92d22b71b2e58e0d527d18991035cc9a0de97c96bae39e4fd9e0c0daa878c40
2019-05-28,sw1_801080,,,0,True,trusted_previous_state_missing,354edd71-af9e-5d7f-9864-6f54545ddefd,dab074ed62af34e0e7edece463f6e2e4f9c0f449c9c027a0d21efbd8443d5a66
2019-05-29,sw1_801080,,,0,True,trusted_previous_state_missing,354edd71-af9e-5d7f-9864-6f54545ddefd,26e65efe9192299ed616b6056cbe053ded2c26d00e2472f77c0ada7b12e02c01
2019-05-30,sw1_801080,,,0,True,trusted_previous_state_missing,354edd71-af9e-5d7f-9864-6f54545ddefd,1a9ded37005208f77b0de24c40dcb91bb166a539f2a4f3e3a0262bcb99b525cb
2019-05-31,sw1_801080,,,0,True,trusted_previous_state_missing,354edd71-af9e-5d7f-9864-6f54545ddefd,f29216e512392fc26895dea3bed6524fd1439463732fbf540ac05aaa6ed8912d
2019-06-03,sw1_801080,,,0,True,trusted_previous_state_missing,354edd71-af9e-5d7f-9864-6f54545ddefd,5f8efc0d9791c0bda35b33cc981c527d2ddb0b8e34df8bfcb09f990bbd74f344
2019-06-04,sw1_801080,,,0,True,trusted_previous_state_missing,354edd71-af9e-5d7f-9864-6f54545ddefd,e3aa36020ff9ee94a93d5d866c86b372cce01852ebc110a8d96202aabb3e6480
2019-06-05,sw1_801080,,,0,True,trusted_previous_state_missing,354edd71-af9e-5d7f-9864-6f54545ddefd,193333094383f8fb65b45c1f71fe36ca5e04af8c9e4756cf5474ec72d447bd7f
2019-06-06,sw1_801080,,,0,True,trusted_previous_state_missing,354edd71-af9e-5d7f-9864-6f54545ddefd,3c2ecbef502e2edee3aaabab4f61d47d7fea71b8b38047bd6e0cd306020befbb
2019-06-10,sw1_801080,,,0,True,trusted_previous_state_missing,354edd71-af9e-5d7f-9864-6f54545ddefd,8f1e5d16f98ca4a44eb1315bd766c7bfc1974b768e6807c1be01b0ba535d306f
2019-06-11,sw1_801080,,,0,True,trusted_previous_state_missing,354edd71-af9e-5d7f-9864-6f54545ddefd,df92aa714beb1f2b5e7a0b1df922f7e8545130242fbebb21d282e38640cdc8fb
2019-06-12,sw1_801080,,,0,True,trusted_previous_state_missing,354edd71-af9e-5d7f-9864-6f54545ddefd,5d7cc32f17bc415ecb678a25cdeb82609a9494c504718a37a85a77e10c29e761
2019-06-13,sw1_801080,,,0,True,trusted_previous_state_missing,354edd71-af9e-5d7f-9864-6f54545ddefd,c49742ff3591771f42739de783cf4f9da89e0f541d717ec6b1521755d834a77c
2019-06-14,sw1_801080,,,0,True,trusted_previous_state_missing,354edd71-af9e-5d7f-9864-6f54545ddefd,20189003c54c8dda96238d4e690b2ffd56713f12acd1fcfd94c41925cddf4fc9
2019-06-17,sw1_801080,,,0,True,trusted_previous_state_missing,354edd71-af9e-5d7f-9864-6f54545ddefd,9c2c36ea7b26b8c0df8889eae102a29aa09432f80676a8fd25daf1167bb8786d
2019-06-18,sw1_801080,,,0,True,trusted_previous_state_missing,354edd71-af9e-5d7f-9864-6f54545ddefd,cd56617617fabf0a0f966e99bf8bd395c99c4a88951ab227a68eb37afb273023
2019-06-19,sw1_801080,,,0,True,trusted_previous_state_missing,354edd71-af9e-5d7f-9864-6f54545ddefd,192255e427b216f7389cea21fa7b6be30c6e04925993bf2a8929dc0cdaff77e8
2019-06-20,sw1_801080,,,0,True,trusted_previous_state_missing,354edd71-af9e-5d7f-9864-6f54545ddefd,7bf1a9b108b67c7434212b4228b412000c255f686720b9646a01738cfb2fa970
2019-06-21,sw1_801080,,,0,True,trusted_previous_state_missing,354edd71-af9e-5d7f-9864-6f54545ddefd,5ad9ea745deed20b4c60a96fadb0fad5128397fed68448220fecd3cd17b794ab
2019-06-24,sw1_801080,,,0,True,trusted_previous_state_missing,354edd71-af9e-5d7f-9864-6f54545ddefd,cd34adc4b8569965c7f2819d9f0625f276a47337ec982e72dd493057504eadd1
2019-06-25,sw1_801080,,,0,True,trusted_previous_state_missing,354edd71-af9e-5d7f-9864-6f54545ddefd,be3c6f4a37c0c07d5bd2fedd6708a73552118960d9b18d45e81077cec8dc1048
2019-06-26,sw1_801080,,,0,True,trusted_previous_state_missing,354edd71-af9e-5d7f-9864-6f54545ddefd,cdf2edbdc9fa0802fe80ad75e2ec0f12770953ed780420f2bb6b1c8ed4bd1179
2019-06-27,sw1_801080,,,0,True,trusted_previous_state_missing,354edd71-af9e-5d7f-9864-6f54545ddefd,2125b04afb4578c4b7353a7cce3daf42cff12ceeb39cc9c8a02858779e9faf0e
2019-06-28,sw1_801080,,,0,True,trusted_previous_state_missing,354edd71-af9e-5d7f-9864-6f54545ddefd,c21ba81fd0225edf9889f86c7117a358b8b6272337ed391ad8acc9cf3eb690a8
2019-04-01,sw1_801120,,,0,True,trusted_previous_state_missing,354edd71-af9e-5d7f-9864-6f54545ddefd,a7d6a998986ece632bdc2fd1a4588b1f040e275f7efec93b132262b39968ab9a
2019-04-02,sw1_801120,,,0,True,trusted_previous_state_missing,354edd71-af9e-5d7f-9864-6f54545ddefd,56ba165d1b3e2860f05b1c796197c6f7e32ed5d6c49f3f55ec1ce06760680413
2019-04-03,sw1_801120,,,0,True,trusted_previous_state_missing,354edd71-af9e-5d7f-9864-6f54545ddefd,2bc87f3d65ecab5c9d6db81ac184811bf7451bf82b1a52a6b82be815e28a1329
2019-04-04,sw1_801120,,,0,True,trusted_previous_state_missing,354edd71-af9e-5d7f-9864-6f54545ddefd,1fdbd7763ae9ce3d1f54b23aff37476fbe75631995f1940c69449e898b0c4de4
2019-04-08,sw1_801120,,,0,True,trusted_previous_state_missing,354edd71-af9e-5d7f-9864-6f54545ddefd,0343b465a36d64ce547473fbcc6bdc0cd94accc33f09e79e0f21fcd6419236d9
2019-04-09,sw1_801120,,,0,True,trusted_previous_state_missing,354edd71-af9e-5d7f-9864-6f54545ddefd,6d768ea8925babe72e2c44d03fd2dd869bdf9ec30bb7282e2fa2162c3367f0b8
2019-04-10,sw1_801120,,,0,True,trusted_previous_state_missing,354edd71-af9e-5d7f-9864-6f54545ddefd,be23f93e37549aadc042bb8d6960fbadc859a0d73d8c503d133c9a07929810ee
2019-04-11,sw1_801120,,,0,True,trusted_previous_state_missing,354edd71-af9e-5d7f-9864-6f54545ddefd,737b4457af3ba159273aa661923c57d8b8809fc80ac09400fbcecdc3c095626e
2019-04-12,sw1_801120,,,0,True,trusted_previous_state_missing,354edd71-af9e-5d7f-9864-6f54545ddefd,e0249cb80b3ad4f11e91c69afed5397be7f7cbeb1da028b08296be784f2291a6
2019-04-15,sw1_801120,,,0,True,trusted_previous_state_missing,354edd71-af9e-5d7f-9864-6f54545ddefd,b6b4b6271e3093a91bc63f9aa6a6324aa43aef398ed794b733d64dd76eaf1461
2019-04-16,sw1_801120,,,0,True,trusted_previous_state_missing,354edd71-af9e-5d7f-9864-6f54545ddefd,278ae9a66b505b19e06e755ec0d7557ecc90c0bc0be7ce097cfc3864e19bde98
2019-04-17,sw1_801120,,,0,True,trusted_previous_state_missing,354edd71-af9e-5d7f-9864-6f54545ddefd,11d3a108ae517a784c45e482b8f370ff945f5708e6f55b8b7c9cc02394fcb470
2019-04-18,sw1_801120,,,0,True,trusted_previous_state_missing,354edd71-af9e-5d7f-9864-6f54545ddefd,af307ab9625fca4182435c95b2a030444f796ccbfeacd90c56c82e8b390170dc
2019-04-19,sw1_801120,,,0,True,trusted_previous_state_missing,354edd71-af9e-5d7f-9864-6f54545ddefd,d9df63d77e8577217249618f33cbcc22cefdcb0cf3d19bd579221c799ff3d51a
2019-04-22,sw1_801120,,,0,True,trusted_previous_state_missing,354edd71-af9e-5d7f-9864-6f54545ddefd,de7730592479a6827428c03c48e1fcdefddea74773a92f9d360e703f2ef36a13
2019-04-23,sw1_801120,,,0,True,trusted_previous_state_missing,354edd71-af9e-5d7f-9864-6f54545ddefd,9f4ef78de8632a6b33a022d162f9e56b348672127884e275e926774d9859ea3e
2019-04-24,sw1_801120,,,0,True,trusted_previous_state_missing,354edd71-af9e-5d7f-9864-6f54545ddefd,4797c7e58ae0dc02f63d33d3cb9f3baead292b440a923e86afc838f66e33b882
2019-04-25,sw1_801120,,,0,True,trusted_previous_state_missing,354edd71-af9e-5d7f-9864-6f54545ddefd,0b84efc774ba6f7f8cdca986c0145bbd9071e225a32f9d0b6b7b1c1888612ccf
2019-04-26,sw1_801120,,,0,True,trusted_previous_state_missing,354edd71-af9e-5d7f-9864-6f54545ddefd,cefd5741ac28e63faa74f3089ce8d33d29285654423300c975039a2b901c314a
2019-04-29,sw1_801120,,,0,True,trusted_previous_state_missing,354edd71-af9e-5d7f-9864-6f54545ddefd,807df432d5cec059cdb8c7237dbdacdabf81d1ca811c705c2067fef72b992053
2019-04-30,sw1_801120,,,0,True,trusted_previous_state_missing,354edd71-af9e-5d7f-9864-6f54545ddefd,5e3c3131944539becc321edfa9973d4b65326b24f2f1bc2c480e74ef46c2d0c8
2019-05-06,sw1_801120,,,0,True,trusted_previous_state_missing,354edd71-af9e-5d7f-9864-6f54545ddefd,8e20897fb2a2ed000320d66d11b1c253897271b212e712db02303f0249d25602
2019-05-07,sw1_801120,,,0,True,trusted_previous_state_missing,354edd71-af9e-5d7f-9864-6f54545ddefd,dc38e0978f27f86a47a51295c066bf335f649d7fc1d2222b4fab01887218ca0a
2019-05-08,sw1_801120,,,0,True,trusted_previous_state_missing,354edd71-af9e-5d7f-9864-6f54545ddefd,67d668ba8e1e4d26ae7fd9e5cc77d6b6e06c394ec657a9f6876ddd470dd0ad0e
2019-05-09,sw1_801120,,,0,True,trusted_previous_state_missing,354edd71-af9e-5d7f-9864-6f54545ddefd,af243488095d6f6e07c674ae7964a920fe5b08f4732404c8df193ad7135f9870
2019-05-10,sw1_801120,,,0,True,trusted_previous_state_missing,354edd71-af9e-5d7f-9864-6f54545ddefd,036bbffa4925ff84fa26e29838f2297539596a2eb4f7ad86864b4e0edcded150
2019-05-13,sw1_801120,,,0,True,trusted_previous_state_missing,354edd71-af9e-5d7f-9864-6f54545ddefd,54033e63be8474e57c9d930dcaef90c7028c7bac5ce816f57f902aca773e78af
2019-05-14,sw1_801120,,,0,True,trusted_previous_state_missing,354edd71-af9e-5d7f-9864-6f54545ddefd,0746750b3e60503f66bdaa5b84e5120633fc8cd2d2ea5f4b6b76d81ce21660ab
2019-05-15,sw1_801120,,,0,True,trusted_previous_state_missing,354edd71-af9e-5d7f-9864-6f54545ddefd,fa4d51e5dcc286739f8749426c4c729dfe4e6351903a5846430c01e119d1b9bd
2019-05-16,sw1_801120,,,0,True,trusted_previous_state_missing,354edd71-af9e-5d7f-9864-6f54545ddefd,e472c5c9d4889ad4258b859ff976f4ac4bff9c8904a4942fcd84bd38f24a50bd
2019-05-17,sw1_801120,,,0,True,trusted_previous_state_missing,354edd71-af9e-5d7f-9864-6f54545ddefd,64c3cc0105bb8153c36bea976b79de3ec2c9c4bedf0c1597ceb87ee8ae92af59
2019-05-20,sw1_801120,,,0,True,trusted_previous_state_missing,354edd71-af9e-5d7f-9864-6f54545ddefd,6bcbcb482e488e086b53e5b3a9b5a01dd8a2f8957ee9d5317308d87240930d12
2019-05-21,sw1_801120,,,0,True,trusted_previous_state_missing,354edd71-af9e-5d7f-9864-6f54545ddefd,022c6ecaf539d4c3182afadabd51fb57dae88627f486cc33017edae47e39926b
2019-05-22,sw1_801120,,,0,True,trusted_previous_state_missing,354edd71-af9e-5d7f-9864-6f54545ddefd,7a81afa8b15973b6acbfd30aa85d8723d22903272ef4126521a62b6253fcba8e
2019-05-23,sw1_801120,,,0,True,trusted_previous_state_missing,354edd71-af9e-5d7f-9864-6f54545ddefd,a0de8563645039c96c13a3acbde11a72f8ec9a5e6849bd91c69cda829ccea7c5
2019-05-24,sw1_801120,,,0,True,trusted_previous_state_missing,354edd71-af9e-5d7f-9864-6f54545ddefd,a5c6d6c6f6023dda84141eeb8c8c2933f61202d24e53aace1be5f43f9cfa898d
2019-05-27,sw1_801120,,,0,True,trusted_previous_state_missing,354edd71-af9e-5d7f-9864-6f54545ddefd,a78d06aa4ce9a88cf5c545631eaaa5853bb86e1ffa30ad1727813ef4c91731e9
2019-05-28,sw1_801120,,,0,True,trusted_previous_state_missing,354edd71-af9e-5d7f-9864-6f54545ddefd,9aeb952ff056016eb6cb0cc9e2d78db05801893c11006184de13f7e96162b11f
2019-05-29,sw1_801120,,,0,True,trusted_previous_state_missing,354edd71-af9e-5d7f-9864-6f54545ddefd,d7e0594ddd0807309a6bdbe726b5ce372daa3cd6fa630dc19b709b2a202463bc
2019-05-30,sw1_801120,,,0,True,trusted_previous_state_missing,354edd71-af9e-5d7f-9864-6f54545ddefd,dcd2649721445e929a01786793d73c57183974da3177d9ea8c2bb23217f8075e
2019-05-31,sw1_801120,,,0,True,trusted_previous_state_missing,354edd71-af9e-5d7f-9864-6f54545ddefd,48a3776a2c22360b3a0140c9ae81eb1aa9edd533d51359cd5a521942afe03a86
2019-06-03,sw1_801120,,,0,True,trusted_previous_state_missing,354edd71-af9e-5d7f-9864-6f54545ddefd,ee61a380154bd0f3ec2b68d2dffd322167577dd68b097d0063bf3982ea6dbe6a
2019-06-04,sw1_801120,,,0,True,trusted_previous_state_missing,354edd71-af9e-5d7f-9864-6f54545ddefd,461a916fd5c3bad94fdec35f61b596665a03355381a653a13153b815e29b8014
2019-06-05,sw1_801120,,,0,True,trusted_previous_state_missing,354edd71-af9e-5d7f-9864-6f54545ddefd,7a9b4c65289225c69c463f1d665b2f03c17517ac3641b7b3ca3819f8828e19f4
2019-06-06,sw1_801120,,,0,True,trusted_previous_state_missing,354edd71-af9e-5d7f-9864-6f54545ddefd,d7b5670160c7c1a86b87c9eba590b6da945a8ece24994fb8b4a79b61ce55d519
2019-06-10,sw1_801120,,,0,True,trusted_previous_state_missing,354edd71-af9e-5d7f-9864-6f54545ddefd,e10c04706240c23f19b66e882fb8a35d29f0888e743f13da76b0ede111cebe3f
2019-06-11,sw1_801120,,,0,True,trusted_previous_state_missing,354edd71-af9e-5d7f-9864-6f54545ddefd,f8467beb16f47eb9923c1d669904cc32cc5d19148be27a4fbd669916fab6b5e6
2019-06-12,sw1_801120,,,0,True,trusted_previous_state_missing,354edd71-af9e-5d7f-9864-6f54545ddefd,a7829af65a85e962858237b6dfe0a219867aa154dd9bcf20f3967b660481ceb8
2019-06-13,sw1_801120,,,0,True,trusted_previous_state_missing,354edd71-af9e-5d7f-9864-6f54545ddefd,44d35e1214864567b4ffb6c2c10d3443a30429e71d4a0c0432592fdf7ce8ac2b
2019-06-14,sw1_801120,,,0,True,trusted_previous_state_missing,354edd71-af9e-5d7f-9864-6f54545ddefd,57b79b9dab9fb1896d110f5de234ea75b6b43dc6e004989309fcea3a11de2279
2019-06-17,sw1_801120,,,0,True,trusted_previous_state_missing,354edd71-af9e-5d7f-9864-6f54545ddefd,0bbd97e9bfb5667e4116b9f576d681bbf18fbdbfe3b18a5c2c55993b11aae985
2019-06-18,sw1_801120,,,0,True,trusted_previous_state_missing,354edd71-af9e-5d7f-9864-6f54545ddefd,9ac30e8970ee078ef343268eb03f9a0d9977c4856d5d18d2538cce717d4678f9
2019-06-19,sw1_801120,,,0,True,trusted_previous_state_missing,354edd71-af9e-5d7f-9864-6f54545ddefd,68282be0d5694406761d096e731bf961859249cc3e72c13b0abb309e6edaa10b
2019-06-20,sw1_801120,,,0,True,trusted_previous_state_missing,354edd71-af9e-5d7f-9864-6f54545ddefd,c64b68212a52f221fc41394c726909341cde36219fa81a0b14d382c0a60a9587
2019-06-21,sw1_801120,,,0,True,trusted_previous_state_missing,354edd71-af9e-5d7f-9864-6f54545ddefd,52503111276dfc0bd9aea512f348f87eb4f0c5827888aeb4c0764f7198ef5a83
2019-06-24,sw1_801120,,,0,True,trusted_previous_state_missing,354edd71-af9e-5d7f-9864-6f54545ddefd,abfc2bef995d34e98f7aa3281ee5dea8d2313daeff725f57188faa8c3f9c2567
2019-06-25,sw1_801120,,,0,True,trusted_previous_state_missing,354edd71-af9e-5d7f-9864-6f54545ddefd,009c07439f770d66eed59eeee385b8aee4377dcd084c52365afe9d8fecf7a386
2019-06-26,sw1_801120,,,0,True,trusted_previous_state_missing,354edd71-af9e-5d7f-9864-6f54545ddefd,8f0578aa9e1cf377878d85e7402ab2231532a11a30ab3d2b589e84ad096abb1d
2019-06-27,sw1_801120,,,0,True,trusted_previous_state_missing,354edd71-af9e-5d7f-9864-6f54545ddefd,c04d4132d3db21cf9f6c18eb610e4f4a25cc6f5feb511cce9ecb3e058a98a285
2019-06-28,sw1_801120,,,0,True,trusted_previous_state_missing,354edd71-af9e-5d7f-9864-6f54545ddefd,f1256980404d56c8395641006893ed14c9fe66c0ab9c4fca6c85ffd71801f294
2019-04-01,sw1_801790,,,0,True,trusted_previous_state_missing,354edd71-af9e-5d7f-9864-6f54545ddefd,a8c524c11e7398bd91fc523ca799b9f757b2a6e5fbeb0b0454a0230d781445d1
2019-04-02,sw1_801790,,,0,True,trusted_previous_state_missing,354edd71-af9e-5d7f-9864-6f54545ddefd,f8608857387cab8db8be9d6f98c4bd8182e879f7b515f01d79523788732f6eea
2019-04-03,sw1_801790,,,0,True,trusted_previous_state_missing,354edd71-af9e-5d7f-9864-6f54545ddefd,4f5210506b7ddce3c11622157e9ee72a979a718eccb0cc1559782904db92f9e6
2019-04-04,sw1_801790,,,0,True,trusted_previous_state_missing,354edd71-af9e-5d7f-9864-6f54545ddefd,4e01838f1f4f73895d77fb885ce430e252f29ec423f51d6640cf2d2d1653ca55
2019-04-08,sw1_801790,,,0,True,trusted_previous_state_missing,354edd71-af9e-5d7f-9864-6f54545ddefd,be6def9252ccfd10f127aaadcaf25d861428d9652b7f3d73597df869a22ee794
2019-04-09,sw1_801790,,,0,True,trusted_previous_state_missing,354edd71-af9e-5d7f-9864-6f54545ddefd,a7bdf35d62795bad5e7b5ef60730c91d9182d06ce3fa9d8bf57c98d2bdd4c2cd
2019-04-10,sw1_801790,,,0,True,trusted_previous_state_missing,354edd71-af9e-5d7f-9864-6f54545ddefd,6654450a0033e7653c9e9472be4f9bd4eb878868820c300e71449f6c78bbc42e
2019-04-11,sw1_801790,,,0,True,trusted_previous_state_missing,354edd71-af9e-5d7f-9864-6f54545ddefd,8a059ae32d3e0ba9d47b81c4774a7b24af987db16a7f9329c22a9b61d9e8cba2
2019-04-12,sw1_801790,,,0,True,trusted_previous_state_missing,354edd71-af9e-5d7f-9864-6f54545ddefd,027b946b82c4c3c3dbc6d4449b07aba7ee07902ad55c865db20541bd8ce3eb11
2019-04-15,sw1_801790,,,0,True,trusted_previous_state_missing,354edd71-af9e-5d7f-9864-6f54545ddefd,8b661522021a5c25a15ac63f5ae4e5c42372da218f305388b70d00327809c16d
2019-04-16,sw1_801790,,,0,True,trusted_previous_state_missing,354edd71-af9e-5d7f-9864-6f54545ddefd,79107e708c841ff57cb74184bb1e3982655ed23f70dbf8b65d65ced1919ab387
2019-04-17,sw1_801790,,,0,True,trusted_previous_state_missing,354edd71-af9e-5d7f-9864-6f54545ddefd,a1defd23669b216cdd2a8f57ca1bdb7a525c251a7495739c25c49abf25b62543
2019-04-18,sw1_801790,,,0,True,trusted_previous_state_missing,354edd71-af9e-5d7f-9864-6f54545ddefd,1b1ecfd0c3224b6ad02e051b7e2fd92f7bbdacbadcf3accd5b10a35d88aca7af
2019-04-19,sw1_801790,,,0,True,trusted_previous_state_missing,354edd71-af9e-5d7f-9864-6f54545ddefd,f7f326fe2ba931590f4008f2d1294e060f3e80d513ace7adaa39437c8c08fdf7
2019-04-22,sw1_801790,,,0,True,trusted_previous_state_missing,354edd71-af9e-5d7f-9864-6f54545ddefd,f16403486ead16aa21600985c10cbc9e309d53a702198ce6767de70ae020cd08
2019-04-23,sw1_801790,,,0,True,trusted_previous_state_missing,354edd71-af9e-5d7f-9864-6f54545ddefd,8a0b3e662e0097fed116640b8491627b97d4ea192fc17e83690d961654bb042e
2019-04-24,sw1_801790,,,0,True,trusted_previous_state_missing,354edd71-af9e-5d7f-9864-6f54545ddefd,bace16a8a62da5ad8110e1264ceb820887044da726bee55975288285ac32311f
2019-04-25,sw1_801790,,,0,True,trusted_previous_state_missing,354edd71-af9e-5d7f-9864-6f54545ddefd,6a607317ef056c5d1eb0cb4e9d2058f1087008d38f1af3c6f589d236d9d8c69f
2019-04-26,sw1_801790,,,0,True,trusted_previous_state_missing,354edd71-af9e-5d7f-9864-6f54545ddefd,3490e7874baeecd7d0f9a92b36336d2697a2cf06aa3cf687c64beab21ec5e714
2019-04-29,sw1_801790,,,0,True,trusted_previous_state_missing,354edd71-af9e-5d7f-9864-6f54545ddefd,d9eb2f158380f5f900786742eb985b7956e9f435bea2efdf1cf5dcfb8653af0b
2019-04-30,sw1_801790,,,0,True,trusted_previous_state_missing,354edd71-af9e-5d7f-9864-6f54545ddefd,7548177206894a96966be5458d6b5dfec4c02b175536d8172c6286a373e7a43a
2019-05-06,sw1_801790,,,0,True,trusted_previous_state_missing,354edd71-af9e-5d7f-9864-6f54545ddefd,9b407b9e0e19b274b1235bf1c774817658179921a0ba4861a939651a0340c01b
2019-05-07,sw1_801790,,,0,True,trusted_previous_state_missing,354edd71-af9e-5d7f-9864-6f54545ddefd,ad164f87c5f27ea6d15dd3147666bc5a99044b7c964297d3ff6d68c8f0710a70
2019-05-08,sw1_801790,,,0,True,trusted_previous_state_missing,354edd71-af9e-5d7f-9864-6f54545ddefd,12cd191aa5f4da71da3be1c83bd80e46ae135c91b60fa9606f86cbd2928d5d71
2019-05-09,sw1_801790,,,0,True,trusted_previous_state_missing,354edd71-af9e-5d7f-9864-6f54545ddefd,72a2df45b0c0b62caf7db113632f86e4a3af26ad51a08b09278a22a92841029e
2019-05-10,sw1_801790,,,0,True,trusted_previous_state_missing,354edd71-af9e-5d7f-9864-6f54545ddefd,779eb14ae1a884c07eb2892cefd183120427a1f6ca82683a36c0a24b163f7f42
2019-05-13,sw1_801790,,,0,True,trusted_previous_state_missing,354edd71-af9e-5d7f-9864-6f54545ddefd,bdecd841e57bbf02fe215c3811fab1d8c225fba0b1957683bd5c0e49dd1b1d30
2019-05-14,sw1_801790,,,0,True,trusted_previous_state_missing,354edd71-af9e-5d7f-9864-6f54545ddefd,3bc715b4df911c31e82a99e72d97a80b4e141c9222d98bcb7168b4c0f19fdd1a
2019-05-15,sw1_801790,,,0,True,trusted_previous_state_missing,354edd71-af9e-5d7f-9864-6f54545ddefd,19896ee86c22c9820d66a4deeacabbc284836ba8a44713bfc01e505154d0eeb8
2019-05-16,sw1_801790,,,0,True,trusted_previous_state_missing,354edd71-af9e-5d7f-9864-6f54545ddefd,ed403444f15696417b2b6cd0b45e1758c5fe82b9ef9ac857f28240fb5ca509f3
2019-05-17,sw1_801790,,,0,True,trusted_previous_state_missing,354edd71-af9e-5d7f-9864-6f54545ddefd,faa0a6ed4d97283af0c78835d2b7fa7912b7baea6eb1d7f2789e9602ee170d9d
2019-05-20,sw1_801790,,,0,True,trusted_previous_state_missing,354edd71-af9e-5d7f-9864-6f54545ddefd,46b3c7305944763e4ecda2d8c7ee09e3baf52499a8f640ae67193ad40338f920
2019-05-21,sw1_801790,,,0,True,trusted_previous_state_missing,354edd71-af9e-5d7f-9864-6f54545ddefd,2980f79907a7db70259ad4b74d05dd8cec4fb0c91737c47ac669d6d98aa2e577
2019-05-22,sw1_801790,,,0,True,trusted_previous_state_missing,354edd71-af9e-5d7f-9864-6f54545ddefd,e77d584837b488ad6424958cad92cac1ff49c8c00eadcde0e873ea0777a531c7
2019-05-23,sw1_801790,,,0,True,trusted_previous_state_missing,354edd71-af9e-5d7f-9864-6f54545ddefd,d293ef0d9a99cccaaadfd57d91ab76149b6851805a6c9c838535a775784cac58
2019-05-24,sw1_801790,,,0,True,trusted_previous_state_missing,354edd71-af9e-5d7f-9864-6f54545ddefd,1bb343863e6fffd6e2137fe266c252354bc82dd858ff392eb30f75ed502c2c28
2019-05-27,sw1_801790,,,0,True,trusted_previous_state_missing,354edd71-af9e-5d7f-9864-6f54545ddefd,5a8912173b2b9c2a4ec8814e573115c281af7f7b8eee61835fefa309df7d09ef
2019-05-28,sw1_801790,,,0,True,trusted_previous_state_missing,354edd71-af9e-5d7f-9864-6f54545ddefd,4e87c9f9ef6f1da6bf90b3af4449b3fb9a9460489d255ce018d08a85008c5d6f
2019-05-29,sw1_801790,,,0,True,trusted_previous_state_missing,354edd71-af9e-5d7f-9864-6f54545ddefd,d1e5aed6f123c629255ae1971a694e1c7765b7b67b269fb4ffb7a87cdb6f94e2
2019-05-30,sw1_801790,,,0,True,trusted_previous_state_missing,354edd71-af9e-5d7f-9864-6f54545ddefd,4a5044083510746c9ee367f93d813d9db22bc2802736d743afeb9022c8ae8c83
2019-05-31,sw1_801790,,,0,True,trusted_previous_state_missing,354edd71-af9e-5d7f-9864-6f54545ddefd,0a4e17f4445a099c98d57c1152c03d51fdea0b9dbc4fb48d9fe3eda16da1cfa5
2019-06-03,sw1_801790,,,0,True,trusted_previous_state_missing,354edd71-af9e-5d7f-9864-6f54545ddefd,8cd28fc1be1b29443f81f0afbb21c9d45ee0267fb3b570d556850a0437d9fd09
2019-06-04,sw1_801790,,,0,True,trusted_previous_state_missing,354edd71-af9e-5d7f-9864-6f54545ddefd,ab6d33d1f12dd17e0cdeb86ea40dd30485bec982965b7c0db59880fd624fd3e9
2019-06-05,sw1_801790,,,0,True,trusted_previous_state_missing,354edd71-af9e-5d7f-9864-6f54545ddefd,92129dfc94e76dac2f612145726d6c67187df2dbab62b1bccb2c6b1d62509f7f
2019-06-06,sw1_801790,,,0,True,trusted_previous_state_missing,354edd71-af9e-5d7f-9864-6f54545ddefd,64a7b3bf8ef428ce370fd79b272780152ca91461a303c37aa1c506d6b9b6133a
2019-06-10,sw1_801790,,,0,True,trusted_previous_state_missing,354edd71-af9e-5d7f-9864-6f54545ddefd,2ae0db2458330dc9438f911cd9c76f642782b85060103662510a998807c7271f
2019-06-11,sw1_801790,,,0,True,trusted_previous_state_missing,354edd71-af9e-5d7f-9864-6f54545ddefd,b5d37b755c9f549baa1e49279945fa6a7328e55d882b793881f835cdc98c0e0f
2019-06-12,sw1_801790,,,0,True,trusted_previous_state_missing,354edd71-af9e-5d7f-9864-6f54545ddefd,5e227bb28ea79263e6f5ed0185398e9fe5cce0d5299c1571f17fce358866bbff
2019-06-13,sw1_801790,,,0,True,trusted_previous_state_missing,354edd71-af9e-5d7f-9864-6f54545ddefd,6897034966fc1f80824f382f239e9ec13c47646992b2171880b1a43df6c9515a
2019-06-14,sw1_801790,,,0,True,trusted_previous_state_missing,354edd71-af9e-5d7f-9864-6f54545ddefd,c51a435cbc0e5d6b41ae0078aab8093941bd07015b17d1c0c1521bac9b52d31d
2019-06-17,sw1_801790,,,0,True,trusted_previous_state_missing,354edd71-af9e-5d7f-9864-6f54545ddefd,20395586ba3a7f7406adf751f98ef0d74612e097059399f855bff8818982f7d7
2019-06-18,sw1_801790,,,0,True,trusted_previous_state_missing,354edd71-af9e-5d7f-9864-6f54545ddefd,0b8ecdf1120cd7de6298a146844dab6a64fe542953226dea20a3836c5b114254
2019-06-19,sw1_801790,,,0,True,trusted_previous_state_missing,354edd71-af9e-5d7f-9864-6f54545ddefd,7d8fc8e50a46536db1f636f65459f0859a41de4363d48730afee77a0d59952d9
2019-06-20,sw1_801790,,,0,True,trusted_previous_state_missing,354edd71-af9e-5d7f-9864-6f54545ddefd,2457c765205ae1ad30c4c48cd4430244c1f23598faf6bda60f37650309678ce8
2019-06-21,sw1_801790,,,0,True,trusted_previous_state_missing,354edd71-af9e-5d7f-9864-6f54545ddefd,d133107c1b4e3e3126b0b17cc74336a9308642b4382d5a73f932f70a20d9349f
2019-06-24,sw1_801790,,,0,True,trusted_previous_state_missing,354edd71-af9e-5d7f-9864-6f54545ddefd,b193b1514f6e455a413434a3a94e8cb96030f82028ca9d0b29badebaa49b0632
2019-06-25,sw1_801790,,,0,True,trusted_previous_state_missing,354edd71-af9e-5d7f-9864-6f54545ddefd,3d68d0a48fe2d7abc1c6773a3e7e15d6a3334b6e74aea4aefe58a956ea52dfc7
2019-06-26,sw1_801790,,,0,True,trusted_previous_state_missing,354edd71-af9e-5d7f-9864-6f54545ddefd,1c927bc2483e70804da4a59861a661196651aa579ea82b2aabd040fe933a287c
2019-06-27,sw1_801790,,,0,True,trusted_previous_state_missing,354edd71-af9e-5d7f-9864-6f54545ddefd,e1f8505cad2c2521a261d3e3f6ece61d70b28748c5bb3ec6675c2fb3e813e626
2019-06-28,sw1_801790,,,0,True,trusted_previous_state_missing,354edd71-af9e-5d7f-9864-6f54545ddefd,de83902ee452a778e49f447b8c821ccd7ea89e8bccd27b392dbcaf924b82017e
2020-03-31,sw1_801050,,,0,True,trusted_previous_state_missing,354edd71-af9e-5d7f-9864-6f54545ddefd,af593de7601ba2bde35a3f4d0831f8a81e84aa2bb3aeed1db44127638fe6c28a
2020-04-01,sw1_801050,,,0,True,trusted_previous_state_missing,354edd71-af9e-5d7f-9864-6f54545ddefd,eb018f9e2b49558a920de269baa6617076089ed153cc61a3dfb9767d54dbc802
2020-04-02,sw1_801050,,,0,True,trusted_previous_state_missing,354edd71-af9e-5d7f-9864-6f54545ddefd,d18398fe6addc3b8debe8e7499e6ec44a0be4adc426af5199873e53c9915c14f
2020-04-03,sw1_801050,,,0,True,trusted_previous_state_missing,354edd71-af9e-5d7f-9864-6f54545ddefd,fa40fad39d63da00d3c5320492a44eb814cac3cc04b8f6ee1649eacb43b1f8df
2020-04-07,sw1_801050,,,0,True,trusted_previous_state_missing,354edd71-af9e-5d7f-9864-6f54545ddefd,e180b31ad4351a1f48ffcd8e57b11c186a693492a2722f1758c61f3348808675
2020-04-08,sw1_801050,,,0,True,trusted_previous_state_missing,354edd71-af9e-5d7f-9864-6f54545ddefd,543735590a5b97133ea9daf737b05104172b505a728d6e4aefe2687feb1c9337
2020-04-09,sw1_801050,,,0,True,trusted_previous_state_missing,354edd71-af9e-5d7f-9864-6f54545ddefd,3f5f2de1163b923041ee6d9ac0452dde7c8ddbe38f9732a866ffa0022b55210b
2020-04-10,sw1_801050,,,0,True,trusted_previous_state_missing,354edd71-af9e-5d7f-9864-6f54545ddefd,b871956711184b66edc9c242369d15ca693b14de8d0a04100373f17662143642
2020-04-13,sw1_801050,,,0,True,trusted_previous_state_missing,354edd71-af9e-5d7f-9864-6f54545ddefd,35f743b22de786e44380ac6086da4d9fd8053603ecb547676e9f781f8f5bcdcc
2020-04-14,sw1_801050,,,0,True,trusted_previous_state_missing,354edd71-af9e-5d7f-9864-6f54545ddefd,0b8965694a35817d5ad3cbd2ff73fc9a9db0559df036133ca0a54f812113984a
2020-04-15,sw1_801050,,,0,True,trusted_previous_state_missing,354edd71-af9e-5d7f-9864-6f54545ddefd,0feed47c20bb1824d9ab51c7743a77a63763e0e8db1a360c401cd53f1e588594
2020-04-16,sw1_801050,,,0,True,trusted_previous_state_missing,354edd71-af9e-5d7f-9864-6f54545ddefd,dda2d6b681f29ba420917b1e9b92f9c2d94827deba7c2a41a110d763100e1e41
2020-04-17,sw1_801050,,,0,True,trusted_previous_state_missing,354edd71-af9e-5d7f-9864-6f54545ddefd,4f80c7124b1f02a236088ee1c8775d4cda30dadebfed09065594391a3966f1bc
2020-04-20,sw1_801050,,,0,True,trusted_previous_state_missing,354edd71-af9e-5d7f-9864-6f54545ddefd,cdc002f089610dda6e05e4b677527c382e66ea9d12ce1838ef96f19d8309993a
2020-04-21,sw1_801050,,,0,True,trusted_previous_state_missing,354edd71-af9e-5d7f-9864-6f54545ddefd,b328a031748cbc2075fca86b415c8d7cb7b0c163a7bc60ab9fbb4385de7e6918
2020-04-22,sw1_801050,,,0,True,trusted_previous_state_missing,354edd71-af9e-5d7f-9864-6f54545ddefd,1518552132d62a6a1b3f0b5e40519f8d94eb067df0ba11c4e62022876cbbf266
2020-04-23,sw1_801050,,,0,True,trusted_previous_state_missing,354edd71-af9e-5d7f-9864-6f54545ddefd,9ee04d7e0bc3a582abded79a2099ea739dd1e0739adfd4149e2c55df1ae0b53d
2020-04-24,sw1_801050,,,0,True,trusted_previous_state_missing,354edd71-af9e-5d7f-9864-6f54545ddefd,669689ab9dc289bc9019ef839adf5ef0e8e9555722b8b6ebf84707ec0ede00f7
2020-04-27,sw1_801050,,,0,True,trusted_previous_state_missing,354edd71-af9e-5d7f-9864-6f54545ddefd,7d564e03e21ffc25a1273c5ecbd42dd921d4230dba805e9216438ea5577b3774
2020-04-28,sw1_801050,,,0,True,trusted_previous_state_missing,354edd71-af9e-5d7f-9864-6f54545ddefd,77f98f69d23e22a5a169b2e9e99dd63db43ccb8b85569a482a47c4fdbc8d9964
2020-04-29,sw1_801050,,,0,True,trusted_previous_state_missing,354edd71-af9e-5d7f-9864-6f54545ddefd,c385ea7e555d217318f39a8ae71ab47e4bd73ba4371a7a1369bf17226765bd40
2020-04-30,sw1_801050,,,0,True,trusted_previous_state_missing,354edd71-af9e-5d7f-9864-6f54545ddefd,889827b06b8823b0d003cdf7139e4897f3bd4527df4ca89fb2c46401db7be216
2020-05-06,sw1_801050,,,0,True,trusted_previous_state_missing,354edd71-af9e-5d7f-9864-6f54545ddefd,369c04070e79e606f13089063008b591edda7deb1046e96a3236396f627f0589
2020-05-07,sw1_801050,,,0,True,trusted_previous_state_missing,354edd71-af9e-5d7f-9864-6f54545ddefd,1b722c8300b42b95e884db82bbce5d60ab45a0a3e40ca509d98d99d4eb130aeb
2020-05-08,sw1_801050,,,0,True,trusted_previous_state_missing,354edd71-af9e-5d7f-9864-6f54545ddefd,21dfb630d955fac9fb9b580ee047834405fe508b3c45381497ade78463cde233
2020-05-11,sw1_801050,,,0,True,trusted_previous_state_missing,354edd71-af9e-5d7f-9864-6f54545ddefd,2c5c97c6f8996b7578b856a6e9a992f0264495c1d4da7b0016fee6e744aacb7c
2020-05-12,sw1_801050,,,0,True,trusted_previous_state_missing,354edd71-af9e-5d7f-9864-6f54545ddefd,854096fdee154844b49f11635d3436979b691483d14225dcaa47de6ae96d7e53
2020-05-13,sw1_801050,,,0,True,trusted_previous_state_missing,354edd71-af9e-5d7f-9864-6f54545ddefd,fda8fc2d0d8ce3868da6e619a46418838d3fbc630561c52db18ae30914ef7da8
2020-05-14,sw1_801050,,,0,True,trusted_previous_state_missing,354edd71-af9e-5d7f-9864-6f54545ddefd,05d56e375563e9f43cfb3a1de5fe3d0b50a559e52dd571513fcad54e146fb5c9
2020-05-15,sw1_801050,,,0,True,trusted_previous_state_missing,354edd71-af9e-5d7f-9864-6f54545ddefd,9f74cd00d82bde880b25dabe36a13c954cd516807ad8cd7773b84f9dc03f21e5
2020-05-18,sw1_801050,,,0,True,trusted_previous_state_missing,354edd71-af9e-5d7f-9864-6f54545ddefd,02926418dc80ac56c09987be85373791de8de6a4da8668309276158545075763
2020-05-19,sw1_801050,,,0,True,trusted_previous_state_missing,354edd71-af9e-5d7f-9864-6f54545ddefd,7cb1e95f58ec20682ba215249b5ce8075bc35397c77600450c41fb612bca36c4
2020-05-20,sw1_801050,,,0,True,trusted_previous_state_missing,354edd71-af9e-5d7f-9864-6f54545ddefd,9a383487cd5c62d29f10909dfbd074bc04c9a3d60212780573bf22d0d43c8e31
2020-05-21,sw1_801050,,,0,True,trusted_previous_state_missing,354edd71-af9e-5d7f-9864-6f54545ddefd,15a52faeabff1f4a1ddfaaf40dc83c3f88a729f3334cdcca44ff68ceaa656a38
2020-05-22,sw1_801050,,,0,True,trusted_previous_state_missing,354edd71-af9e-5d7f-9864-6f54545ddefd,8f9b0055e235270295d1c6bd20f4a0356db438a698b3e8002057c264b5c0378e
2020-05-25,sw1_801050,,,0,True,trusted_previous_state_missing,354edd71-af9e-5d7f-9864-6f54545ddefd,a7bf555e7140b2eefd46e1f26a3f5cdc1e0efefb6f68f1d133bdca498197a9aa
2020-05-26,sw1_801050,,,0,True,trusted_previous_state_missing,354edd71-af9e-5d7f-9864-6f54545ddefd,0de48ab6d28d2ac0fdcd2ac007b77d297dadfc37f4dbdfd57821768b6313ac5e
2020-05-27,sw1_801050,,,0,True,trusted_previous_state_missing,354edd71-af9e-5d7f-9864-6f54545ddefd,92a78c50ae8930629b3a816b9f8e5ed45ca732ee5c0641b9d2b615640cee9b48
2020-05-28,sw1_801050,,,0,True,trusted_previous_state_missing,354edd71-af9e-5d7f-9864-6f54545ddefd,44254d9114a815b89abcbadd763524839d3528e986c80102aac532e25637c8c6
2020-05-29,sw1_801050,,,0,True,trusted_previous_state_missing,354edd71-af9e-5d7f-9864-6f54545ddefd,1a6ba07a7c78035ab847a026a7149c73c786569aa953447347b0b29e628034e1
2020-06-01,sw1_801050,,,0,True,trusted_previous_state_missing,354edd71-af9e-5d7f-9864-6f54545ddefd,19662768d7b5fc634052905e19a059dd4578c4556b7280a702693ebcf9f78d7f
2020-06-02,sw1_801050,,,0,True,trusted_previous_state_missing,354edd71-af9e-5d7f-9864-6f54545ddefd,99e8e1027d535c63e875ae5a11f580c282b83f8a760b836179b49103f1104ba7
2020-06-03,sw1_801050,,,0,True,trusted_previous_state_missing,354edd71-af9e-5d7f-9864-6f54545ddefd,11a383ccb74db36190993fb4b8f26e875074ac197f7f63a104739bc3c0a6a19b
2020-06-04,sw1_801050,,,0,True,trusted_previous_state_missing,354edd71-af9e-5d7f-9864-6f54545ddefd,5250dd6a41cc3d973ac4da4a57f456e781c8959986776b11f6a74f9122e5a10d
2020-06-05,sw1_801050,,,0,True,trusted_previous_state_missing,354edd71-af9e-5d7f-9864-6f54545ddefd,d320fde5555a542dd43715fc5337026ef6842ba6044916c437c5c07cf91c0d3e
2020-06-08,sw1_801050,,,0,True,trusted_previous_state_missing,354edd71-af9e-5d7f-9864-6f54545ddefd,c253b286e8d3d0b646f720c004fefa95ba16438a01e6ae5c5d97f1f2fd14bf82
2020-06-09,sw1_801050,,,0,True,trusted_previous_state_missing,354edd71-af9e-5d7f-9864-6f54545ddefd,b3f75a3919ae8ce3b5ba6f68518e82b3fc0ce9399a7cda47373d979ad3da1716
2020-06-10,sw1_801050,,,0,True,trusted_previous_state_missing,354edd71-af9e-5d7f-9864-6f54545ddefd,bd315b7b856041558f1de005bcc73307441545cb576885db5340740fc8e99c70
2020-06-11,sw1_801050,,,0,True,trusted_previous_state_missing,354edd71-af9e-5d7f-9864-6f54545ddefd,a8794b81e105c504a0ba4bd96a1cec2123484e9c0e1c202adf8c8e669a0f87d0
2020-06-12,sw1_801050,,,0,True,trusted_previous_state_missing,354edd71-af9e-5d7f-9864-6f54545ddefd,80f4e374738ca36792be1ccd967743b8e652baed96003ce6aa28223caf725c0a
2020-06-15,sw1_801050,,,0,True,trusted_previous_state_missing,354edd71-af9e-5d7f-9864-6f54545ddefd,dd091a1657b008ffbface2204f955bfd666e84a45fcfdca5a0dce90826f7c13e
2020-06-16,sw1_801050,,,0,True,trusted_previous_state_missing,354edd71-af9e-5d7f-9864-6f54545ddefd,166749c26e2b842773a142251261c0db592f4fb4b9b55945f5aeb10d2b2ed56b
2020-06-17,sw1_801050,,,0,True,trusted_previous_state_missing,354edd71-af9e-5d7f-9864-6f54545ddefd,373e38f52f94b8ab5861ad60dce7d09a5bc203a5dba235ca75f26c4c1ce9f65a
2020-06-18,sw1_801050,,,0,True,trusted_previous_state_missing,354edd71-af9e-5d7f-9864-6f54545ddefd,8ae082311389306f01e910ed876dbdb91ef76fa408db57ed29c4286e30e3b03e
2020-06-19,sw1_801050,,,0,True,trusted_previous_state_missing,354edd71-af9e-5d7f-9864-6f54545ddefd,1f255c3229aace5507eda7e3a97c86f1d82c9d8d8a67ec18f74572108539313e
2020-06-22,sw1_801050,,,0,True,trusted_previous_state_missing,354edd71-af9e-5d7f-9864-6f54545ddefd,e68fc9d05daf1d6b3b344a471620bc0d7f1501a6ce8b1263c749cb5f7108bb06
2020-06-23,sw1_801050,,,0,True,trusted_previous_state_missing,354edd71-af9e-5d7f-9864-6f54545ddefd,4ab661da53fe11160c93fec6b9d01b769823f2d902da49c57f4793e294742f25
2020-06-24,sw1_801050,,,0,True,trusted_previous_state_missing,354edd71-af9e-5d7f-9864-6f54545ddefd,abfd93d2a8e639e28ad03dde8c38d999e465eb9d2d662b7502d11f640f621224
2020-06-29,sw1_801050,,,0,True,trusted_previous_state_missing,354edd71-af9e-5d7f-9864-6f54545ddefd,8803403c10947b96ba999693372e64d63acfb9e99c8352844a647a440dc06526
2020-06-30,sw1_801050,,,0,True,trusted_previous_state_missing,354edd71-af9e-5d7f-9864-6f54545ddefd,0967e141fd64d04c6a27182cebae0c352f28e619b365933062fba99aef76abfc
2020-03-31,sw1_801120,,,0,True,trusted_previous_state_missing,354edd71-af9e-5d7f-9864-6f54545ddefd,ed5e6b3310aeba0202cfe56dc4529e4fe73b58896079a8f94189ff91428c962e
2020-04-01,sw1_801120,,,0,True,trusted_previous_state_missing,354edd71-af9e-5d7f-9864-6f54545ddefd,159b77a3defbb36d5f263979ba96320f1debebc298290e360639883c8240d541
2020-04-02,sw1_801120,,,0,True,trusted_previous_state_missing,354edd71-af9e-5d7f-9864-6f54545ddefd,8100a72294f340e092ef551c0dcbb4c4dddbcdb60f58fe70942d5d65a2b43e5a
2020-04-03,sw1_801120,,,0,True,trusted_previous_state_missing,354edd71-af9e-5d7f-9864-6f54545ddefd,32e5f93b57cb7496d67c49b9d977440e984ecbe173b46f55050a57153e903c6e
2020-04-07,sw1_801120,,,0,True,trusted_previous_state_missing,354edd71-af9e-5d7f-9864-6f54545ddefd,0094aa007756ef78237c957bfe2093b5951029664b50105267d45ca6bfdb77c2
2020-04-08,sw1_801120,,,0,True,trusted_previous_state_missing,354edd71-af9e-5d7f-9864-6f54545ddefd,3935201bcf197f3c4e3915e2cc747ce6602e3f220960bcacad7f283b2a4b416b
2020-04-09,sw1_801120,,,0,True,trusted_previous_state_missing,354edd71-af9e-5d7f-9864-6f54545ddefd,18eee99f7ef509af0cb630c122099a246a511eb06b11efe3847e0bcba773e134
2020-04-10,sw1_801120,,,0,True,trusted_previous_state_missing,354edd71-af9e-5d7f-9864-6f54545ddefd,6e8d8e76a938eb23245cd17bca2b603254399547330d60655b6d203eccff3107
2020-04-13,sw1_801120,,,0,True,trusted_previous_state_missing,354edd71-af9e-5d7f-9864-6f54545ddefd,540a90942d2c2b5e94de209763ddd1b0c74b743a2dd4622db61be27ae4635f30
2020-04-14,sw1_801120,,,0,True,trusted_previous_state_missing,354edd71-af9e-5d7f-9864-6f54545ddefd,2d6f004f7f413816f2ab82b4828fe2ffdfa36729381c70c75f370f089ff3ddb5
2020-04-15,sw1_801120,,,0,True,trusted_previous_state_missing,354edd71-af9e-5d7f-9864-6f54545ddefd,b0d53a7c2d0c8c493097d9b3af5b93bb4d7351d3316bd6fc4f00f70a96461bc2
2020-04-16,sw1_801120,,,0,True,trusted_previous_state_missing,354edd71-af9e-5d7f-9864-6f54545ddefd,2f85a86ad337838ce1eb2b843437a0fe39372a5c08f287bd72c313907fe0a595
2020-04-17,sw1_801120,,,0,True,trusted_previous_state_missing,354edd71-af9e-5d7f-9864-6f54545ddefd,a56cd6679542ee51d2ee31db2f3165865ddca842193f7ba7538af7b73f83bbc1
2020-04-20,sw1_801120,,,0,True,trusted_previous_state_missing,354edd71-af9e-5d7f-9864-6f54545ddefd,cdd285d417c813c7c6666bb02f36b96bfcb2f6e9bf1581f7bf2b75a6aa973ab3
2020-04-21,sw1_801120,,,0,True,trusted_previous_state_missing,354edd71-af9e-5d7f-9864-6f54545ddefd,b5ebd287cfd7bc875b62da9dbb1332efbb08288ea366a767bca70a53489f787e
2020-04-22,sw1_801120,,,0,True,trusted_previous_state_missing,354edd71-af9e-5d7f-9864-6f54545ddefd,b8b2e99e7e7b19b482f1ff230c9c51f90569fd6cd9ce023fae983893516831f5
2020-04-23,sw1_801120,,,0,True,trusted_previous_state_missing,354edd71-af9e-5d7f-9864-6f54545ddefd,8b39adf1edab4512e913ef657b659cfc774e3332a136bdb709a3b3974da9c28e
2020-04-24,sw1_801120,,,0,True,trusted_previous_state_missing,354edd71-af9e-5d7f-9864-6f54545ddefd,3de26522daa7a680129374cf97293fb9feb657b0769013636622a1c5568e8701
2020-04-27,sw1_801120,,,0,True,trusted_previous_state_missing,354edd71-af9e-5d7f-9864-6f54545ddefd,bb4a7e825e5df5f699625c160fcecb3d999e4d442a79978448d01ca9fd5f621f
2020-04-28,sw1_801120,,,0,True,trusted_previous_state_missing,354edd71-af9e-5d7f-9864-6f54545ddefd,63d601fd5b1970084d740d9bdc8aae7111e59c07fc67d6a21c62f3729d00a1a2
2020-04-29,sw1_801120,,,0,True,trusted_previous_state_missing,354edd71-af9e-5d7f-9864-6f54545ddefd,990948130057ab117b423609f3cbd03bc0189c1339e03c39b9f1295c78ab4c82
2020-04-30,sw1_801120,,,0,True,trusted_previous_state_missing,354edd71-af9e-5d7f-9864-6f54545ddefd,4d90c2ec74311a6a10fa3f9af1efe6f2e128cc58e6c8116cc1d2a48ba498653a
2020-05-06,sw1_801120,,,0,True,trusted_previous_state_missing,354edd71-af9e-5d7f-9864-6f54545ddefd,0404bfe0b1e4c7ebc104a648fb3c3e03475b65ca07c8e61cc5887f0d68afb379
2020-05-07,sw1_801120,,,0,True,trusted_previous_state_missing,354edd71-af9e-5d7f-9864-6f54545ddefd,91889b71f4bb02f750bfd8b5aebfdd33c595d542271351af3ae99a1f7b008e59
2020-05-08,sw1_801120,,,0,True,trusted_previous_state_missing,354edd71-af9e-5d7f-9864-6f54545ddefd,05e5501c5f6508909c3cdf912ec6b82f0386ba8787d1367a19ce8c5e762a5b13
2020-05-11,sw1_801120,,,0,True,trusted_previous_state_missing,354edd71-af9e-5d7f-9864-6f54545ddefd,ade0686e877e5412e4925aaf15cac00da34dd918d46df56f9aa04c6a0d9509cf
2020-05-12,sw1_801120,,,0,True,trusted_previous_state_missing,354edd71-af9e-5d7f-9864-6f54545ddefd,3b7a8aa6d7fd62c6ba650526ba36224064a2c45ac295333776fdecf58765e2b0
2020-05-13,sw1_801120,,,0,True,trusted_previous_state_missing,354edd71-af9e-5d7f-9864-6f54545ddefd,116cec1db3a6276a286424d0d02510fb4c0abca2cc96f718661227311f5f52e0
2020-05-14,sw1_801120,,,0,True,trusted_previous_state_missing,354edd71-af9e-5d7f-9864-6f54545ddefd,2689d2ee9e8bbbf11650d2af412c73ae38027d85399e1e566cdead0fc6343b51
2020-05-15,sw1_801120,,,0,True,trusted_previous_state_missing,354edd71-af9e-5d7f-9864-6f54545ddefd,a21553e6ee5a646708d96c8a6bd3cb0ec8a012068d37ea859698878257faafaf
2020-05-18,sw1_801120,,,0,True,trusted_previous_state_missing,354edd71-af9e-5d7f-9864-6f54545ddefd,c6427a6c28adaccb82b78892708f3ea9e3acce6ecdef7e134ee0709d2830c503
2020-05-19,sw1_801120,,,0,True,trusted_previous_state_missing,354edd71-af9e-5d7f-9864-6f54545ddefd,72d758093bb5d64e25980db0f0641628cc1226c90d1d4e13e763278c16b27800
2020-05-20,sw1_801120,,,0,True,trusted_previous_state_missing,354edd71-af9e-5d7f-9864-6f54545ddefd,448dff105c44dd50211f6153a62b06b49c0ad5e2797bf182244832a53964feb3
2020-05-21,sw1_801120,,,0,True,trusted_previous_state_missing,354edd71-af9e-5d7f-9864-6f54545ddefd,860efb06ec2f58921081784d8cc1f0733d4e312b29f4d6df530bd231e23246f1
2020-05-22,sw1_801120,,,0,True,trusted_previous_state_missing,354edd71-af9e-5d7f-9864-6f54545ddefd,26d379e586e45b812452c60219ff0d5406a4976773514477554d2b9b09734546
2020-05-25,sw1_801120,,,0,True,trusted_previous_state_missing,354edd71-af9e-5d7f-9864-6f54545ddefd,bd99ad8feafb657b45ca242eff6790741655794504297d587d3f6fa993114fc5
2020-05-26,sw1_801120,,,0,True,trusted_previous_state_missing,354edd71-af9e-5d7f-9864-6f54545ddefd,63f86125f4a1d7f80dab420f7477d74105eeb07956b41760621963e32313ba1d
2020-05-27,sw1_801120,,,0,True,trusted_previous_state_missing,354edd71-af9e-5d7f-9864-6f54545ddefd,bc2c75a980271a29122694a686e7807c04d248c53d3454fca4a8c5ec23dffd78
2020-05-28,sw1_801120,,,0,True,trusted_previous_state_missing,354edd71-af9e-5d7f-9864-6f54545ddefd,fdc0b234783565696026ec451392466e3740a6fb1c9182a01b4ea9a4c3128f99
2020-05-29,sw1_801120,,,0,True,trusted_previous_state_missing,354edd71-af9e-5d7f-9864-6f54545ddefd,420d14a82d5e044c3c97fcf03af0d8594d1412f4f94c17da26f29c55a4dba8f7
2020-06-01,sw1_801120,,,0,True,trusted_previous_state_missing,354edd71-af9e-5d7f-9864-6f54545ddefd,9952361b5d504362d9ed4fd042d7cdf6661394c42cf7c23c6eb8246a27012a84
2020-06-02,sw1_801120,,,0,True,trusted_previous_state_missing,354edd71-af9e-5d7f-9864-6f54545ddefd,cb42904bdbcd0387ad8568658544f493420eaf5e40787f575084a6a413921837
2020-06-03,sw1_801120,,,0,True,trusted_previous_state_missing,354edd71-af9e-5d7f-9864-6f54545ddefd,0dabd1cb883a5ccb2de164d44116a3ebafca0e9528db02bf1141f3fcf1767eee
2020-06-04,sw1_801120,,,0,True,trusted_previous_state_missing,354edd71-af9e-5d7f-9864-6f54545ddefd,10bc51278a12c1c75e1ca4d1aecd02c965591724f8f73442bfc4b600910abe80
2020-06-05,sw1_801120,,,0,True,trusted_previous_state_missing,354edd71-af9e-5d7f-9864-6f54545ddefd,a77dd41083c3600e766be31160d5e02e513115f8109fa0d8313ae4e4eb4d47f8
2020-06-08,sw1_801120,,,0,True,trusted_previous_state_missing,354edd71-af9e-5d7f-9864-6f54545ddefd,3dd6bb42e57f44fe07f0b7a4141277ae66ff9f797123b905f25dea92747493e5
2020-06-09,sw1_801120,,,0,True,trusted_previous_state_missing,354edd71-af9e-5d7f-9864-6f54545ddefd,c3a0721e54b4e0536af4cc9db35a188e0f0ccb36d7f129454b1851577d6c263f
2020-06-10,sw1_801120,,,0,True,trusted_previous_state_missing,354edd71-af9e-5d7f-9864-6f54545ddefd,23f7174ccd0588846c515c7b86df92164186af585dc10957404d6adebb7cf5e2
2020-06-11,sw1_801120,,,0,True,trusted_previous_state_missing,354edd71-af9e-5d7f-9864-6f54545ddefd,cd313eb221d1044cbcc19e436f355009d24e20265d8d300a293160de8d32f872
2020-06-12,sw1_801120,,,0,True,trusted_previous_state_missing,354edd71-af9e-5d7f-9864-6f54545ddefd,82f28f443bd7e514daa7f5bd42f277bf62984815689d48b471aa91352171d2f7
2020-06-15,sw1_801120,,,0,True,trusted_previous_state_missing,354edd71-af9e-5d7f-9864-6f54545ddefd,8ee4691e18ab4c24977b917e78eb24c777f355543a84cc934f09d5d4c48a46e1
2020-06-16,sw1_801120,,,0,True,trusted_previous_state_missing,354edd71-af9e-5d7f-9864-6f54545ddefd,3589f8d010ac3cca0a0044590f2a1d75502a7ffa4ce2bbac9cc080ca0b910bbc
2020-06-17,sw1_801120,,,0,True,trusted_previous_state_missing,354edd71-af9e-5d7f-9864-6f54545ddefd,22a464b5cfbf6bd01ac68cb83008b9cba4e6a3acc37d4e582d66ecfcca39ef54
2020-06-18,sw1_801120,,,0,True,trusted_previous_state_missing,354edd71-af9e-5d7f-9864-6f54545ddefd,1932df9e5ec46e0d1ca69125395d86dd2e59ddd8508261654c03e96620f445a8
2020-06-19,sw1_801120,,,0,True,trusted_previous_state_missing,354edd71-af9e-5d7f-9864-6f54545ddefd,283e515ae3ddc76bb5f0cdb7ce7a8ae19a6004f95fdefda22b4d46b9fac9f304
2020-06-22,sw1_801120,,,0,True,trusted_previous_state_missing,354edd71-af9e-5d7f-9864-6f54545ddefd,a84bd1f7a898f4d85d155abe87f1997b3470da084f2aa78d9c0417090deec002
2020-06-23,sw1_801120,,,0,True,trusted_previous_state_missing,354edd71-af9e-5d7f-9864-6f54545ddefd,ff32a9a0aeb69abde8e0ab4b7ec53ee1494f3a17f51afaf145c33440dd0363e6
2020-06-24,sw1_801120,,,0,True,trusted_previous_state_missing,354edd71-af9e-5d7f-9864-6f54545ddefd,04326dc529b7ef0689b9761a88f634e4717445211f80909922e29733fd6f6345
2020-06-29,sw1_801120,,,0,True,trusted_previous_state_missing,354edd71-af9e-5d7f-9864-6f54545ddefd,b292d613001e4b0cad9d20b87d12129d71d0e958e3bb874a1c2d41c073eb551c
2020-06-30,sw1_801120,,,0,True,trusted_previous_state_missing,354edd71-af9e-5d7f-9864-6f54545ddefd,3f940c31063e731df74929b9c9fa07caaae5211818dead858db196e90db570fa
2020-03-31,sw1_801790,,,0,True,trusted_previous_state_missing,354edd71-af9e-5d7f-9864-6f54545ddefd,d749e4e626eced64f9b44473ae04de8f672c3190e3c16f46bae74648d636bf3f
2020-04-01,sw1_801790,,,0,True,trusted_previous_state_missing,354edd71-af9e-5d7f-9864-6f54545ddefd,dcdfd61d04e8b0205901bdd6fd8868fcfd0d18f738530831aaa23d9d57ff48e5
2020-04-02,sw1_801790,,,0,True,trusted_previous_state_missing,354edd71-af9e-5d7f-9864-6f54545ddefd,20f38d85277e5c9ab9d1270051b55739c7fd0eefd0872cd972926e95dbd38806
2020-04-03,sw1_801790,,,0,True,trusted_previous_state_missing,354edd71-af9e-5d7f-9864-6f54545ddefd,00c6f59d2a58a80a54d5e71b3d85bedcf36f35ca3d29166dfd23620201c2238f
2020-04-07,sw1_801790,,,0,True,trusted_previous_state_missing,354edd71-af9e-5d7f-9864-6f54545ddefd,d18c351dc95925173cf60696c5441836deff611f2032284990822b9604ea6f00
2020-04-08,sw1_801790,,,0,True,trusted_previous_state_missing,354edd71-af9e-5d7f-9864-6f54545ddefd,4764b3827b59e06bc2f1ae902ad171ec1152eb5ba175259a38e3206a52b83bc0
2020-04-09,sw1_801790,,,0,True,trusted_previous_state_missing,354edd71-af9e-5d7f-9864-6f54545ddefd,9776d12823538a0735a8f86afed784bcae2710bfecc8dd35076edb090810804a
2020-04-10,sw1_801790,,,0,True,trusted_previous_state_missing,354edd71-af9e-5d7f-9864-6f54545ddefd,476a0ea983b1641e3326994747f0d471f12def0d6be18719b8892c518b67b039
2020-04-13,sw1_801790,,,0,True,trusted_previous_state_missing,354edd71-af9e-5d7f-9864-6f54545ddefd,bcf6d758f04b0c8315c97ddf50bbca5ea0ab1594e4d199e9e4760e1cb4cb12ed
2020-04-14,sw1_801790,,,0,True,trusted_previous_state_missing,354edd71-af9e-5d7f-9864-6f54545ddefd,4828e658b3fcb67ceeda267d2c1f32e03f1012051ddf5fc5e8cf61a364a1c6ad
2020-04-15,sw1_801790,,,0,True,trusted_previous_state_missing,354edd71-af9e-5d7f-9864-6f54545ddefd,57b8179bdda6a9af0fac13960cff7b72ebc60a405f742336816b300088eef569
2020-04-16,sw1_801790,,,0,True,trusted_previous_state_missing,354edd71-af9e-5d7f-9864-6f54545ddefd,40dcd5b61687bd69421477933a7edd45bb7119280fd5c24ab4a47ef7cc862eb2
2020-04-17,sw1_801790,,,0,True,trusted_previous_state_missing,354edd71-af9e-5d7f-9864-6f54545ddefd,34c0323a247ca07690fa86bd97f786b073c76d627773b4cee3ee33b4a59c5fe0
2020-04-20,sw1_801790,,,0,True,trusted_previous_state_missing,354edd71-af9e-5d7f-9864-6f54545ddefd,79a0d784c5bea0cc31240038d34ec7ee9a3158008dbbb08091d48c62a3ba739c
2020-04-21,sw1_801790,,,0,True,trusted_previous_state_missing,354edd71-af9e-5d7f-9864-6f54545ddefd,ee9abd628873d9bfb2af1fad06be70a27315ab499297fa353bb48172acaf4b2f
2020-04-22,sw1_801790,,,0,True,trusted_previous_state_missing,354edd71-af9e-5d7f-9864-6f54545ddefd,26426faac6431f1867a1eab5cc7375ecc93bc469bee209144b0148ad4a9c0cf3
2020-04-23,sw1_801790,,,0,True,trusted_previous_state_missing,354edd71-af9e-5d7f-9864-6f54545ddefd,ddeb1f0b1c7a45b1be6d920a9fe11d5773e1e1ceec2056865280a743594a86fb
2020-04-24,sw1_801790,,,0,True,trusted_previous_state_missing,354edd71-af9e-5d7f-9864-6f54545ddefd,dcd46630f54b37b635783f9f5f86c2ae296c2ea0dc9cb21af1abe1eb531597f7
2020-04-27,sw1_801790,,,0,True,trusted_previous_state_missing,354edd71-af9e-5d7f-9864-6f54545ddefd,cf41cd469a8c17c2ec333349b122ac38a3e2d1cffd5d626472740604e39a99ac
2020-04-28,sw1_801790,,,0,True,trusted_previous_state_missing,354edd71-af9e-5d7f-9864-6f54545ddefd,a8692dedace903f75197979c6023aaedf72b3c5a0fc1a236ce3d1029d0868fbe
2020-04-29,sw1_801790,,,0,True,trusted_previous_state_missing,354edd71-af9e-5d7f-9864-6f54545ddefd,4315e295d2fed3b708797007f282a01ce39f5fe8d6efea3201fa907a3fc7a25c
2020-04-30,sw1_801790,,,0,True,trusted_previous_state_missing,354edd71-af9e-5d7f-9864-6f54545ddefd,f9afa449ce71e6028154b8798fc26734ab20862d085dfd68325daa076edf3046
2020-05-06,sw1_801790,,,0,True,trusted_previous_state_missing,354edd71-af9e-5d7f-9864-6f54545ddefd,1487f96c073a2a6c0accedc7c1fb8d216bb36039002a52153bb219cd41f22c55
2020-05-07,sw1_801790,,,0,True,trusted_previous_state_missing,354edd71-af9e-5d7f-9864-6f54545ddefd,7a6b77f51aa348b1157a1868b18cc071eae5537849e722d2da87dd43fd63e287
2020-05-08,sw1_801790,,,0,True,trusted_previous_state_missing,354edd71-af9e-5d7f-9864-6f54545ddefd,39fa19a5f0015e6e74f8f3fb0b7a1779a5fe34aa12ebc6df23080ff11734dc95
2020-05-11,sw1_801790,,,0,True,trusted_previous_state_missing,354edd71-af9e-5d7f-9864-6f54545ddefd,840ffb057535860f437ac0c2be14f3f90ef56870e17d1666c8676c6e2983dd9b
2020-05-12,sw1_801790,,,0,True,trusted_previous_state_missing,354edd71-af9e-5d7f-9864-6f54545ddefd,6fe9c12a905d91ba0b83975fd0606a622e5c159e01c400dc471bb80d71477fa5
2020-05-13,sw1_801790,,,0,True,trusted_previous_state_missing,354edd71-af9e-5d7f-9864-6f54545ddefd,d760aab1c389116090e46329037124bb8caed85e86f1a832e35c69fb482082c9
2020-05-14,sw1_801790,,,0,True,trusted_previous_state_missing,354edd71-af9e-5d7f-9864-6f54545ddefd,ab781de6da6d8a9c080fb50a8661bce270338da58a5163a15c969e9e206cdad9
2020-05-15,sw1_801790,,,0,True,trusted_previous_state_missing,354edd71-af9e-5d7f-9864-6f54545ddefd,d0810a775de33f5c7bda4d93ac5eac1ef9572793e8bfb97aa71c7be6962ff19f
2020-05-18,sw1_801790,,,0,True,trusted_previous_state_missing,354edd71-af9e-5d7f-9864-6f54545ddefd,ffd8385ac7402b76475346dea4e40487241adbf201e8628f3afa5bcd22404bba
2020-05-19,sw1_801790,,,0,True,trusted_previous_state_missing,354edd71-af9e-5d7f-9864-6f54545ddefd,4f65e901c1f324827755e21f4c0b3743874ea636589c7ce15d488b59da65b007
2020-05-20,sw1_801790,,,0,True,trusted_previous_state_missing,354edd71-af9e-5d7f-9864-6f54545ddefd,ec5ecba99c4a41771206d86ed93a0ec28c47a81648f74ae700f8f51b00247b59
2020-05-21,sw1_801790,,,0,True,trusted_previous_state_missing,354edd71-af9e-5d7f-9864-6f54545ddefd,bcd2a5801e3475cc347acdb46a22b87befc511d1da9fb0a3e74895ecb3cc8742
2020-05-22,sw1_801790,,,0,True,trusted_previous_state_missing,354edd71-af9e-5d7f-9864-6f54545ddefd,ddbf47a04686f978792c3d374bbb102f42c91565c473e8c1e6086be70e985fc5
2020-05-25,sw1_801790,,,0,True,trusted_previous_state_missing,354edd71-af9e-5d7f-9864-6f54545ddefd,bb872aced74dc494bcd0e96f23c4c7596917fb709a73edaf865db22d34dabd8c
2020-05-26,sw1_801790,,,0,True,trusted_previous_state_missing,354edd71-af9e-5d7f-9864-6f54545ddefd,12771603689ed90e39bf9f5327a02107f4e44f1a7cb132dd1a7dd608927e09d5
2020-05-27,sw1_801790,,,0,True,trusted_previous_state_missing,354edd71-af9e-5d7f-9864-6f54545ddefd,b480b45352d3de7f8d644f7ea26b2ce57c742130f011c02b2693d164d2ad0710
2020-05-28,sw1_801790,,,0,True,trusted_previous_state_missing,354edd71-af9e-5d7f-9864-6f54545ddefd,05daa7156b6a681bd4ff02c38dcaa376a68ccad48f6865c268ae07d0a5b24018
2020-05-29,sw1_801790,,,0,True,trusted_previous_state_missing,354edd71-af9e-5d7f-9864-6f54545ddefd,9b6920eeedaa996825174ee6084061252c0f9d14c92ad051b69301fea4bae5d8
2020-06-01,sw1_801790,,,0,True,trusted_previous_state_missing,354edd71-af9e-5d7f-9864-6f54545ddefd,999b5d5981e7d36875310d9e7228612ee171fa096381be8ec5182949c0928694
2020-06-02,sw1_801790,,,0,True,trusted_previous_state_missing,354edd71-af9e-5d7f-9864-6f54545ddefd,1ed1f5e7f3bde80f556c6203d616953ec6d4bd40f9f91dcab9ebfb82586bb1fc
2020-06-03,sw1_801790,,,0,True,trusted_previous_state_missing,354edd71-af9e-5d7f-9864-6f54545ddefd,f0b39e89c03e4465c676f167ceeef14a38e9acedcefb91163077df9d82bba84d
2020-06-04,sw1_801790,,,0,True,trusted_previous_state_missing,354edd71-af9e-5d7f-9864-6f54545ddefd,930ed31ca94cf15ec2b91a0a803f62682fbc65b6f9789d3aa5ca0d94c06e1ff7
2020-06-05,sw1_801790,,,0,True,trusted_previous_state_missing,354edd71-af9e-5d7f-9864-6f54545ddefd,ea8d1cfbfdab2fb6b27389547ebeca9f9cb7cbf914f3322934dec7c47dde13c3
2020-06-08,sw1_801790,,,0,True,trusted_previous_state_missing,354edd71-af9e-5d7f-9864-6f54545ddefd,53221d9489874fcf10164ce0515c51a379e98757ffc75571ed26aa8f4a0cf2bc
2020-06-09,sw1_801790,,,0,True,trusted_previous_state_missing,354edd71-af9e-5d7f-9864-6f54545ddefd,a29ab5dcfad1dad7ee56914eccfeb72069f1c2d16ea8710ca43742c71a740d7a
2020-06-10,sw1_801790,,,0,True,trusted_previous_state_missing,354edd71-af9e-5d7f-9864-6f54545ddefd,d01f877dbb3f54e7a4d0f3517fb18a5c927fdb8ff13fdbd10e06200f8f63acb9
2020-06-11,sw1_801790,,,0,True,trusted_previous_state_missing,354edd71-af9e-5d7f-9864-6f54545ddefd,84ccfaafcd7ecb9f8cbbeb860e191e740d714e884289971d97be16210b20898f
2020-06-12,sw1_801790,,,0,True,trusted_previous_state_missing,354edd71-af9e-5d7f-9864-6f54545ddefd,d4d525630aca9bf72b0f4ffc6ad85f7f51cd9593bc797146e63ddf1e96dc76cd
2020-06-15,sw1_801790,,,0,True,trusted_previous_state_missing,354edd71-af9e-5d7f-9864-6f54545ddefd,1c5530055811b2bbcc7655711f86e40fcf420761b7b1f5ac6de57dc28ac8a8bf
2020-06-16,sw1_801790,,,0,True,trusted_previous_state_missing,354edd71-af9e-5d7f-9864-6f54545ddefd,ad66569be705c34c711d3ad80bad53648f33ba58942dfc60c9767f16f53ff5d5
2020-06-17,sw1_801790,,,0,True,trusted_previous_state_missing,354edd71-af9e-5d7f-9864-6f54545ddefd,a1999b08b65f4585417be75d1aabb7419eac5c955f075380b743f630fb819908
2020-06-18,sw1_801790,,,0,True,trusted_previous_state_missing,354edd71-af9e-5d7f-9864-6f54545ddefd,2313f1b26c89aa26a7366a68a67913b87a708c06883190750c6c839ade0ebfbc
2020-06-19,sw1_801790,,,0,True,trusted_previous_state_missing,354edd71-af9e-5d7f-9864-6f54545ddefd,b34dbac6703cc8561da17af65f19d64962b860828a8d950f28402e62819b0136
2020-06-22,sw1_801790,,,0,True,trusted_previous_state_missing,354edd71-af9e-5d7f-9864-6f54545ddefd,be20e55169cf06192555a8d8f1b7aa85103392d18ef4646ec1ac649a1cecbabf
2020-06-23,sw1_801790,,,0,True,trusted_previous_state_missing,354edd71-af9e-5d7f-9864-6f54545ddefd,89572da0137da1f9d0f399ebee83d20916095fe25175bae929ea6df437da15c2
2020-06-24,sw1_801790,,,0,True,trusted_previous_state_missing,354edd71-af9e-5d7f-9864-6f54545ddefd,72aa1ba5dc5ecd9092f594495f2667030204173875ebdd58a9459a6bbb6ed102
2020-06-29,sw1_801790,,,0,True,trusted_previous_state_missing,354edd71-af9e-5d7f-9864-6f54545ddefd,aef668699a502b29b90081ffbbfeaf8e197f9798b4bead7d5bce0d649074498e
2020-06-30,sw1_801790,,,0,True,trusted_previous_state_missing,354edd71-af9e-5d7f-9864-6f54545ddefd,c4ccad8cebd080b4f4a43eaed11ff9b92d268394f0fc53f7f708d0363d4d333e
2021-10-11,sw1_801080,,,0,True,trusted_previous_state_missing,354edd71-af9e-5d7f-9864-6f54545ddefd,42ebb540daca8872b31deef94e1e11e7c218512bccdc49b0681250630892e3ec
2021-10-12,sw1_801080,,,0,True,trusted_previous_state_missing,354edd71-af9e-5d7f-9864-6f54545ddefd,bac7600fea01110f7075e02c967259e201be0e4062c8d8e29b286bc34594c53c
2021-10-13,sw1_801080,,,0,True,trusted_previous_state_missing,354edd71-af9e-5d7f-9864-6f54545ddefd,b5ecceb7e4ddb0fa58cf60171c2e4ed76e0c6c76f1418915f58a9143487f2306
2021-10-14,sw1_801080,,,0,True,trusted_previous_state_missing,354edd71-af9e-5d7f-9864-6f54545ddefd,1787b3b1dc28aa8b696ea239bd381c391ac4f3858c7d467b560a2c29e0aeff2a
2021-10-15,sw1_801080,,,0,True,trusted_previous_state_missing,354edd71-af9e-5d7f-9864-6f54545ddefd,52f3a5edb0ffc9af2437951357fd58fc84607543a6899d0dc02877479928829f
2021-10-18,sw1_801080,,,0,True,trusted_previous_state_missing,354edd71-af9e-5d7f-9864-6f54545ddefd,1b9653b2075433a2055974d08dfd1ec06c48209ac5ca3704f467f4247ce7ce8f
2021-10-19,sw1_801080,,,0,True,trusted_previous_state_missing,354edd71-af9e-5d7f-9864-6f54545ddefd,56faa5dbb9a5a7d0932df8d5064c9d86a7b3c8817d48d1c4bdcd7ffb371bae59
2021-10-20,sw1_801080,,,0,True,trusted_previous_state_missing,354edd71-af9e-5d7f-9864-6f54545ddefd,d6d98d7f789dd3a5800e49f82bc31c3f0aab3c5fca10fb3475b9272f0eead765
2021-10-21,sw1_801080,,,0,True,trusted_previous_state_missing,354edd71-af9e-5d7f-9864-6f54545ddefd,72dbaceb342ff4ac30b2594e950d3a143db246833e8af4b8b88cc275886f7c27
2021-10-22,sw1_801080,,,0,True,trusted_previous_state_missing,354edd71-af9e-5d7f-9864-6f54545ddefd,e13f11b07336f34d0856dc324d7760e10e1a16abe0c86cec5873a0a140a9bc79
2021-10-25,sw1_801080,,,0,True,trusted_previous_state_missing,354edd71-af9e-5d7f-9864-6f54545ddefd,d62d4ccbee946bcdd7e635c7d2ac7ae22ff71c4ca8cc1f0c14dca1da7c99b599
2021-10-26,sw1_801080,,,0,True,trusted_previous_state_missing,354edd71-af9e-5d7f-9864-6f54545ddefd,a7fb5531f2a0dacd9b4bf8f0041e746fb88488d2094e8bde4ad8a33102614f94
2021-10-27,sw1_801080,,,0,True,trusted_previous_state_missing,354edd71-af9e-5d7f-9864-6f54545ddefd,fed9693ae5651ac79fb6ccb9eb640351aa3a93c49263af7d8523eef510f27712
2021-10-28,sw1_801080,,,0,True,trusted_previous_state_missing,354edd71-af9e-5d7f-9864-6f54545ddefd,575b72f8c27514b256b25e2f60e3bad0919cfa2c81fd370f8af1b90f91baa7a9
2021-10-29,sw1_801080,,,0,True,trusted_previous_state_missing,354edd71-af9e-5d7f-9864-6f54545ddefd,746c6766cb574e2b64adfbf3b5d37a585778262de0165a4e078479a93aa563a1
2021-11-01,sw1_801080,,,0,True,trusted_previous_state_missing,354edd71-af9e-5d7f-9864-6f54545ddefd,b5d63293022e905d5597e5866918a65b3bb33256f3ee8927e81251a452d0c27d
2021-11-02,sw1_801080,,,0,True,trusted_previous_state_missing,354edd71-af9e-5d7f-9864-6f54545ddefd,a5d007a471621ccbcae6112b531d2ab927dfd912b8579587cc2d46149dfa4a31
2021-11-03,sw1_801080,,,0,True,trusted_previous_state_missing,354edd71-af9e-5d7f-9864-6f54545ddefd,a6c433e51cd3114a6ac7fa057a35a9bf6b91879285745f9d62585fa40a189b35
2021-11-04,sw1_801080,,,0,True,trusted_previous_state_missing,354edd71-af9e-5d7f-9864-6f54545ddefd,6d7482b6bc8c3b8f70020e9f672a9aa244c9db98f403511853f9d1d58025e3c4
2021-11-05,sw1_801080,,,0,True,trusted_previous_state_missing,354edd71-af9e-5d7f-9864-6f54545ddefd,e543f2c30e9d6162c19e4508d5e03ab69dac0e0a0d9d437b34e9be4291d80b66
2021-11-08,sw1_801080,,,0,True,trusted_previous_state_missing,354edd71-af9e-5d7f-9864-6f54545ddefd,ed70d62ec18a0743939a834204d8cfa00b6361291736c76ddecb55c58bd6315e
2021-11-09,sw1_801080,,,0,True,trusted_previous_state_missing,354edd71-af9e-5d7f-9864-6f54545ddefd,81b280130bffb8f539909c6ed58851e725377964a0be89a0e625fe3a28a5bcb3
2021-11-10,sw1_801080,,,0,True,trusted_previous_state_missing,354edd71-af9e-5d7f-9864-6f54545ddefd,e9e2ec8601abe68f4d02973ed6c642bdc5c4361a13fde965be29f05b17b4bc30
2021-11-11,sw1_801080,,,0,True,trusted_previous_state_missing,354edd71-af9e-5d7f-9864-6f54545ddefd,a8f0ba366559682c64be1c30a0112ba7c3ce48c7a14cfce9ea3bc35185ae14a4
2021-11-12,sw1_801080,,,0,True,trusted_previous_state_missing,354edd71-af9e-5d7f-9864-6f54545ddefd,e8ea97a69a9037ac8ddde9f0d3771c43d633ff8cfd0026953fdd8eb1e585e79c
2021-11-15,sw1_801080,,,0,True,trusted_previous_state_missing,354edd71-af9e-5d7f-9864-6f54545ddefd,7de73b310fc742306cb12322cb23c695f1be3f2eebe8d7e56c525490870b6b15
2021-11-16,sw1_801080,,,0,True,trusted_previous_state_missing,354edd71-af9e-5d7f-9864-6f54545ddefd,5d3a9437a7f73f6b45a34faa6074166e949c033285a21f95e280cdcdd18c2c1d
2021-11-17,sw1_801080,,,0,True,trusted_previous_state_missing,354edd71-af9e-5d7f-9864-6f54545ddefd,1069a5d7879067efbc25be997887982f1bf3f4d5685575f835ae22270c16343d
2021-11-18,sw1_801080,,,0,True,trusted_previous_state_missing,354edd71-af9e-5d7f-9864-6f54545ddefd,2a162f9f51b167a1974e66de134e7167472237819c34d5ff6ccb405285f79f6a
2021-11-19,sw1_801080,,,0,True,trusted_previous_state_missing,354edd71-af9e-5d7f-9864-6f54545ddefd,1dfc3f833c13be6fa6db51a73cf7c3c6a27560447622960e428f8626d71a2883
2021-11-22,sw1_801080,,,0,True,trusted_previous_state_missing,354edd71-af9e-5d7f-9864-6f54545ddefd,2b782531db6637c9be0626f63b28c7d0848180287f7a59dbe65fd3ac67acc717
2021-11-23,sw1_801080,,,0,True,trusted_previous_state_missing,354edd71-af9e-5d7f-9864-6f54545ddefd,552c7560718414940dfb95c02689fb6e9e6a1209dff6c816b689fd24b5ed28ea
2021-11-24,sw1_801080,,,0,True,trusted_previous_state_missing,354edd71-af9e-5d7f-9864-6f54545ddefd,851756e5f719b24f05f4132a283319f46344c31ac31df41a02f3c71ae258a0b8
2021-11-25,sw1_801080,,,0,True,trusted_previous_state_missing,354edd71-af9e-5d7f-9864-6f54545ddefd,1e34db37c4bb61d8f81e4e9e9e400c9ed650363ae2258ba29203917a008b2d1f
2021-11-26,sw1_801080,,,0,True,trusted_previous_state_missing,354edd71-af9e-5d7f-9864-6f54545ddefd,f2ca9c2bb13c36e5a20c7e65fb60e9b5335d26d658b4493f10706f5e8708c12e
2021-11-29,sw1_801080,,,0,True,trusted_previous_state_missing,354edd71-af9e-5d7f-9864-6f54545ddefd,05c5bc1e77cbe65dac4c5df95dfc39a5bca1281c533a39e3e9c6b717a1468e89
2021-11-30,sw1_801080,,,0,True,trusted_previous_state_missing,354edd71-af9e-5d7f-9864-6f54545ddefd,e94c57a49519c3465e3c2b9c5a3fc7d9677c20f57a76bc2f7678bbe59a9622a6
2021-12-01,sw1_801080,,,0,True,trusted_previous_state_missing,354edd71-af9e-5d7f-9864-6f54545ddefd,661fbc8da24f1cdfd7764dc3a7dbfc886ee98606193971a82953bff85b604d3b
2021-12-02,sw1_801080,,,0,True,trusted_previous_state_missing,354edd71-af9e-5d7f-9864-6f54545ddefd,9cb79b035679e7a996227e9646ab99ca4e5f55b31f5c2dd974a6d10cc362eaf8
2021-12-03,sw1_801080,,,0,True,trusted_previous_state_missing,354edd71-af9e-5d7f-9864-6f54545ddefd,e11f71bdb6d62da43c7de210c0ef356ff9a963d7f1eca1843584a84810d24c27
2021-12-06,sw1_801080,,,0,True,trusted_previous_state_missing,354edd71-af9e-5d7f-9864-6f54545ddefd,ae328310ec62d5f3e0f3c74cc75d242efc1312a028baf5ca0fb27c18f7d2b9a6
2021-12-07,sw1_801080,,,0,True,trusted_previous_state_missing,354edd71-af9e-5d7f-9864-6f54545ddefd,7e59fd501396c0759070a51e4e6b04dcbf75ab5611faf467a280ff1fb19822f2
2021-12-08,sw1_801080,,,0,True,trusted_previous_state_missing,354edd71-af9e-5d7f-9864-6f54545ddefd,71e896ef2bdcb5b0a066b1504f307fce87a7e02043079ede56c6ec864ca20966
2021-12-09,sw1_801080,,,0,True,trusted_previous_state_missing,354edd71-af9e-5d7f-9864-6f54545ddefd,74751c6ad19eeaabbfff1805bc364d1ecd4865566cabd19524bb6972e0d29d44
2021-12-10,sw1_801080,,,0,True,trusted_previous_state_missing,354edd71-af9e-5d7f-9864-6f54545ddefd,fc0284fe0cca0fe0b0e9d423fc51aa5e8d03d9e43301b6ae233bff8cfb0b5bd1
2021-12-13,sw1_801080,,,0,True,trusted_previous_state_missing,354edd71-af9e-5d7f-9864-6f54545ddefd,74589c8253fa49e5065db4b6912ddb8399d0c481c8def23f795f9d6807171dc2
2021-12-14,sw1_801080,,,0,True,trusted_previous_state_missing,354edd71-af9e-5d7f-9864-6f54545ddefd,c92c8dd3ae0193ada983001fde89bb44768c169a1c7b538c5322a76d71d2ab64
2021-12-15,sw1_801080,,,0,True,trusted_previous_state_missing,354edd71-af9e-5d7f-9864-6f54545ddefd,05d801c9f24baca0dc972d7f5d26295f41de8f3546360f91f3facdfb6d8a187e
2021-12-16,sw1_801080,,,0,True,trusted_previous_state_missing,354edd71-af9e-5d7f-9864-6f54545ddefd,98de6843aec834b101554c56d7a393dbd0ae38fd0a10db6af9577b9f5641d296
2021-12-17,sw1_801080,,,0,True,trusted_previous_state_missing,354edd71-af9e-5d7f-9864-6f54545ddefd,4902f4ba9f9bbe059e3bcb04dc9cd017d6a53ccaa2b6ce75c8fda7825daf43a9
2021-12-20,sw1_801080,,,0,True,trusted_previous_state_missing,354edd71-af9e-5d7f-9864-6f54545ddefd,8ad11307f3f8d025fbcf8409cf3d89ebc4deb6d7bdfbd8b7e28b90533918e044
2021-12-21,sw1_801080,,,0,True,trusted_previous_state_missing,354edd71-af9e-5d7f-9864-6f54545ddefd,159b474149c0ab80220df7364cf220a50a04ad0a27bd5e9bfa52cfee1e14233b
2021-12-22,sw1_801080,,,0,True,trusted_previous_state_missing,354edd71-af9e-5d7f-9864-6f54545ddefd,e2d8f12a4c446d5a15425f9ffc2e4595a02a3b8d542f1fdf5beb993150b1c5cf
2021-12-23,sw1_801080,,,0,True,trusted_previous_state_missing,354edd71-af9e-5d7f-9864-6f54545ddefd,996b2a2a404731b91a04d3c5cc87bd3130d022de7a5958e7f3580079e0d6c51a
2021-12-24,sw1_801080,,,0,True,trusted_previous_state_missing,354edd71-af9e-5d7f-9864-6f54545ddefd,a49359c7ffa6484bec27bac87e2a9fd123460411bdb5823f994fc4714a404d10
2021-12-27,sw1_801080,,,0,True,trusted_previous_state_missing,354edd71-af9e-5d7f-9864-6f54545ddefd,d4df0b2f2ae9ec1cff1ecd86f3521eaa28dfdba8afb5e609291d0e8cfb16209c
2021-12-28,sw1_801080,,,0,True,trusted_previous_state_missing,354edd71-af9e-5d7f-9864-6f54545ddefd,be142613fbe60cb3fbfbc3494280bc77926692c8676ce32db0bef99377912e82
2021-12-29,sw1_801080,,,0,True,trusted_previous_state_missing,354edd71-af9e-5d7f-9864-6f54545ddefd,8d7d7a967d364554cf0f7f930cfafbea2af492c7ba3bf78cc00517880c7784fb
2021-12-30,sw1_801080,,,0,True,trusted_previous_state_missing,354edd71-af9e-5d7f-9864-6f54545ddefd,b85883f4f1a0b0a5480b8f48c6ed7905a99415db99b86d0ee83429a171a62f6a
2021-12-31,sw1_801080,,,0,True,trusted_previous_state_missing,354edd71-af9e-5d7f-9864-6f54545ddefd,f11cd17d02ad09fd9c349db06b22acd0810d20a8798f9d2844fc963bb98bd1a1
2021-10-11,sw1_801780,,,0,True,trusted_previous_state_missing,354edd71-af9e-5d7f-9864-6f54545ddefd,8268712d0574ada8b20d39cea731b1a3fb623dee5ece48ad389c52b61e5fa46a
2021-10-12,sw1_801780,,,0,True,trusted_previous_state_missing,354edd71-af9e-5d7f-9864-6f54545ddefd,f8c0f43ae42416e21423d93d0d53037767fde0ac9da33a71cf962e7a9486c994
2021-10-13,sw1_801780,,,0,True,trusted_previous_state_missing,354edd71-af9e-5d7f-9864-6f54545ddefd,5cb5f56d926b951e16179f8515fec9e2aaccfb3e4074e4541eefb94b0557d1fa
2021-10-14,sw1_801780,,,0,True,trusted_previous_state_missing,354edd71-af9e-5d7f-9864-6f54545ddefd,e13edf03fbfffb8054293d940aa662064c43d00c46b6a02ca0fe4a597bdffc49
2021-10-15,sw1_801780,,,0,True,trusted_previous_state_missing,354edd71-af9e-5d7f-9864-6f54545ddefd,8b21cb2c16017cb0479683a378bb18593f4302da5527ece83cc05d59b29cb25c
2021-10-18,sw1_801780,,,0,True,trusted_previous_state_missing,354edd71-af9e-5d7f-9864-6f54545ddefd,939f199b156a1a263a39e6b9f42ba54d6cecb6da7aba9982d0cb0d6f684f7206
2021-10-19,sw1_801780,,,0,True,trusted_previous_state_missing,354edd71-af9e-5d7f-9864-6f54545ddefd,1f51bf4ae870dd242d9110f56453448854a3d56204aa72e6c0120b475d684b16
2021-10-20,sw1_801780,,,0,True,trusted_previous_state_missing,354edd71-af9e-5d7f-9864-6f54545ddefd,06cf816853bcaeaa7a293f215b42f959f0cce29619042642fe2ddd970c828070
2021-10-21,sw1_801780,,,0,True,trusted_previous_state_missing,354edd71-af9e-5d7f-9864-6f54545ddefd,f7e3af0b480e285df67fd2fe2ba4c2d09985ef29c2afd57816ea86d23f38342b
2021-10-22,sw1_801780,,,0,True,trusted_previous_state_missing,354edd71-af9e-5d7f-9864-6f54545ddefd,e2a2d6c6f403f3051de3436f697980645cb521c4f319954f47267c78e9e03053
2021-10-25,sw1_801780,,,0,True,trusted_previous_state_missing,354edd71-af9e-5d7f-9864-6f54545ddefd,a118698c9a3592b272ab19700b0de8113f3b32e8bfe3d3a9e550027649ab36b0
2021-10-26,sw1_801780,,,0,True,trusted_previous_state_missing,354edd71-af9e-5d7f-9864-6f54545ddefd,4dba3f8e7332f800a86e32eb35ff26d72320f02ada328b560df31b2b7bcfa1dd
2021-10-27,sw1_801780,,,0,True,trusted_previous_state_missing,354edd71-af9e-5d7f-9864-6f54545ddefd,316a95a2a1cb12d2cce91a1cd5f5039ac79eeab5e611f7d3c6e334bf9f94da5f
2021-10-28,sw1_801780,,,0,True,trusted_previous_state_missing,354edd71-af9e-5d7f-9864-6f54545ddefd,8b52daa87f3bc415916ab42c49e8ba2c40ff40bd6172018cdae910313bb14c3c
2021-10-29,sw1_801780,,,0,True,trusted_previous_state_missing,354edd71-af9e-5d7f-9864-6f54545ddefd,82338b2833b84045cf3a99f70a171c943fa077df3e481dd4ab1775508d192c08
2021-11-01,sw1_801780,,,0,True,trusted_previous_state_missing,354edd71-af9e-5d7f-9864-6f54545ddefd,6d524840686e13dc0e82a3e3bd8529b0ac55b5b7163bd2d6aa66689716cc4aba
2021-11-02,sw1_801780,,,0,True,trusted_previous_state_missing,354edd71-af9e-5d7f-9864-6f54545ddefd,81284439631982e4aa14777f4796b9132f991d0857cb6d97c6b94b4d22e2d8b6
2021-11-03,sw1_801780,,,0,True,trusted_previous_state_missing,354edd71-af9e-5d7f-9864-6f54545ddefd,9a1fb5ad2f3781d251bcbf851585898a5a5d77adafe009cae37368f303927d0f
2021-11-04,sw1_801780,,,0,True,trusted_previous_state_missing,354edd71-af9e-5d7f-9864-6f54545ddefd,cb247aff13df48d042008e9a0bbce1a1fad6adfef8f7d0348534aa7b8b073eca
2021-11-05,sw1_801780,,,0,True,trusted_previous_state_missing,354edd71-af9e-5d7f-9864-6f54545ddefd,dbbbe0d905814a156087501c86905cb100329fb698797842d028ac23fde31f87
2021-11-08,sw1_801780,,,0,True,trusted_previous_state_missing,354edd71-af9e-5d7f-9864-6f54545ddefd,d515ce8c64a50a0cc0621868929340b52844854fd5c220f688581c8c8dfc85fa
2021-11-09,sw1_801780,,,0,True,trusted_previous_state_missing,354edd71-af9e-5d7f-9864-6f54545ddefd,d0574b9b914db6fc0de72499a374e31fb2823c03ac0ac633fdd88ca5a46a697e
2021-11-10,sw1_801780,,,0,True,trusted_previous_state_missing,354edd71-af9e-5d7f-9864-6f54545ddefd,c61c3217bbd499fe5b0d1c74d29b881d1279e761e214c7e750c0c5197f36ceb9
2021-11-11,sw1_801780,,,0,True,trusted_previous_state_missing,354edd71-af9e-5d7f-9864-6f54545ddefd,63f9cdfed23008e1e5b587bb98f73e4da692f98da5f5e6a696469f123478d891
2021-11-12,sw1_801780,,,0,True,trusted_previous_state_missing,354edd71-af9e-5d7f-9864-6f54545ddefd,50bb1476f5a13215557e948db65cb5c2d71bda3399994e164cfecdedc2ace52e
2021-11-15,sw1_801780,,,0,True,trusted_previous_state_missing,354edd71-af9e-5d7f-9864-6f54545ddefd,c98a5b0e3acb6b37b9b6219c34c28c32fe275f2cee40779f8c28cf8943ff09c5
2021-11-16,sw1_801780,,,0,True,trusted_previous_state_missing,354edd71-af9e-5d7f-9864-6f54545ddefd,af4b79322c2d0358e57a781a4ae388d239c923f6d568c3c648f83279e7b39c37
2021-11-17,sw1_801780,,,0,True,trusted_previous_state_missing,354edd71-af9e-5d7f-9864-6f54545ddefd,aec9d425f75457da33c3730f8aa8088ab70140b34518e81db9d256ec6ea90f13
2021-11-18,sw1_801780,,,0,True,trusted_previous_state_missing,354edd71-af9e-5d7f-9864-6f54545ddefd,e72562cdc9732ea4ab1619052fdffc64577c090aa2fb74a504644c48efed0a6d
2021-11-19,sw1_801780,,,0,True,trusted_previous_state_missing,354edd71-af9e-5d7f-9864-6f54545ddefd,b98725e7aa2aafcd23052614b851b1767285cfa15e6380886b07fdbeb9b6aee2
2021-11-22,sw1_801780,,,0,True,trusted_previous_state_missing,354edd71-af9e-5d7f-9864-6f54545ddefd,d4ff548f1b1f05c6611bd0f815630c547dee4b424a3c6fc883c43f70b504553b
2021-11-23,sw1_801780,,,0,True,trusted_previous_state_missing,354edd71-af9e-5d7f-9864-6f54545ddefd,d32da119d83c269ebf7c276b8729258a252636f9244f7d0e4fbe6bcbb635551b
2021-11-24,sw1_801780,,,0,True,trusted_previous_state_missing,354edd71-af9e-5d7f-9864-6f54545ddefd,91e159680a59ae40e8c30591691b5674de7cde3ece6f1974e40266c81ef2ecc5
2021-11-25,sw1_801780,,,0,True,trusted_previous_state_missing,354edd71-af9e-5d7f-9864-6f54545ddefd,7a97ffdf912afd4209f8959c247c1f623c4ef75d51fcad69fa594c983e97236b
2021-11-26,sw1_801780,,,0,True,trusted_previous_state_missing,354edd71-af9e-5d7f-9864-6f54545ddefd,53401d4157678c466c29040b80d76f95e4b286eabc1b49e0e1760d2d3590d585
2021-11-29,sw1_801780,,,0,True,trusted_previous_state_missing,354edd71-af9e-5d7f-9864-6f54545ddefd,bd2c1fa78a6e5ae0041898ead4d3d379999a02b18ff6807c5ca170e89aee1bc4
2021-11-30,sw1_801780,,,0,True,trusted_previous_state_missing,354edd71-af9e-5d7f-9864-6f54545ddefd,bd574dc42c60afb270a86dff0933870a1dec5b9a95957b97b6575406ccc0d8fa
2021-12-01,sw1_801780,,,0,True,trusted_previous_state_missing,354edd71-af9e-5d7f-9864-6f54545ddefd,5205a17f6697b37321a7a03ae802302efbd1531e34887720c541464030f47831
2021-12-02,sw1_801780,,,0,True,trusted_previous_state_missing,354edd71-af9e-5d7f-9864-6f54545ddefd,0ae5e6ff094a464b24c6d66a863d2cd0c82459f51bbc3c9ad74286381b0ae570
2021-12-03,sw1_801780,,,0,True,trusted_previous_state_missing,354edd71-af9e-5d7f-9864-6f54545ddefd,95487151fc14f78fd0079cb9ed1ba4382f1553f30b31db41ea2c0d52a1476853
2021-12-06,sw1_801780,,,0,True,trusted_previous_state_missing,354edd71-af9e-5d7f-9864-6f54545ddefd,dfa5ad9883d0993cf8299d9e459e43a00be9e9eea33b60df979658879a149f0d
2021-12-07,sw1_801780,,,0,True,trusted_previous_state_missing,354edd71-af9e-5d7f-9864-6f54545ddefd,34b39a372dd819242616db085e511b3581cf94b0c14775a935a8edf2cf126f26
2021-12-08,sw1_801780,,,0,True,trusted_previous_state_missing,354edd71-af9e-5d7f-9864-6f54545ddefd,20a5cd356c278484ef979711c0504352680caf3b2b50f6dc130c25ca7434f3e6
2021-12-09,sw1_801780,,,0,True,trusted_previous_state_missing,354edd71-af9e-5d7f-9864-6f54545ddefd,45922b9f7851b9c79128b7d4e67bc3f9e6b1dd435cda668b53cdbfd56dd51c18
2021-12-10,sw1_801780,,,0,True,trusted_previous_state_missing,354edd71-af9e-5d7f-9864-6f54545ddefd,e0d489a09ed8e3ee2fbd7a4e3ab805cbf4decfa303883fd4e2360e836e683f12
2021-12-13,sw1_801780,,,0,True,trusted_previous_state_missing,354edd71-af9e-5d7f-9864-6f54545ddefd,c13ddd8d57e8678fc9fb6a954b2f31b56599a6a6c5dde834f440f27f3d37b065
2021-12-14,sw1_801780,,,0,True,trusted_previous_state_missing,354edd71-af9e-5d7f-9864-6f54545ddefd,b3bc67ce7fcd5219dbad02fa496423bc991c7276603abb205fc0353e096993aa
2021-12-15,sw1_801780,,,0,True,trusted_previous_state_missing,354edd71-af9e-5d7f-9864-6f54545ddefd,fc7c988f63bc3ff4295a5527b86d592a336f1af55cd6adac3d57d4f5d2c271b2
2021-12-16,sw1_801780,,,0,True,trusted_previous_state_missing,354edd71-af9e-5d7f-9864-6f54545ddefd,4150eee18a7a318981231a890d00d7dcbdf9173e5fd2969d2a4ad815e706346b
2021-12-17,sw1_801780,,,0,True,trusted_previous_state_missing,354edd71-af9e-5d7f-9864-6f54545ddefd,7dfa6f70877e4b2a41c4bf5c6c2f94245bd59be80897293dd3802793e62829de
2021-12-20,sw1_801780,,,0,True,trusted_previous_state_missing,354edd71-af9e-5d7f-9864-6f54545ddefd,a6cbaf7de584a1e47f28ff0202b17b6a82f34b83b4299414fb03fbe066a0c1b0
2021-12-21,sw1_801780,,,0,True,trusted_previous_state_missing,354edd71-af9e-5d7f-9864-6f54545ddefd,471d76464d6b61cff1366571f56a2a560e218242dd70fe2134335202ab226ca9
2021-12-22,sw1_801780,,,0,True,trusted_previous_state_missing,354edd71-af9e-5d7f-9864-6f54545ddefd,e7650caa5e6895bfb0488e8c23b3fe991c774c76b8ece415a39941c8229f2899
2021-12-23,sw1_801780,,,0,True,trusted_previous_state_missing,354edd71-af9e-5d7f-9864-6f54545ddefd,ae04303bad813a70d11ed8128040a35e53f1253758417fcfb86ea13cf27619da
2021-12-24,sw1_801780,,,0,True,trusted_previous_state_missing,354edd71-af9e-5d7f-9864-6f54545ddefd,1ac208714d77a213024dea6e319fe4fb2f8a4902f388fc2ac34279b15b44c342
2021-12-27,sw1_801780,,,0,True,trusted_previous_state_missing,354edd71-af9e-5d7f-9864-6f54545ddefd,dc06c2eb93bdecd43193b0127d3ecf769b8dd12c2efa023d9ce52978360568bd
2021-12-28,sw1_801780,,,0,True,trusted_previous_state_missing,354edd71-af9e-5d7f-9864-6f54545ddefd,32e302692eb69d0a81d4a8aeb371648b78fedaa91d999e9610b8e2a7836572be
2021-12-29,sw1_801780,,,0,True,trusted_previous_state_missing,354edd71-af9e-5d7f-9864-6f54545ddefd,9b4d013615a42fdee01733eb87f92ce7c3007d62baf8ce75ef090948884af75e
2021-12-30,sw1_801780,,,0,True,trusted_previous_state_missing,354edd71-af9e-5d7f-9864-6f54545ddefd,fc9f54e095d3243b6c3b596de98001895a2a914e62c1c95cb4da9dc45769bd6b
2021-12-31,sw1_801780,,,0,True,trusted_previous_state_missing,354edd71-af9e-5d7f-9864-6f54545ddefd,aece6dfb95c4ab1e21c7f4328b246144952d1e8f9960b561a51d0475f0447f44
2021-10-11,sw1_801890,,,0,True,trusted_previous_state_missing,354edd71-af9e-5d7f-9864-6f54545ddefd,c9b2f8b4eb4b06884d281f385bc564e333fbe00ba4a1d75ac9d12a35e20bb458
2021-10-12,sw1_801890,,,0,True,trusted_previous_state_missing,354edd71-af9e-5d7f-9864-6f54545ddefd,65493a9490b1f90ee8272ee7d858935dda855cefe0509024a0830d97d77fa732
2021-10-13,sw1_801890,,,0,True,trusted_previous_state_missing,354edd71-af9e-5d7f-9864-6f54545ddefd,83ffe35a130e54b55f9e00f7290a5c635ae3480c02f9d40e112515d5a5b195e9
2021-10-14,sw1_801890,,,0,True,trusted_previous_state_missing,354edd71-af9e-5d7f-9864-6f54545ddefd,44aed38e3acbdcc25cb03aa5dcd5b8d300c35841661b87173e295318b0a3bbba
2021-10-15,sw1_801890,,,0,True,trusted_previous_state_missing,354edd71-af9e-5d7f-9864-6f54545ddefd,980cdefaa0f440705cee93952dd4c0411e9e51f4dfed9f1f65fc0c0689b4761a
2021-10-18,sw1_801890,,,0,True,trusted_previous_state_missing,354edd71-af9e-5d7f-9864-6f54545ddefd,95f06f46b0e1503ebb31e170df83f77f44dcf605015a72999a878eebd8a6759b
2021-10-19,sw1_801890,,,0,True,trusted_previous_state_missing,354edd71-af9e-5d7f-9864-6f54545ddefd,7dd1f7a1c6048f89fcff4f3c6bd96b40b1ab0f0fecd6489e715eaa33973a4570
2021-10-20,sw1_801890,,,0,True,trusted_previous_state_missing,354edd71-af9e-5d7f-9864-6f54545ddefd,7a4e6c27670f957a2234295c8607a348869a94e22ffd0b6693b2cb8393bd1f47
2021-10-21,sw1_801890,,,0,True,trusted_previous_state_missing,354edd71-af9e-5d7f-9864-6f54545ddefd,ff21070d5528e1fa37525bb1864bf0be0e8dd8099e6431be2b05f870d808bd61
2021-10-22,sw1_801890,,,0,True,trusted_previous_state_missing,354edd71-af9e-5d7f-9864-6f54545ddefd,2077cc5592018161cdd7946d8a792127f566f8fcb2c19fcd0ff803b079d59737
2021-10-25,sw1_801890,,,0,True,trusted_previous_state_missing,354edd71-af9e-5d7f-9864-6f54545ddefd,3a841284694cc6d52cf58ba9c498194f94632788792fcad9833bdb1e50945db3
2021-10-26,sw1_801890,,,0,True,trusted_previous_state_missing,354edd71-af9e-5d7f-9864-6f54545ddefd,d0a7899680d6baba0553dffc4e3c5289f8494b304f390cd2346b11493e9dc6e4
2021-10-27,sw1_801890,,,0,True,trusted_previous_state_missing,354edd71-af9e-5d7f-9864-6f54545ddefd,b5b185a5e6fbfe4a9a559dcc1ae9778ef6da88a7663622e1667276b6d0d1809e
2021-10-28,sw1_801890,,,0,True,trusted_previous_state_missing,354edd71-af9e-5d7f-9864-6f54545ddefd,a1c47a0ac92d953b8bf2b7b82f9bb406d70c0f764f56850b89bad46e1b9cd5d6
2021-10-29,sw1_801890,,,0,True,trusted_previous_state_missing,354edd71-af9e-5d7f-9864-6f54545ddefd,ce6ec58854cd65864d4a207556df14355a0874bcca8525c2c7d39dd83ab9e136
2021-11-01,sw1_801890,,,0,True,trusted_previous_state_missing,354edd71-af9e-5d7f-9864-6f54545ddefd,efcea3739a85e1ae6e880ea46a95dabfa8a231d78af5b8c6646e08691b3e1446
2021-11-02,sw1_801890,,,0,True,trusted_previous_state_missing,354edd71-af9e-5d7f-9864-6f54545ddefd,75772dcea12e577a810001c3e2dc2c9d712f20f2e4ac0210102ed40027f1b143
2021-11-03,sw1_801890,,,0,True,trusted_previous_state_missing,354edd71-af9e-5d7f-9864-6f54545ddefd,1f4912a307359e06417ab8150432c25230d585cfae48e632e85e3b12d7edad1c
2021-11-04,sw1_801890,,,0,True,trusted_previous_state_missing,354edd71-af9e-5d7f-9864-6f54545ddefd,640a38a0356c94e0d541f2f5541e69ca02d12e4cb9ce42fcdf1be0b08b66ac44
2021-11-05,sw1_801890,,,0,True,trusted_previous_state_missing,354edd71-af9e-5d7f-9864-6f54545ddefd,a2dc12399ea8d438024e7d5305758358f1b9d7f9127188d77b32e34783382f65
2021-11-08,sw1_801890,,,0,True,trusted_previous_state_missing,354edd71-af9e-5d7f-9864-6f54545ddefd,995f732d5de8b19ff441d7e6caff6947b9a534f4d3f0035e89801690832912ae
2021-11-09,sw1_801890,,,0,True,trusted_previous_state_missing,354edd71-af9e-5d7f-9864-6f54545ddefd,0c049d27c2917450c0b185cc1f15da789c35eda14aeb2e5e736aece54c94c517
2021-11-10,sw1_801890,,,0,True,trusted_previous_state_missing,354edd71-af9e-5d7f-9864-6f54545ddefd,455d7ff948914fe101bf8b619aa2c29a976c9915c49d4217ec4ff7cc1e93892a
2021-11-11,sw1_801890,,,0,True,trusted_previous_state_missing,354edd71-af9e-5d7f-9864-6f54545ddefd,344797aaf2bd0d9e4c5ee7dcc68cee09765a424db5cdc2c35c8f4c48ce0e399c
2021-11-12,sw1_801890,,,0,True,trusted_previous_state_missing,354edd71-af9e-5d7f-9864-6f54545ddefd,71e8130671621d46ea3c90f2b5bc97fc1efaccc08d265ba11b0372922dc122f0
2021-11-15,sw1_801890,,,0,True,trusted_previous_state_missing,354edd71-af9e-5d7f-9864-6f54545ddefd,034a11b0c0689c2fe89c1df3d4f4ce22392943f91a5fc9fe3cec744a23acb0ca
2021-11-16,sw1_801890,,,0,True,trusted_previous_state_missing,354edd71-af9e-5d7f-9864-6f54545ddefd,5426dc3085d5e47b37000c439beeb8797f9f3cda3444eaaae2da4146fe0a5fd6
2021-11-17,sw1_801890,,,0,True,trusted_previous_state_missing,354edd71-af9e-5d7f-9864-6f54545ddefd,4143082d11ccf009ebef7ec14909f6c5436edd3e942c12eff820203c3b2ef3e0
2021-11-18,sw1_801890,,,0,True,trusted_previous_state_missing,354edd71-af9e-5d7f-9864-6f54545ddefd,21ac998d1ddbd3991ab549c305cc10fe9d9bc6d941aab01b1a1421d61e42ce90
2021-11-19,sw1_801890,,,0,True,trusted_previous_state_missing,354edd71-af9e-5d7f-9864-6f54545ddefd,3a59b5ccef9ab28f786772de5b5cf091b036acef8c923b7a13dbf76db50b8509
2021-11-22,sw1_801890,,,0,True,trusted_previous_state_missing,354edd71-af9e-5d7f-9864-6f54545ddefd,10bc13c0931e14d963d9346417121053aa7f82cf33f2fb4922002a034aaa8b8e
2021-11-23,sw1_801890,,,0,True,trusted_previous_state_missing,354edd71-af9e-5d7f-9864-6f54545ddefd,a11c9868e8d697305e3f95cfb9c30ae4cd007a85a4cdb08e06cde7670113c91f
2021-11-24,sw1_801890,,,0,True,trusted_previous_state_missing,354edd71-af9e-5d7f-9864-6f54545ddefd,c514bf371a637ef762e9673475b6d52b0351480d5a23c393163e8599a0761b09
2021-11-25,sw1_801890,,,0,True,trusted_previous_state_missing,354edd71-af9e-5d7f-9864-6f54545ddefd,b93019889adce0a8d4cd79ef4e49810467d7c738e7c5645ff523474a8903f365
2021-11-26,sw1_801890,,,0,True,trusted_previous_state_missing,354edd71-af9e-5d7f-9864-6f54545ddefd,98de4667d95b17c764a6e7bf0fff08b2bc3817fff69f229244f67ee5e1d1ad8b
2021-11-29,sw1_801890,,,0,True,trusted_previous_state_missing,354edd71-af9e-5d7f-9864-6f54545ddefd,bade7074febc77e9b8cdc31e9baa578379cf15d93482e8de3b213fb0828aa795
2021-11-30,sw1_801890,,,0,True,trusted_previous_state_missing,354edd71-af9e-5d7f-9864-6f54545ddefd,5bd887be8ca694ea5805522ca806151faf46ec6c9be8eb7cd02dce64abfbfd39
2021-12-01,sw1_801890,,,0,True,trusted_previous_state_missing,354edd71-af9e-5d7f-9864-6f54545ddefd,b6155044b92d12ad3d7922e915ee9f50d1148a89227584a5db50e7c28f956293
2021-12-02,sw1_801890,,,0,True,trusted_previous_state_missing,354edd71-af9e-5d7f-9864-6f54545ddefd,cb554bc106b251d92236795fdb523eb5cf3a4fab0504e5fe1da7c42f9c463a69
2021-12-03,sw1_801890,,,0,True,trusted_previous_state_missing,354edd71-af9e-5d7f-9864-6f54545ddefd,e281cca9c7af3f1cc5e5a15e00c5ee036586e88dc7022f48df480ef8bedc2909
2021-12-06,sw1_801890,,,0,True,trusted_previous_state_missing,354edd71-af9e-5d7f-9864-6f54545ddefd,9d1e9dbe7946fbbcc37e291cf2dc6de2936a5e51bd8440796c7bb343ab6e3154
2021-12-07,sw1_801890,,,0,True,trusted_previous_state_missing,354edd71-af9e-5d7f-9864-6f54545ddefd,c764f47b745de1fb873d34d3f0484d50aaf952fd40157ba475a14426543512c6
2021-12-08,sw1_801890,,,0,True,trusted_previous_state_missing,354edd71-af9e-5d7f-9864-6f54545ddefd,0ce155321cea3b5f0e9f2ed03d05121809395f48536e9df4789bbc317cf51663
2021-12-09,sw1_801890,,,0,True,trusted_previous_state_missing,354edd71-af9e-5d7f-9864-6f54545ddefd,8eb53336d4f70bbd61e5b0841dd964ceeadad9c87feaee52f4d27013b3f63ee9
2021-12-10,sw1_801890,,,0,True,trusted_previous_state_missing,354edd71-af9e-5d7f-9864-6f54545ddefd,c806b7c0c35fe9aee0d6f87ba4f75c9ed3d1b1a42d917372c1e1221863c148f3
2021-12-13,sw1_801890,,,0,True,trusted_previous_state_missing,354edd71-af9e-5d7f-9864-6f54545ddefd,7a5841880c33101a66acf572d6fe1e0ae2e9ba4151261664f13b0e509035994b
2021-12-14,sw1_801890,,,0,True,trusted_previous_state_missing,354edd71-af9e-5d7f-9864-6f54545ddefd,54668502592106fb0774fd45d6ccef4ad4240aae2e87b606b18abbba668e2347
2021-12-15,sw1_801890,,,0,True,trusted_previous_state_missing,354edd71-af9e-5d7f-9864-6f54545ddefd,09f3aa64f26a95937936d43e165a82330646c484895f95d9fc26d7baf241d4f4
2021-12-16,sw1_801890,,,0,True,trusted_previous_state_missing,354edd71-af9e-5d7f-9864-6f54545ddefd,aa65a464ad6a9df89ce44f66ffd861c4e6e642582379ca8b277b9ba479d92d53
2021-12-17,sw1_801890,,,0,True,trusted_previous_state_missing,354edd71-af9e-5d7f-9864-6f54545ddefd,1e1a11cc1d0e89b6ba390fe1423ba534b422d8a4256ea923afed70b051257a3f
2021-12-20,sw1_801890,,,0,True,trusted_previous_state_missing,354edd71-af9e-5d7f-9864-6f54545ddefd,8a43b6f31ff1cb60c48c80ba6c09ba27f2217604dca2c36d9ec2234107363f6b
2021-12-21,sw1_801890,,,0,True,trusted_previous_state_missing,354edd71-af9e-5d7f-9864-6f54545ddefd,8b201a1269ce4257c56ef628572ffa9b0c8f5e58be3d52125dc778836317ecf0
2021-12-22,sw1_801890,,,0,True,trusted_previous_state_missing,354edd71-af9e-5d7f-9864-6f54545ddefd,a429133514934c2b51f45b65f25735ddd724f8e70d9926bfa2a4319d2d22a1f8
2021-12-23,sw1_801890,,,0,True,trusted_previous_state_missing,354edd71-af9e-5d7f-9864-6f54545ddefd,55c1448afd92c511888a0dffd1e45157ef5750383c849a52ba2aa1d721d61880
2021-12-24,sw1_801890,,,0,True,trusted_previous_state_missing,354edd71-af9e-5d7f-9864-6f54545ddefd,3f6282ac53c8ff7814f4003a3793750b2e390a89dad8770a31245d2d225670fe
2021-12-27,sw1_801890,,,0,True,trusted_previous_state_missing,354edd71-af9e-5d7f-9864-6f54545ddefd,195175549a9dac4a7d169a7c5728c87b6fa60d0affc6056e9d207ea8ebf4595c
2021-12-28,sw1_801890,,,0,True,trusted_previous_state_missing,354edd71-af9e-5d7f-9864-6f54545ddefd,e1c5c35a32baa956fc5a56fed37cb4a0ae342a038bf0627e22bf4ddf5a20d2e2
2021-12-29,sw1_801890,,,0,True,trusted_previous_state_missing,354edd71-af9e-5d7f-9864-6f54545ddefd,a5b748b52ea63377f51669a0f0256cfb45db6f253bb9d05468811cb8f6fdccf9
2021-12-30,sw1_801890,,,0,True,trusted_previous_state_missing,354edd71-af9e-5d7f-9864-6f54545ddefd,19c328243d127dfadeb4116bae30068c9c17661af9ada5c383cdd40d993dd65c
2021-12-31,sw1_801890,,,0,True,trusted_previous_state_missing,354edd71-af9e-5d7f-9864-6f54545ddefd,0b0b699a03933e2282e3ff905420d49d4a04074f63da9978289dfcdf5678b8a7
2023-03-31,sw1_801050,,,0,True,trusted_previous_state_missing,354edd71-af9e-5d7f-9864-6f54545ddefd,01568e58d74d91392a368e01d511cd58e4d98fc41491622bd92499eb75214916
2023-04-03,sw1_801050,,,0,True,trusted_previous_state_missing,354edd71-af9e-5d7f-9864-6f54545ddefd,2b0614b0d0f9e9d2981c2dd09f8361d9e3154862acfd450f3e44e3ab4bb02c23
2023-04-04,sw1_801050,,,0,True,trusted_previous_state_missing,354edd71-af9e-5d7f-9864-6f54545ddefd,8e1bde8840ff8faf40d6ab169beb8d65bfd348aa44bc3f8ffbccd02ad73f46cf
2023-04-06,sw1_801050,,,0,True,trusted_previous_state_missing,354edd71-af9e-5d7f-9864-6f54545ddefd,3eedc26468ec0b896e07c1184d9d84e9934131c30b03f64116eba724818934f1
2023-04-07,sw1_801050,,,0,True,trusted_previous_state_missing,354edd71-af9e-5d7f-9864-6f54545ddefd,d706aa99f3bdb9a2739f4518520ea4b52441dfe076e171aa8e75ad305c8b497d
2023-04-10,sw1_801050,,,0,True,trusted_previous_state_missing,354edd71-af9e-5d7f-9864-6f54545ddefd,186305a079a6ab4b4de84896fff124d379f07a95c5b6c284496d85ce733a3783
2023-04-11,sw1_801050,,,0,True,trusted_previous_state_missing,354edd71-af9e-5d7f-9864-6f54545ddefd,6077c9ad20c9b4b5a2a1e622082f6fd74f817e57e6c7d548f854671c249ef27e
2023-04-12,sw1_801050,,,0,True,trusted_previous_state_missing,354edd71-af9e-5d7f-9864-6f54545ddefd,fb68ffb420dce8de73932f6d2c95ceac8ba4a1500d8e7bf0f39680829c831c8b
2023-04-13,sw1_801050,,,0,True,trusted_previous_state_missing,354edd71-af9e-5d7f-9864-6f54545ddefd,d6a4e8628e9246497fae4d446ee749873aab615ac36847c97800686e859f286d
2023-04-14,sw1_801050,,,0,True,trusted_previous_state_missing,354edd71-af9e-5d7f-9864-6f54545ddefd,43c2d713c91fc01fcedcddef5d7098b0eb56a2e4969ae20d2cb8b3d2a537d78c
2023-04-17,sw1_801050,,,0,True,trusted_previous_state_missing,354edd71-af9e-5d7f-9864-6f54545ddefd,b62ba791a12cc88c38a2566814341b826f46a316d1ed09b9eed5abe7e934d743
2023-04-18,sw1_801050,,,0,True,trusted_previous_state_missing,354edd71-af9e-5d7f-9864-6f54545ddefd,e43fc967ee0d38664b19c9764a03250b3333da5fafb519dcbeb09259b35b5695
2023-04-19,sw1_801050,,,0,True,trusted_previous_state_missing,354edd71-af9e-5d7f-9864-6f54545ddefd,53697e6405c7e29b1db71aee92138cab2cc202822ac9eeb0f1a04db03880f8fd
2023-04-20,sw1_801050,,,0,True,trusted_previous_state_missing,354edd71-af9e-5d7f-9864-6f54545ddefd,17840d1505a4628d0299c6f86dd22cf19183fe4c4afda09ec8544294c3833da8
2023-04-21,sw1_801050,,,0,True,trusted_previous_state_missing,354edd71-af9e-5d7f-9864-6f54545ddefd,67fee6e6042e3b1d4ed4c78033e731fedb98c1f40ecfd4f70d999718202061b1
2023-04-24,sw1_801050,,,0,True,trusted_previous_state_missing,354edd71-af9e-5d7f-9864-6f54545ddefd,329246cef3752181a9304633928e9f69fcf39cf0f3db4bd766193d26dc9af2b4
2023-04-25,sw1_801050,,,0,True,trusted_previous_state_missing,354edd71-af9e-5d7f-9864-6f54545ddefd,3f33adf5038047b4488d862a299551109968e16de0eb3417d55a3cb8bb6d021a
2023-04-26,sw1_801050,,,0,True,trusted_previous_state_missing,354edd71-af9e-5d7f-9864-6f54545ddefd,f85c7d85378636d7766f9abda64ffff60a87679cb5ada95890b91e14accc147e
2023-04-27,sw1_801050,,,0,True,trusted_previous_state_missing,354edd71-af9e-5d7f-9864-6f54545ddefd,62110dc382a4c7a9bb87991840b44350a98f041a140482880733cf80eaf52d89
2023-04-28,sw1_801050,,,0,True,trusted_previous_state_missing,354edd71-af9e-5d7f-9864-6f54545ddefd,05b812771da9622cc6b7ee525e53c984cfb58c162e6644846a2f7da8d67279e8
2023-05-04,sw1_801050,,,0,True,trusted_previous_state_missing,354edd71-af9e-5d7f-9864-6f54545ddefd,2ed13c101d672a24710081781145107202936fa697905685997951822196f732
2023-05-05,sw1_801050,,,0,True,trusted_previous_state_missing,354edd71-af9e-5d7f-9864-6f54545ddefd,ff7cb3b60dc6427808f1294f834dcfee6906e458060e7c9274aa38f440aba3f1
2023-05-08,sw1_801050,,,0,True,trusted_previous_state_missing,354edd71-af9e-5d7f-9864-6f54545ddefd,ec0be80079774caca6d36aa8d954c01c3c695b6f476300403753d269fa22ebe9
2023-05-09,sw1_801050,,,0,True,trusted_previous_state_missing,354edd71-af9e-5d7f-9864-6f54545ddefd,00277715f3b8bbc0f88d438b6891230888a42a92c6502b0922c15daf3e109ede
2023-05-10,sw1_801050,,,0,True,trusted_previous_state_missing,354edd71-af9e-5d7f-9864-6f54545ddefd,3485cf20cdb1de11f91d6010e5d08e3fc8319e241c2850fb35a92a5630a014af
2023-05-11,sw1_801050,,,0,True,trusted_previous_state_missing,354edd71-af9e-5d7f-9864-6f54545ddefd,84c51cc9a61201283116bf49ca8413ef48bc044e49b985dea3314ba787593c8f
2023-05-12,sw1_801050,,,0,True,trusted_previous_state_missing,354edd71-af9e-5d7f-9864-6f54545ddefd,f4a4ebeff54c9192f356158e4e6fc7f321ae108cb8fb5500696df00bd1b625c4
2023-05-15,sw1_801050,,,0,True,trusted_previous_state_missing,354edd71-af9e-5d7f-9864-6f54545ddefd,c9ece7299af4fda1af1b510b8cae01342acca1aad7791bfbea4dc1e8c2b7bfa3
2023-05-16,sw1_801050,,,0,True,trusted_previous_state_missing,354edd71-af9e-5d7f-9864-6f54545ddefd,35b66f10e90a68d51d24785443e3c1e4cedb62cee58342b14df1ecf1817a99d5
2023-05-17,sw1_801050,,,0,True,trusted_previous_state_missing,354edd71-af9e-5d7f-9864-6f54545ddefd,9dfbcbe2bf3564171892f3a585c5d335c33478851c2d24dd569e4e861bc38539
2023-05-18,sw1_801050,,,0,True,trusted_previous_state_missing,354edd71-af9e-5d7f-9864-6f54545ddefd,219d032bd792f99009cd6d413910d417e0b09500464581121050374f475dccb1
2023-05-19,sw1_801050,,,0,True,trusted_previous_state_missing,354edd71-af9e-5d7f-9864-6f54545ddefd,64e3c509d6bd3595676e049690d77764bc3584b0eae50a4721d86cee82ab5165
2023-05-22,sw1_801050,,,0,True,trusted_previous_state_missing,354edd71-af9e-5d7f-9864-6f54545ddefd,592d73a6d6dabd2e8eae40e003d1586616c420d7815d1e43fa93920545b46948
2023-05-23,sw1_801050,,,0,True,trusted_previous_state_missing,354edd71-af9e-5d7f-9864-6f54545ddefd,9513a0388ff0e72192c1ca932dbde77cabb7a6d6590c9a6ee251beab23f5745a
2023-05-24,sw1_801050,,,0,True,trusted_previous_state_missing,354edd71-af9e-5d7f-9864-6f54545ddefd,404b72c56a12f4af619b760f8280a8e374716e50a65a2d27a70d469ad54aaf9d
2023-05-25,sw1_801050,,,0,True,trusted_previous_state_missing,354edd71-af9e-5d7f-9864-6f54545ddefd,2f6204ce2b1308f890baba7917f5af213a2a0371ca1f15b04b25362ce49f61fc
2023-05-26,sw1_801050,,,0,True,trusted_previous_state_missing,354edd71-af9e-5d7f-9864-6f54545ddefd,fb71cf6535eeb6b11ffdf63040b18a47e6a78479ec55acd7a04829d9634662a2
2023-05-29,sw1_801050,,,0,True,trusted_previous_state_missing,354edd71-af9e-5d7f-9864-6f54545ddefd,27e619debbc2f8f6ea0c8368c184505d7ec4d2acb03780475a391c17c323e9d7
2023-05-30,sw1_801050,,,0,True,trusted_previous_state_missing,354edd71-af9e-5d7f-9864-6f54545ddefd,e0c0918f73ed950679697886d48164683bbbe9d2c6cb48076d18d788ec9a09f7
2023-05-31,sw1_801050,,,0,True,trusted_previous_state_missing,354edd71-af9e-5d7f-9864-6f54545ddefd,95d2cb0c89c19130a93d9b4e84221e9b0ebfb64bd5c46fa9fa4926e44d8b576b
2023-06-01,sw1_801050,,,0,True,trusted_previous_state_missing,354edd71-af9e-5d7f-9864-6f54545ddefd,080ae7f02d0444309c23a0d34700680d9971322d88d9d85f25c45186ca3f723c
2023-06-02,sw1_801050,,,0,True,trusted_previous_state_missing,354edd71-af9e-5d7f-9864-6f54545ddefd,f24d3b4cbc183268e6f43acbeee0da9fe439f69e081f0db1deeb9e398c931d76
2023-06-05,sw1_801050,,,0,True,trusted_previous_state_missing,354edd71-af9e-5d7f-9864-6f54545ddefd,af16dd23375f4249d979c63f5dc023090175ffaf30c0d1d68cdb6b433f38f328
2023-06-06,sw1_801050,,,0,True,trusted_previous_state_missing,354edd71-af9e-5d7f-9864-6f54545ddefd,51a89419a8700ed3eee7f66a4211d13454ea438730e0d21e43aeab38f56a1b35
2023-06-07,sw1_801050,,,0,True,trusted_previous_state_missing,354edd71-af9e-5d7f-9864-6f54545ddefd,1f74d5e14f2b203e3bf8a482c47f7cb2444ff3f5df56a8aa26a1fd7dce1add2e
2023-06-08,sw1_801050,,,0,True,trusted_previous_state_missing,354edd71-af9e-5d7f-9864-6f54545ddefd,e2ea4a88968bd2063af76f696c61eb29acd5cecce16430c565326022a2d8d74c
2023-06-09,sw1_801050,,,0,True,trusted_previous_state_missing,354edd71-af9e-5d7f-9864-6f54545ddefd,3b0d527f87bdd871336a1641718f30122a28666cfb888f705f99018b0b2a9b8d
2023-06-12,sw1_801050,,,0,True,trusted_previous_state_missing,354edd71-af9e-5d7f-9864-6f54545ddefd,a57cdbd09aedf3f63dd552f85bbbacbfd9c0fbe1ce42c64f936fdf1ac15740bd
2023-06-13,sw1_801050,,,0,True,trusted_previous_state_missing,354edd71-af9e-5d7f-9864-6f54545ddefd,f516856ee88ed193acc71146e310e4737eb0c6b40aec12560490d45b70641464
2023-06-14,sw1_801050,,,0,True,trusted_previous_state_missing,354edd71-af9e-5d7f-9864-6f54545ddefd,697caec70a34fa355d621e58d5d8e8d5d73cb299e0f01591a72c8e0d3a398628
2023-06-15,sw1_801050,,,0,True,trusted_previous_state_missing,354edd71-af9e-5d7f-9864-6f54545ddefd,0feb36864ed4e256c3c18c5f20c75097ea158882dc8f957a6732c41d1c61a8bd
2023-06-16,sw1_801050,,,0,True,trusted_previous_state_missing,354edd71-af9e-5d7f-9864-6f54545ddefd,22485807dd0a5f3a1affb34b2229327360f3483b98365d3cfb2df1481c1936c9
2023-06-19,sw1_801050,,,0,True,trusted_previous_state_missing,354edd71-af9e-5d7f-9864-6f54545ddefd,125fc14bb959d3a4168daa59045243e0f6ac869d2b3efc224944478f52c54333
2023-06-20,sw1_801050,,,0,True,trusted_previous_state_missing,354edd71-af9e-5d7f-9864-6f54545ddefd,d369fb0514fdb4b01d2f0c5a8a3e001a35c57a05b92a93343f0629a36d9ff845
2023-06-21,sw1_801050,,,0,True,trusted_previous_state_missing,354edd71-af9e-5d7f-9864-6f54545ddefd,89024abd350a57e9e9281e9c426eca1cff3981f2428e05751eac1d7f9037c3b5
2023-06-26,sw1_801050,,,0,True,trusted_previous_state_missing,354edd71-af9e-5d7f-9864-6f54545ddefd,4c07de314ddd951c4678ffa1a5dd1258cdaa84896073107aa0a9b5a316c60368
2023-06-27,sw1_801050,,,0,True,trusted_previous_state_missing,354edd71-af9e-5d7f-9864-6f54545ddefd,32d674a1373fa5f1470cbace7814f40790b189baf8b8ce72066477b422b48abc
2023-06-28,sw1_801050,,,0,True,trusted_previous_state_missing,354edd71-af9e-5d7f-9864-6f54545ddefd,c522b9098383846d7ad87078ca5d7eafb75a2785bc14d461d66c87738bd669f4
2023-06-29,sw1_801050,,,0,True,trusted_previous_state_missing,354edd71-af9e-5d7f-9864-6f54545ddefd,5f17e565f343a45049ae89f546be0935158be7193381c2a7f1ac39171c673f20
2023-06-30,sw1_801050,,,0,True,trusted_previous_state_missing,354edd71-af9e-5d7f-9864-6f54545ddefd,128c533b0aaba2f692980cf7d82440f8382cbfc1ce05b71d99ce2d16a6cee94d
2023-03-31,sw1_801120,,,0,True,trusted_previous_state_missing,354edd71-af9e-5d7f-9864-6f54545ddefd,b6516ff8c0da8ff1cb3a3ec3b626bc33d22601ec305ccd673cb57d4ade840d8c
2023-04-03,sw1_801120,,,0,True,trusted_previous_state_missing,354edd71-af9e-5d7f-9864-6f54545ddefd,ca6406f0daacac3ef68e5a86046953d5c77cd1de047271ff20651e2dc4f2a06d
2023-04-04,sw1_801120,,,0,True,trusted_previous_state_missing,354edd71-af9e-5d7f-9864-6f54545ddefd,bffa471bac38979213f53651e0944934e9bdf932f3f9cdb1b76299516ef3eeff
2023-04-06,sw1_801120,,,0,True,trusted_previous_state_missing,354edd71-af9e-5d7f-9864-6f54545ddefd,80c5666e5ca31c3c39f012fe4f8e81a54781fafbc1b6fd97700f1fff5cda4c6c
2023-04-07,sw1_801120,,,0,True,trusted_previous_state_missing,354edd71-af9e-5d7f-9864-6f54545ddefd,8ee892b5699a3bb9bc3bf772adcfaed002a125b9cc971b5c4c677f2d03eaf056
2023-04-10,sw1_801120,,,0,True,trusted_previous_state_missing,354edd71-af9e-5d7f-9864-6f54545ddefd,170fd6bb54682bf28822e393334f5e9fcdacf309cfc5d5e52f2a7b25c1dec682
2023-04-11,sw1_801120,,,0,True,trusted_previous_state_missing,354edd71-af9e-5d7f-9864-6f54545ddefd,7c0ceabc076c57ad0c90f1055c9918b2b88b84045d30a8f137d5cc09154ae987
2023-04-12,sw1_801120,,,0,True,trusted_previous_state_missing,354edd71-af9e-5d7f-9864-6f54545ddefd,22a8fe31eae830d1c76818c0b9806e3b0c7837dad9a7fe5f06c560193a074cb7
2023-04-13,sw1_801120,,,0,True,trusted_previous_state_missing,354edd71-af9e-5d7f-9864-6f54545ddefd,d22069654e4c508bd6d8de2d93e32de7c9b9619bc6716cca9f5c8d15b7368653
2023-04-14,sw1_801120,,,0,True,trusted_previous_state_missing,354edd71-af9e-5d7f-9864-6f54545ddefd,b40727133dd4de826a6a3943cf6d830c28aef624cda5b5421a4c463c8fd82158
2023-04-17,sw1_801120,,,0,True,trusted_previous_state_missing,354edd71-af9e-5d7f-9864-6f54545ddefd,231128663951a3024cef85665b00875068eb53c4b59e4834db9801dc69792235
2023-04-18,sw1_801120,,,0,True,trusted_previous_state_missing,354edd71-af9e-5d7f-9864-6f54545ddefd,9c9b95ed38a06dd47aaafe9aa11811e6765ec3870883fe62d22d535977301306
2023-04-19,sw1_801120,,,0,True,trusted_previous_state_missing,354edd71-af9e-5d7f-9864-6f54545ddefd,d9a5c97a8bb0ba50b152788026172cfc8c99b97f50ea6560dd49553c9593a004
2023-04-20,sw1_801120,,,0,True,trusted_previous_state_missing,354edd71-af9e-5d7f-9864-6f54545ddefd,ac322b38be8c737d585445a8a02adbe38df4372b25d623cfe640482700b892f0
2023-04-21,sw1_801120,,,0,True,trusted_previous_state_missing,354edd71-af9e-5d7f-9864-6f54545ddefd,03db42aed40ab8c3870c9bef0a70172548d13404f6aa0cfcbc5ab2cd201c9a65
2023-04-24,sw1_801120,,,0,True,trusted_previous_state_missing,354edd71-af9e-5d7f-9864-6f54545ddefd,3156970667e48a736cf9a6d518d0d95e0945602017d74323ec7ed2f7865b8e9d
2023-04-25,sw1_801120,,,0,True,trusted_previous_state_missing,354edd71-af9e-5d7f-9864-6f54545ddefd,decc951ca7883ad60b329a54ac965303b51659e0593a91259893865d64a62c75
2023-04-26,sw1_801120,,,0,True,trusted_previous_state_missing,354edd71-af9e-5d7f-9864-6f54545ddefd,f169016a27a4d4a0d1e3bae7bf9eaffa575329c57d05d9399352734fe8b26118
2023-04-27,sw1_801120,,,0,True,trusted_previous_state_missing,354edd71-af9e-5d7f-9864-6f54545ddefd,40df5a2c87dca8cab76dcb805d220e47c666d4be87a3e9010a9458c179aae882
2023-04-28,sw1_801120,,,0,True,trusted_previous_state_missing,354edd71-af9e-5d7f-9864-6f54545ddefd,4d52772cb034a9a5d407fd514a79aa0fd85db92627d2779235515cdc36e8c808
2023-05-04,sw1_801120,,,0,True,trusted_previous_state_missing,354edd71-af9e-5d7f-9864-6f54545ddefd,e3c278096c58577fcdab89287e7d8ff62749714d619ecc652a062aab99e24d7f
2023-05-05,sw1_801120,,,0,True,trusted_previous_state_missing,354edd71-af9e-5d7f-9864-6f54545ddefd,da75a37547e45b2821bd9f73e837242b8f1ab142f4850e3bf3a73a5b63865232
2023-05-08,sw1_801120,,,0,True,trusted_previous_state_missing,354edd71-af9e-5d7f-9864-6f54545ddefd,be990d120b178dc3209fd6309f82e25b7dc0bf95ef4ccd2b66c0d6bff14dba7d
2023-05-09,sw1_801120,,,0,True,trusted_previous_state_missing,354edd71-af9e-5d7f-9864-6f54545ddefd,45d359486af6890731ed071bbb9949a28ec226c32aa2e628f75265848948fc9d
2023-05-10,sw1_801120,,,0,True,trusted_previous_state_missing,354edd71-af9e-5d7f-9864-6f54545ddefd,ac8b7c7bb58cc20e1cbf7ab06b6be25c496ef46de9d1fdf8485629301129f697
2023-05-11,sw1_801120,,,0,True,trusted_previous_state_missing,354edd71-af9e-5d7f-9864-6f54545ddefd,ccb17a60eb14726f06f97708a17379e068018bef447541d522f6ebaf0a3c5c6b
2023-05-12,sw1_801120,,,0,True,trusted_previous_state_missing,354edd71-af9e-5d7f-9864-6f54545ddefd,c79bd1b09b8f1fe7e7674e2d6166b87d7aca8e637827ac0c3018369ca3bdac2b
2023-05-15,sw1_801120,,,0,True,trusted_previous_state_missing,354edd71-af9e-5d7f-9864-6f54545ddefd,a0bb45924c60f9e7aed41ca200a3adc6af7e5a1c74f77932c1048d2dc31579b2
2023-05-16,sw1_801120,,,0,True,trusted_previous_state_missing,354edd71-af9e-5d7f-9864-6f54545ddefd,fb21dcb09633a03dbb6a953db6864916e9637c10dd7656da5e1572e7d5e991b6
2023-05-17,sw1_801120,,,0,True,trusted_previous_state_missing,354edd71-af9e-5d7f-9864-6f54545ddefd,7e692380dc29884b7eb029a563c628dcea97f117a86be81115e75eb783f84e21
2023-05-18,sw1_801120,,,0,True,trusted_previous_state_missing,354edd71-af9e-5d7f-9864-6f54545ddefd,fc40d02dc005e042e1166a85b8aa23b8413b088a47043636b641f930e480ddbc
2023-05-19,sw1_801120,,,0,True,trusted_previous_state_missing,354edd71-af9e-5d7f-9864-6f54545ddefd,c56d03702b0e7e348924bfe0552d9f16ce8891d5d9ab85f710742dc0c09cb2a5
2023-05-22,sw1_801120,,,0,True,trusted_previous_state_missing,354edd71-af9e-5d7f-9864-6f54545ddefd,83016158e55e5ecba7a3ed9342dead190e1fcc86d313a3994dadf99be1c943d9
2023-05-23,sw1_801120,,,0,True,trusted_previous_state_missing,354edd71-af9e-5d7f-9864-6f54545ddefd,039a843b94bb93c48e8a24c8f3e1724fbcc447177d62b47c64b14699514099c3
2023-05-24,sw1_801120,,,0,True,trusted_previous_state_missing,354edd71-af9e-5d7f-9864-6f54545ddefd,852167acb01b478a85b8507a2cbfe088b5ad2b2d953e9997217d04b77c9dc4fb
2023-05-25,sw1_801120,,,0,True,trusted_previous_state_missing,354edd71-af9e-5d7f-9864-6f54545ddefd,af0f277e01a022dbf5a2e4d1db0d5eba3228254210362947a4677bf6f33e8951
2023-05-26,sw1_801120,,,0,True,trusted_previous_state_missing,354edd71-af9e-5d7f-9864-6f54545ddefd,1d94910f3d2afc154577c80fb0b5bffa8d80786e19c31724fce7e20e062c2b8a
2023-05-29,sw1_801120,,,0,True,trusted_previous_state_missing,354edd71-af9e-5d7f-9864-6f54545ddefd,8d026fcc1579efe7785713628816ab8680ea4849b78eab26366732835f92b9ca
2023-05-30,sw1_801120,,,0,True,trusted_previous_state_missing,354edd71-af9e-5d7f-9864-6f54545ddefd,826c2abebd5def39fa259b49293aa317689f29b4e0779f73562e18bd4922f519
2023-05-31,sw1_801120,,,0,True,trusted_previous_state_missing,354edd71-af9e-5d7f-9864-6f54545ddefd,19c07631dfaa3344f46be47c58cc27d898ab0a5db3622cfc7dddf5cd7cdb1f3a
2023-06-01,sw1_801120,,,0,True,trusted_previous_state_missing,354edd71-af9e-5d7f-9864-6f54545ddefd,5e517cba97ce3890302dc74d17ba13d3c5c9cb2eace99d53390690a29c005822
2023-06-02,sw1_801120,,,0,True,trusted_previous_state_missing,354edd71-af9e-5d7f-9864-6f54545ddefd,856023f35def49355682f42ebdde377a2d5a2488a720557c567ded5623a5fe1e
2023-06-05,sw1_801120,,,0,True,trusted_previous_state_missing,354edd71-af9e-5d7f-9864-6f54545ddefd,f49ab1a3ef1624eb5fc68730148d25efc5b778f92e6635bf72a74451364939fa
2023-06-06,sw1_801120,,,0,True,trusted_previous_state_missing,354edd71-af9e-5d7f-9864-6f54545ddefd,e25e2c5fbada18647b6edf21db4cf0eb157d8150f10867c6a320cc0bc0a26d97
2023-06-07,sw1_801120,,,0,True,trusted_previous_state_missing,354edd71-af9e-5d7f-9864-6f54545ddefd,13c5d411764aa35c67c84d59db24519db433cd7f5dbc8cbaa38c980fce1e5b94
2023-06-08,sw1_801120,,,0,True,trusted_previous_state_missing,354edd71-af9e-5d7f-9864-6f54545ddefd,4216d751e3e90de5aae74d38d7963576150732358a8ddf5b48ebef80551468b4
2023-06-09,sw1_801120,,,0,True,trusted_previous_state_missing,354edd71-af9e-5d7f-9864-6f54545ddefd,c116462282ad84c5dfa134bf09e4a94d5d2a32f8f595a47b5ccad283a6d6f486
2023-06-12,sw1_801120,,,0,True,trusted_previous_state_missing,354edd71-af9e-5d7f-9864-6f54545ddefd,b1c3698251dab1a0f3b12350c88747be4d80e2a1098b8911aeac41b641d21653
2023-06-13,sw1_801120,,,0,True,trusted_previous_state_missing,354edd71-af9e-5d7f-9864-6f54545ddefd,6baa01da88c3ddf24ef4c5671424194e5f56597ade58d204207680702415aa25
2023-06-14,sw1_801120,,,0,True,trusted_previous_state_missing,354edd71-af9e-5d7f-9864-6f54545ddefd,a613a0586ada15a279e4c10d20e5adbff5fbd166999f698fc2d2b80140c55b16
2023-06-15,sw1_801120,,,0,True,trusted_previous_state_missing,354edd71-af9e-5d7f-9864-6f54545ddefd,8cb607726a1ca09d814b35e216cda9201680879fc86f9d189f67ab89fb1c2cba
2023-06-16,sw1_801120,,,0,True,trusted_previous_state_missing,354edd71-af9e-5d7f-9864-6f54545ddefd,1fc8a9b6e136ad407584f87247da569ee811f36172106b83e40d9aa3e08d2f87
2023-06-19,sw1_801120,,,0,True,trusted_previous_state_missing,354edd71-af9e-5d7f-9864-6f54545ddefd,4d86bbb35e7225e6cfe8d67cca1e7b8abfb300dd7a76684e9b634d1decec2b0a
2023-06-20,sw1_801120,,,0,True,trusted_previous_state_missing,354edd71-af9e-5d7f-9864-6f54545ddefd,44bd69d1306b519db6c5dfa730acddce5c06d8d5fd6eb28fd3fdc101dea01fb2
2023-06-21,sw1_801120,,,0,True,trusted_previous_state_missing,354edd71-af9e-5d7f-9864-6f54545ddefd,0fefecf085c93e594d93bc120d9d828c9b53fb577ffde052a6430f264d5e64e8
2023-06-26,sw1_801120,,,0,True,trusted_previous_state_missing,354edd71-af9e-5d7f-9864-6f54545ddefd,dacefdbf0b3aa96bbe52d6c515dce694b5ffb51064cce79f6e93efad7e830c8d
2023-06-27,sw1_801120,,,0,True,trusted_previous_state_missing,354edd71-af9e-5d7f-9864-6f54545ddefd,29972175885e227bbe563525f677616573fe2bf9725cfa0b384c69325ab1e17d
2023-06-28,sw1_801120,,,0,True,trusted_previous_state_missing,354edd71-af9e-5d7f-9864-6f54545ddefd,d628d432a3e048cb5f268920e10c64c3795585daf532c9215b2a5fc68c76d364
2023-06-29,sw1_801120,,,0,True,trusted_previous_state_missing,354edd71-af9e-5d7f-9864-6f54545ddefd,d6171f9a680aa6ba2440adb84556f00fff2683c49a1f5b73f7cafbe86203aca6
2023-06-30,sw1_801120,,,0,True,trusted_previous_state_missing,354edd71-af9e-5d7f-9864-6f54545ddefd,fac1229b0704ce740e0424feb8790ae49f629be02d9365df4e6fc13ea760afd4
2023-03-31,sw1_801890,,,0,True,trusted_previous_state_missing,354edd71-af9e-5d7f-9864-6f54545ddefd,162e10fdc0e0c983c9814fa9a0d68cb062a62b12458b6c53ab61520ff2efb4de
2023-04-03,sw1_801890,,,0,True,trusted_previous_state_missing,354edd71-af9e-5d7f-9864-6f54545ddefd,a5b128bf9989249565a35c954c3d72161a464995fa17fdadcd5cd3d3ea6e660d
2023-04-04,sw1_801890,,,0,True,trusted_previous_state_missing,354edd71-af9e-5d7f-9864-6f54545ddefd,513a85ae744cc68033749716e92dbc9f3378a8199251fae84643be4ffbba2c40
2023-04-06,sw1_801890,,,0,True,trusted_previous_state_missing,354edd71-af9e-5d7f-9864-6f54545ddefd,805145552d5969f388f71a46e6bd6f665b0a103c2dba096277137519b6e7ba76
2023-04-07,sw1_801890,,,0,True,trusted_previous_state_missing,354edd71-af9e-5d7f-9864-6f54545ddefd,43c75747b38e94ac9cec7c506b09e3b2151420d6ac3e07cc708a5989ed79c0b5
2023-04-10,sw1_801890,,,0,True,trusted_previous_state_missing,354edd71-af9e-5d7f-9864-6f54545ddefd,5edfb05f61670b33849911bc75a82509bfc75a6b1489ecdb9fa7e09186246aca
2023-04-11,sw1_801890,,,0,True,trusted_previous_state_missing,354edd71-af9e-5d7f-9864-6f54545ddefd,00347320b4572008965676ddfdcd1f3c913a0e78b540a5c1ecf6761951e09681
2023-04-12,sw1_801890,,,0,True,trusted_previous_state_missing,354edd71-af9e-5d7f-9864-6f54545ddefd,015ccf17b34d5b9f851a3e6065d9765b07fc5059cb8ef2e04779cefe686b0c33
2023-04-13,sw1_801890,,,0,True,trusted_previous_state_missing,354edd71-af9e-5d7f-9864-6f54545ddefd,0e0d330fea563e75a440d4de8e1439e70aaff8205e175f6f62fb77ec4d2b9d62
2023-04-14,sw1_801890,,,0,True,trusted_previous_state_missing,354edd71-af9e-5d7f-9864-6f54545ddefd,62c0cb79016f8b8c6a4965ecda598e1842350a768433ddb9eccd3e3d7a0f558c
2023-04-17,sw1_801890,,,0,True,trusted_previous_state_missing,354edd71-af9e-5d7f-9864-6f54545ddefd,cb392ee41bd4213622e35c25791fe150ed3093a21e7769a7d39af1c4b90237f1
2023-04-18,sw1_801890,,,0,True,trusted_previous_state_missing,354edd71-af9e-5d7f-9864-6f54545ddefd,e35297436d936a2d0bd1bae8af204294fbc5a684802af39f579e68d9c15dd003
2023-04-19,sw1_801890,,,0,True,trusted_previous_state_missing,354edd71-af9e-5d7f-9864-6f54545ddefd,47495b5cf4aab9c1328bbb773c3f4882d715923f824498ca646db4f71060bf3c
2023-04-20,sw1_801890,,,0,True,trusted_previous_state_missing,354edd71-af9e-5d7f-9864-6f54545ddefd,925cef182fe4a9fc407774cf3d1ce1ae9ebdefd9f6f7f34931f67677a91ca6a4
2023-04-21,sw1_801890,,,0,True,trusted_previous_state_missing,354edd71-af9e-5d7f-9864-6f54545ddefd,b5ee8a2578accd0717e9be606b840f74822a6a8b6b5e712fce5863d8d81a95e8
2023-04-24,sw1_801890,,,0,True,trusted_previous_state_missing,354edd71-af9e-5d7f-9864-6f54545ddefd,d469382374ddff1d4224dd84303386eb2e411af7cc9b28d28111e35549e87d7f
2023-04-25,sw1_801890,,,0,True,trusted_previous_state_missing,354edd71-af9e-5d7f-9864-6f54545ddefd,bbf00cb5e069181fb66150c7bf9c527f3c6117e125617827686f82b3d4b75ab5
2023-04-26,sw1_801890,,,0,True,trusted_previous_state_missing,354edd71-af9e-5d7f-9864-6f54545ddefd,1e7cbfd491fbe95985bfd733e995a84fc7f6abbefabeff9dde6e23e4fb05f2e8
2023-04-27,sw1_801890,,,0,True,trusted_previous_state_missing,354edd71-af9e-5d7f-9864-6f54545ddefd,2fb5a5eee716e4ca20b53bf03dc862ca2e6c48c0cf2590c3283742e6a5fd87a6
2023-04-28,sw1_801890,,,0,True,trusted_previous_state_missing,354edd71-af9e-5d7f-9864-6f54545ddefd,908fe264f3aa9dd1fc8fee8006a3b28f1b68b6d216cc5b60c4055b226cc71aa0
2023-05-04,sw1_801890,,,0,True,trusted_previous_state_missing,354edd71-af9e-5d7f-9864-6f54545ddefd,c116aa48c3332d7b99e961e981cf57623746bf0e8d9b3cabff8d13af344b691e
2023-05-05,sw1_801890,,,0,True,trusted_previous_state_missing,354edd71-af9e-5d7f-9864-6f54545ddefd,7719f9d8fdc0fce4f0e1d3a125701ff9f6cfbfb71f64a7a5ed0642c796c91427
2023-05-08,sw1_801890,,,0,True,trusted_previous_state_missing,354edd71-af9e-5d7f-9864-6f54545ddefd,add49c721271dfd4d9d9d44795f62fd4975bb88ee149780fc519fd76939fc4d0
2023-05-09,sw1_801890,,,0,True,trusted_previous_state_missing,354edd71-af9e-5d7f-9864-6f54545ddefd,875d3795c6f6d1dbca6cb848681bc8d337c85616a1ea11b762b898aaf1be065f
2023-05-10,sw1_801890,,,0,True,trusted_previous_state_missing,354edd71-af9e-5d7f-9864-6f54545ddefd,aef4944286a9d491cdc5ca1c183f1ee2060fdf7f868fa7a7ea4a6700ada7c78c
2023-05-11,sw1_801890,,,0,True,trusted_previous_state_missing,354edd71-af9e-5d7f-9864-6f54545ddefd,4d6576d8916a85535137a3fb4786a59d9743cae915dbdcde579b0c966e5e6110
2023-05-12,sw1_801890,,,0,True,trusted_previous_state_missing,354edd71-af9e-5d7f-9864-6f54545ddefd,93b862c14a08264756c8fbc1df6224ec66ab064144ff6400da97fa140b8d4a44
2023-05-15,sw1_801890,,,0,True,trusted_previous_state_missing,354edd71-af9e-5d7f-9864-6f54545ddefd,f7352c5c6696edf7413b88ba9f26bc5212e79b0ea7250311abef77b20659f800
2023-05-16,sw1_801890,,,0,True,trusted_previous_state_missing,354edd71-af9e-5d7f-9864-6f54545ddefd,f51a4cb9e17cd798165ce716da8c345c386cd68fc2056b139e4dfded67448993
2023-05-17,sw1_801890,,,0,True,trusted_previous_state_missing,354edd71-af9e-5d7f-9864-6f54545ddefd,5b9e01655ba1f599e41c2fd20984ec9dfa9e26f345a349fbc491c82e956699f0
2023-05-18,sw1_801890,,,0,True,trusted_previous_state_missing,354edd71-af9e-5d7f-9864-6f54545ddefd,7efd157dfa773ed65188f13a8e81d98a99f85a96b8484fb048eda69b3742e31a
2023-05-19,sw1_801890,,,0,True,trusted_previous_state_missing,354edd71-af9e-5d7f-9864-6f54545ddefd,e27827982900062bdad6ea968e4e18850d3fbadbc8816f492c8e9c8a2204337e
2023-05-22,sw1_801890,,,0,True,trusted_previous_state_missing,354edd71-af9e-5d7f-9864-6f54545ddefd,fe4a13d1a598e1882cb523e1ed4adc95e143c11e278dcf4f35356d6f89f8b5a8
2023-05-23,sw1_801890,,,0,True,trusted_previous_state_missing,354edd71-af9e-5d7f-9864-6f54545ddefd,a23dd6244af4c593d91cb1ce7ee97d732385ded76102c510f72b7d50f7d6850a
2023-05-24,sw1_801890,,,0,True,trusted_previous_state_missing,354edd71-af9e-5d7f-9864-6f54545ddefd,5d8e54ed0c9cd8f740b27c533cf169aa92dbe2d7aed8026cdca3498a0e3453c6
2023-05-25,sw1_801890,,,0,True,trusted_previous_state_missing,354edd71-af9e-5d7f-9864-6f54545ddefd,991faa8d113f95999991523eea8243c2b743b48fe617a2c247cc32bbd4d50c70
2023-05-26,sw1_801890,,,0,True,trusted_previous_state_missing,354edd71-af9e-5d7f-9864-6f54545ddefd,d10976babaaa8195908ab3af349683906a2efd08b8ecb717fbf8c1435bc0820a
2023-05-29,sw1_801890,,,0,True,trusted_previous_state_missing,354edd71-af9e-5d7f-9864-6f54545ddefd,d2ff0404885d2e0c3d81cf299ab817dc6d0be912299930bd53fbd0f1176b65ef
2023-05-30,sw1_801890,,,0,True,trusted_previous_state_missing,354edd71-af9e-5d7f-9864-6f54545ddefd,869215fb087d2f9445e9ed26dee594535c50049b33efcf084ffe109abf8f1b81
2023-05-31,sw1_801890,,,0,True,trusted_previous_state_missing,354edd71-af9e-5d7f-9864-6f54545ddefd,e77a681903280662f79971fad006e8d92cd1ba00a815e69183371f73515b2046
2023-06-01,sw1_801890,,,0,True,trusted_previous_state_missing,354edd71-af9e-5d7f-9864-6f54545ddefd,f27050615a74c8e6b76e24f3da38fff6fcc55487f0a028f34a0c988eebb04dbe
2023-06-02,sw1_801890,,,0,True,trusted_previous_state_missing,354edd71-af9e-5d7f-9864-6f54545ddefd,32a4dc0988911d56a9875dbde8fc1b806ab199e78a9d7b3a1f27849da3e4c69e
2023-06-05,sw1_801890,,,0,True,trusted_previous_state_missing,354edd71-af9e-5d7f-9864-6f54545ddefd,404f005ab7b33ca2ceda2a4380964c326fa4b4138921010d0286cb95b3b7ec61
2023-06-06,sw1_801890,,,0,True,trusted_previous_state_missing,354edd71-af9e-5d7f-9864-6f54545ddefd,5bd4b7e8d068844e6288f0cb655822dd2e15af2d7b367a529c2ff40ca1c7de94
2023-06-07,sw1_801890,,,0,True,trusted_previous_state_missing,354edd71-af9e-5d7f-9864-6f54545ddefd,6543202f05b843201fe5319c29de7c844cd0fdfe5357432370184559f458c347
2023-06-08,sw1_801890,,,0,True,trusted_previous_state_missing,354edd71-af9e-5d7f-9864-6f54545ddefd,4cfcc672566e607c4517213387898ff87b7cf0159e6dc30f64e27b588f01b7c5
2023-06-09,sw1_801890,,,0,True,trusted_previous_state_missing,354edd71-af9e-5d7f-9864-6f54545ddefd,20c5294665cc0003445b3add875865d85098371af47854d4d76155b11a5d4f82
2023-06-12,sw1_801890,,,0,True,trusted_previous_state_missing,354edd71-af9e-5d7f-9864-6f54545ddefd,86249da69202a21d38f4c55606d0711bcc7805f42208d11c629c7459c14d92be
2023-06-13,sw1_801890,,,0,True,trusted_previous_state_missing,354edd71-af9e-5d7f-9864-6f54545ddefd,f370b817f701ebc4ac7f378c7836846d006700be8aefe999f56a50d505f7b241
2023-06-14,sw1_801890,,,0,True,trusted_previous_state_missing,354edd71-af9e-5d7f-9864-6f54545ddefd,23578fc4f0d6e79b77acd84426bcdd79dc07789aae558054be5de6f6d30b3105
2023-06-15,sw1_801890,,,0,True,trusted_previous_state_missing,354edd71-af9e-5d7f-9864-6f54545ddefd,bfcadfc6ba43ffe61ffa6ffc4b41de60737d703a418b0026b1b2b7d64e83456b
2023-06-16,sw1_801890,,,0,True,trusted_previous_state_missing,354edd71-af9e-5d7f-9864-6f54545ddefd,88aa3748d1adc40e50fe7ab6683d3ea31798d4f12e43c2ad0b30a8f51f2b703b
2023-06-19,sw1_801890,,,0,True,trusted_previous_state_missing,354edd71-af9e-5d7f-9864-6f54545ddefd,cf42e30c52c7a18ffb7c6a3d51e92965650c9d0e5c7c53fd0a22c0d6b7774e25
2023-06-20,sw1_801890,,,0,True,trusted_previous_state_missing,354edd71-af9e-5d7f-9864-6f54545ddefd,6e8d12b571ddd6df2dea7425b99a940444a3fded845d496b6225c642039f5175
2023-06-21,sw1_801890,,,0,True,trusted_previous_state_missing,354edd71-af9e-5d7f-9864-6f54545ddefd,bd6da48e9c41124814bb30c15e36467221820098cc5ac75882e7d3b7e9c6b5c5
2023-06-26,sw1_801890,,,0,True,trusted_previous_state_missing,354edd71-af9e-5d7f-9864-6f54545ddefd,c02a37953256ef57d3cec943c3ba1c8d301ebdceddeb0a7a9f2e2cb528bd70ac
2023-06-27,sw1_801890,,,0,True,trusted_previous_state_missing,354edd71-af9e-5d7f-9864-6f54545ddefd,8f5a7e2c079567da678e769ca8c6859e8da930ff7c5d8d496ee0e5c948ff0465
2023-06-28,sw1_801890,,,0,True,trusted_previous_state_missing,354edd71-af9e-5d7f-9864-6f54545ddefd,394eec020d6e0d848afd0bacd78f4cb5e34f2a2404edc942de0550a9e580d935
2023-06-29,sw1_801890,,,0,True,trusted_previous_state_missing,354edd71-af9e-5d7f-9864-6f54545ddefd,a331b8127a140366b21e1526d7c696405f625dfcde52088a8d4d93a37c124d37
2023-06-30,sw1_801890,,,0,True,trusted_previous_state_missing,354edd71-af9e-5d7f-9864-6f54545ddefd,b6b23dbb4476403147594ca227c215777dcd7f60a679564e146c21bb786d8ae3
2025-04-01,sw1_801080,,,0,True,trusted_previous_state_missing,354edd71-af9e-5d7f-9864-6f54545ddefd,f4e979b16fbac978e0e017c40aa0c10bdc8da272c35ca930cd893a2b6b8d5f97
2025-04-02,sw1_801080,,,0,True,trusted_previous_state_missing,354edd71-af9e-5d7f-9864-6f54545ddefd,ea1c9e74fa10b6aa0a5e61685ee55042ac5a5ce472ac0d672f5de9a4efa03122
2025-04-03,sw1_801080,,,0,True,trusted_previous_state_missing,354edd71-af9e-5d7f-9864-6f54545ddefd,e29d3250334a26cf2951f3160661e1784a57c16db26f462072ec656ed23a9b6b
2025-04-07,sw1_801080,,,0,True,trusted_previous_state_missing,354edd71-af9e-5d7f-9864-6f54545ddefd,c9f635ad38d7567f959ae96646fabcb606032c293ce6899a0f734678d37e1a17
2025-04-08,sw1_801080,,,0,True,trusted_previous_state_missing,354edd71-af9e-5d7f-9864-6f54545ddefd,35319281c3f7ed8436a9a3b858678fc7fcc443acd0b6c7b0d3e3cb1c290aa983
2025-04-09,sw1_801080,,,0,True,trusted_previous_state_missing,354edd71-af9e-5d7f-9864-6f54545ddefd,05376576447da5e3044fef30418d13d0b7eb528efbc52e786ef982b9fc55dc96
2025-04-10,sw1_801080,,,0,True,trusted_previous_state_missing,354edd71-af9e-5d7f-9864-6f54545ddefd,f54913a3f7498c9c1a4c63c6bea886e6ffda377d3485f74432bd2acfbbceaa6e
2025-04-11,sw1_801080,,,0,True,trusted_previous_state_missing,354edd71-af9e-5d7f-9864-6f54545ddefd,03425e2f7713008547b56b611622529167cba42bee4b50fd6b5dbc7124bd1488
2025-04-14,sw1_801080,,,0,True,trusted_previous_state_missing,354edd71-af9e-5d7f-9864-6f54545ddefd,8946f99386ada846cdbbbf35cf589c41f591819eed4bfc1a968bcaf5af1b3cd2
2025-04-15,sw1_801080,,,0,True,trusted_previous_state_missing,354edd71-af9e-5d7f-9864-6f54545ddefd,5cd9ab697014c602a87a7445e7228c619daa841f4dfc8781f1cfd00710205d66
2025-04-16,sw1_801080,,,0,True,trusted_previous_state_missing,354edd71-af9e-5d7f-9864-6f54545ddefd,567160e800058f1408e3db47cf619caabb0c979d0ef1caf017c577635267f8d0
2025-04-17,sw1_801080,,,0,True,trusted_previous_state_missing,354edd71-af9e-5d7f-9864-6f54545ddefd,3e06d1744f52373bf709e1fc33d237edeb533deb9fcef8ce46a88b640ae3d5b5
2025-04-18,sw1_801080,,,0,True,trusted_previous_state_missing,354edd71-af9e-5d7f-9864-6f54545ddefd,d49de75ebc90ed785c7fc3f53a553ca89967deb1575d4def8b5ab44745612204
2025-04-21,sw1_801080,,,0,True,trusted_previous_state_missing,354edd71-af9e-5d7f-9864-6f54545ddefd,2817baa3053532a96febfcb00edf1fc4d19eeb832de2b34758258c743b77879d
2025-04-22,sw1_801080,,,0,True,trusted_previous_state_missing,354edd71-af9e-5d7f-9864-6f54545ddefd,9416135233a6c3453f92b7aa99c23f29d21f9ea9ad65735ae86a4b3e6d84befd
2025-04-23,sw1_801080,,,0,True,trusted_previous_state_missing,354edd71-af9e-5d7f-9864-6f54545ddefd,1a68d011f20950038ac9fcbf78d9ce93c88499417bfc27a616f28490e19f85e9
2025-04-24,sw1_801080,,,0,True,trusted_previous_state_missing,354edd71-af9e-5d7f-9864-6f54545ddefd,354b4e44ddf45da292e4ff2c385a0ba2f477b22138f20fd63e4a7daab1d02b74
2025-04-25,sw1_801080,,,0,True,trusted_previous_state_missing,354edd71-af9e-5d7f-9864-6f54545ddefd,b3c11e185ba85283c8def7e72ff9e8133c7890ba4fcdea904d737cc641a616b8
2025-04-28,sw1_801080,,,0,True,trusted_previous_state_missing,354edd71-af9e-5d7f-9864-6f54545ddefd,edba5981a61e0e3168f89334441d4d661d853f8016f0ac4cfa9dc1f5921d8b77
2025-04-29,sw1_801080,,,0,True,trusted_previous_state_missing,354edd71-af9e-5d7f-9864-6f54545ddefd,22d6534d75111b0d135bf043199c27572ef99518eee80b9c8c7343aae350cd2a
2025-04-30,sw1_801080,,,0,True,trusted_previous_state_missing,354edd71-af9e-5d7f-9864-6f54545ddefd,195ac33acd2eca72f570b9165f82eaef4fe1edc1fdee3e86ce78df75f69d0194
2025-05-06,sw1_801080,,,0,True,trusted_previous_state_missing,354edd71-af9e-5d7f-9864-6f54545ddefd,f13bc6cf912b8b5df5bf33528fa7a3e698563c81e243b3700ccf10ba71389c29
2025-05-07,sw1_801080,,,0,True,trusted_previous_state_missing,354edd71-af9e-5d7f-9864-6f54545ddefd,bcccf3445e95fba1ad0823e89a6f8e12806e7a7450e81b9a964967b52765e564
2025-05-08,sw1_801080,,,0,True,trusted_previous_state_missing,354edd71-af9e-5d7f-9864-6f54545ddefd,5ef0018002b6171717ec02d771694603e78a0cda11c9ce92a269ef0d4ceb10ef
2025-05-09,sw1_801080,,,0,True,trusted_previous_state_missing,354edd71-af9e-5d7f-9864-6f54545ddefd,dcbd07cd2e3ef365e8411ce5f6337f64a99edc363c38cc39e1c6f15635f59dfd
2025-05-12,sw1_801080,,,0,True,trusted_previous_state_missing,354edd71-af9e-5d7f-9864-6f54545ddefd,fe946ed84b0dd808debd15c41248dd6d9cd44b8b4a6935d47f8a0e94613f0c4c
2025-05-13,sw1_801080,,,0,True,trusted_previous_state_missing,354edd71-af9e-5d7f-9864-6f54545ddefd,3eb7b7ef5208a090aa8015c5834dbbb0ec37da5dc09c984817c05e823578246e
2025-05-14,sw1_801080,,,0,True,trusted_previous_state_missing,354edd71-af9e-5d7f-9864-6f54545ddefd,bb5d6359fe5ec2436d768bf303c48883764a8f22f010dd10bd0cd7444f348213
2025-05-15,sw1_801080,,,0,True,trusted_previous_state_missing,354edd71-af9e-5d7f-9864-6f54545ddefd,b7d6f4e9579d49915bbfefc854103db8f777f2147af3e31ab70fa4974ba74186
2025-05-16,sw1_801080,,,0,True,trusted_previous_state_missing,354edd71-af9e-5d7f-9864-6f54545ddefd,1a8b1b02247d27565a0edecd543b5d17a95a449c8e9d101f7ba073ff374fffe1
2025-05-19,sw1_801080,,,0,True,trusted_previous_state_missing,354edd71-af9e-5d7f-9864-6f54545ddefd,8146f5873e40ceca584c0d4a397e51832ff066020d06287983a6cb247687d106
2025-05-20,sw1_801080,,,0,True,trusted_previous_state_missing,354edd71-af9e-5d7f-9864-6f54545ddefd,d25ffd50ea1ec636ced9b33be581b827485eabc0010af0ce14d5ce8cf7aabf0c
2025-05-21,sw1_801080,,,0,True,trusted_previous_state_missing,354edd71-af9e-5d7f-9864-6f54545ddefd,210b87e45b988deb5ed0b6e00693552eb6e19a24c08382deddc61e961c05cf67
2025-05-22,sw1_801080,,,0,True,trusted_previous_state_missing,354edd71-af9e-5d7f-9864-6f54545ddefd,1134436253645d9270e7ed6300c604acb99e954361aa6088e8931d21161ea958
2025-05-23,sw1_801080,,,0,True,trusted_previous_state_missing,354edd71-af9e-5d7f-9864-6f54545ddefd,54c8791f198c88fb298214454e954044ec3f9501c31749dabe8e065fc039a6eb
2025-05-26,sw1_801080,,,0,True,trusted_previous_state_missing,354edd71-af9e-5d7f-9864-6f54545ddefd,4ef7442ff615617552869d127748552ba46674bb59feed1d0475d5bb16fe2838
2025-05-27,sw1_801080,,,0,True,trusted_previous_state_missing,354edd71-af9e-5d7f-9864-6f54545ddefd,9191ba485346a52e6168bf0450ddf5b52f3eaa017e196f7e496e776eecf34bb7
2025-05-28,sw1_801080,,,0,True,trusted_previous_state_missing,354edd71-af9e-5d7f-9864-6f54545ddefd,78801fed3f3c4c9847ff72315ae44103089ad229949a6312ee28146d4ecb21a1
2025-05-29,sw1_801080,,,0,True,trusted_previous_state_missing,354edd71-af9e-5d7f-9864-6f54545ddefd,73149999878912ce55d8788685432b61a5438e7b5da0bd1a16436e8ab24355c5
2025-05-30,sw1_801080,,,0,True,trusted_previous_state_missing,354edd71-af9e-5d7f-9864-6f54545ddefd,ab92cfacae6d2ef4188e4d9f31090241c15e84c075c472bbfd87b515ff0caab0
2025-06-03,sw1_801080,,,0,True,trusted_previous_state_missing,354edd71-af9e-5d7f-9864-6f54545ddefd,e3a964cc167ab3652cf7d485e4eec181007ec72c0c0865f5f1a296d332087c3c
2025-06-04,sw1_801080,,,0,True,trusted_previous_state_missing,354edd71-af9e-5d7f-9864-6f54545ddefd,235e2638249027532cef63a9f4565eff500d3e412336c831898bf19645b68876
2025-06-05,sw1_801080,,,0,True,trusted_previous_state_missing,354edd71-af9e-5d7f-9864-6f54545ddefd,b544984db9f26583891f15b4704219e74eca78a61b6e8f87136a108e775e9e15
2025-06-06,sw1_801080,,,0,True,trusted_previous_state_missing,354edd71-af9e-5d7f-9864-6f54545ddefd,c16738920912b5db25945a322b51644aa44eb64c80b15772fdc6340396f0a8f9
2025-06-09,sw1_801080,,,0,True,trusted_previous_state_missing,354edd71-af9e-5d7f-9864-6f54545ddefd,9bc445c3a7bd8343512a2eae5e39e3325ecc55300dce4e6c2cde1bf7bdc09034
2025-06-10,sw1_801080,,,0,True,trusted_previous_state_missing,354edd71-af9e-5d7f-9864-6f54545ddefd,93d03e7a8ce22e80f40e4af54d60c03d60095e423a0542e29f84285617c4c5d1
2025-06-11,sw1_801080,,,0,True,trusted_previous_state_missing,354edd71-af9e-5d7f-9864-6f54545ddefd,d007612d2dea35919edbda20d29b2965ff24c98787b9bcf2d3ba6be9b31a9b7e
2025-06-12,sw1_801080,,,0,True,trusted_previous_state_missing,354edd71-af9e-5d7f-9864-6f54545ddefd,bc2b9826360ef5dd5ddfbf4f1ebd21397ba7b7f367be7b94db3a075934c0705c
2025-06-13,sw1_801080,,,0,True,trusted_previous_state_missing,354edd71-af9e-5d7f-9864-6f54545ddefd,07dab90306dca811b0ff76c44413dc556e5588fb29ca197002b51a309a61d858
2025-06-16,sw1_801080,,,0,True,trusted_previous_state_missing,354edd71-af9e-5d7f-9864-6f54545ddefd,074382151c5dabf54f66b232ead9fbb72b3b6fc52d70e06931ee5ee7af6b2682
2025-06-17,sw1_801080,,,0,True,trusted_previous_state_missing,354edd71-af9e-5d7f-9864-6f54545ddefd,b3bf1c9bb54f02bae71534e1653bf50d83e0b2c5e98c8def69cd30ec89be6548
2025-06-18,sw1_801080,,,0,True,trusted_previous_state_missing,354edd71-af9e-5d7f-9864-6f54545ddefd,ec3fbc6572c73c5dc9c3eeaa63eacc42ad1012a9c9d3c4df2d1f75b587c270b0
2025-06-19,sw1_801080,,,0,True,trusted_previous_state_missing,354edd71-af9e-5d7f-9864-6f54545ddefd,26421049bfce877cca66c1b44e2c4f4f50ea3231f9112d0d4574973d100ef63a
2025-06-20,sw1_801080,,,0,True,trusted_previous_state_missing,354edd71-af9e-5d7f-9864-6f54545ddefd,5eab01d0b69a37a4bf9a69fda71de9341fbe367587b02568343cac2731a4bbd7
2025-06-23,sw1_801080,,,0,True,trusted_previous_state_missing,354edd71-af9e-5d7f-9864-6f54545ddefd,b1498e20099a675b05333be7a5253f7950bd9cfe2a034fac54d5ca33f94510e8
2025-06-24,sw1_801080,,,0,True,trusted_previous_state_missing,354edd71-af9e-5d7f-9864-6f54545ddefd,d84cda9c15b5e53e3670bbdcadf23b34753efbe6ed830cf65592c24c35b80aab
2025-06-25,sw1_801080,,,0,True,trusted_previous_state_missing,354edd71-af9e-5d7f-9864-6f54545ddefd,54acda897ef03dcae68138abb8bf618252e144e83a913a89931583ff08fed214
2025-06-26,sw1_801080,,,0,True,trusted_previous_state_missing,354edd71-af9e-5d7f-9864-6f54545ddefd,959466d54dadd86c8803369eb63d8ff6d63666516cc4176a6dba1b9896247863
2025-06-27,sw1_801080,,,0,True,trusted_previous_state_missing,354edd71-af9e-5d7f-9864-6f54545ddefd,871dc3dbc3941fa1f1baddc58817d007553869d7bf25ec2d5fecef96ce16b83e
2025-06-30,sw1_801080,,,0,True,trusted_previous_state_missing,354edd71-af9e-5d7f-9864-6f54545ddefd,6a2b8a75b8a44bcd3752ae505c99cb57aee710712818157daddb7983a19fa52c
2025-04-01,sw1_801780,,,0,True,trusted_previous_state_missing,354edd71-af9e-5d7f-9864-6f54545ddefd,4ebc101ecb8089143535888a5f80ca19e1aec2a5f9042a489ab70276720869e4
2025-04-02,sw1_801780,,,0,True,trusted_previous_state_missing,354edd71-af9e-5d7f-9864-6f54545ddefd,1f4e4884b03431032c832525d7152c5c34c05fe6844865364bbc777495ef4605
2025-04-03,sw1_801780,,,0,True,trusted_previous_state_missing,354edd71-af9e-5d7f-9864-6f54545ddefd,d33938e7fbaf8a0e5c238772a8e0fc6e2a9105a534b2e7147afce81508de2f56
2025-04-07,sw1_801780,,,0,True,trusted_previous_state_missing,354edd71-af9e-5d7f-9864-6f54545ddefd,4c18a0cf1bf9abe4cba66048973866599b7664d545a5519fec16d2bf687b9c42
2025-04-08,sw1_801780,,,0,True,trusted_previous_state_missing,354edd71-af9e-5d7f-9864-6f54545ddefd,e7e036afb42e7fc6598af56fa46d33cf5e869c0e5bb71c0c5f1deca95420b5ad
2025-04-09,sw1_801780,,,0,True,trusted_previous_state_missing,354edd71-af9e-5d7f-9864-6f54545ddefd,2b116cb59911caa17f5ed673328f9b8942627af8ec479b11c56260fdf3ad6527
2025-04-10,sw1_801780,,,0,True,trusted_previous_state_missing,354edd71-af9e-5d7f-9864-6f54545ddefd,c2e3987b7ce3badbfa041712d25776b543ce65dd3161b4ab02fad70ab0f91108
2025-04-11,sw1_801780,,,0,True,trusted_previous_state_missing,354edd71-af9e-5d7f-9864-6f54545ddefd,97426ab2dadb2357fddf42df5746df9b640378b3d6aef16024c648a17da085af
2025-04-14,sw1_801780,,,0,True,trusted_previous_state_missing,354edd71-af9e-5d7f-9864-6f54545ddefd,c3214b0e28276c74aacf28a1e42556e2d019d6e8e7e6a5084aa56a222875b79a
2025-04-15,sw1_801780,,,0,True,trusted_previous_state_missing,354edd71-af9e-5d7f-9864-6f54545ddefd,0c499e7d960ecc018802c995d58bab0ecde9bba140b260eb2a402a77ec4951ed
2025-04-16,sw1_801780,,,0,True,trusted_previous_state_missing,354edd71-af9e-5d7f-9864-6f54545ddefd,e0d3946e662afdc085b4839e5c24879fd5dad05f145c7ed2e7be912e2e29d554
2025-04-17,sw1_801780,,,0,True,trusted_previous_state_missing,354edd71-af9e-5d7f-9864-6f54545ddefd,a6e412cf614ca45583daad75fbae9cdd39bfba7e797fd11bf71f47df01890a01
2025-04-18,sw1_801780,,,0,True,trusted_previous_state_missing,354edd71-af9e-5d7f-9864-6f54545ddefd,f824441bedc91a81e770c38a0f1d6aaf2eab381476f5be7e43f93bdc7a7d1a27
2025-04-21,sw1_801780,,,0,True,trusted_previous_state_missing,354edd71-af9e-5d7f-9864-6f54545ddefd,23810d02610102c9927dec4aecf21112ddc1f2507c6e1a6c08812f213ee8d114
2025-04-22,sw1_801780,,,0,True,trusted_previous_state_missing,354edd71-af9e-5d7f-9864-6f54545ddefd,62de8a2f347b10322fe3de1bf2727bfa711b43f384fbdd20036621e8bf501ff1
2025-04-23,sw1_801780,,,0,True,trusted_previous_state_missing,354edd71-af9e-5d7f-9864-6f54545ddefd,3ba76bb89959f48eb7041ea69adee469773db9000b3ac7d85349cbcb55daff29
2025-04-24,sw1_801780,,,0,True,trusted_previous_state_missing,354edd71-af9e-5d7f-9864-6f54545ddefd,703b42e44a59da427b879fa89702e7469307ef82b3a51dc8552840ce85b117eb
2025-04-25,sw1_801780,,,0,True,trusted_previous_state_missing,354edd71-af9e-5d7f-9864-6f54545ddefd,0800cfaabdcf031a7406e6ef1093829b2383ac102a760705bc492b3967e2af10
2025-04-28,sw1_801780,,,0,True,trusted_previous_state_missing,354edd71-af9e-5d7f-9864-6f54545ddefd,dfbfd0034f9f6a559d153189d4046c4225ba48e3880716222e8eb39dc6e5ba45
2025-04-29,sw1_801780,,,0,True,trusted_previous_state_missing,354edd71-af9e-5d7f-9864-6f54545ddefd,9f1f7fbf2b3acb83abe93372d0857ad8ecd03223dbc1fea0f4fb3405ef1ddad6
2025-04-30,sw1_801780,,,0,True,trusted_previous_state_missing,354edd71-af9e-5d7f-9864-6f54545ddefd,cfc24613da943ee3938271b37b1e8de3074aea6044341793f93551b359e11056
2025-05-06,sw1_801780,,,0,True,trusted_previous_state_missing,354edd71-af9e-5d7f-9864-6f54545ddefd,1820169fdb18846f6123fa2001b501dfb79bf5f4ff4f1e142584a7ecaf13200c
2025-05-07,sw1_801780,,,0,True,trusted_previous_state_missing,354edd71-af9e-5d7f-9864-6f54545ddefd,2453ee56edbd11a1281d97f7636dab89b06c6a421b3d4c32013c137619d6126e
2025-05-08,sw1_801780,,,0,True,trusted_previous_state_missing,354edd71-af9e-5d7f-9864-6f54545ddefd,7131d96eddb5af6daba9886ad106ffe92d762952b2164928b466e4431170f4ce
2025-05-09,sw1_801780,,,0,True,trusted_previous_state_missing,354edd71-af9e-5d7f-9864-6f54545ddefd,deaf1374bd608c9979603d536da2c33589b6361a9b59cd0099357096544f5839
2025-05-12,sw1_801780,,,0,True,trusted_previous_state_missing,354edd71-af9e-5d7f-9864-6f54545ddefd,24747f75673723ec787fa6b313518c73068bbae76c18aa6603f71a4b3edf03b4
2025-05-13,sw1_801780,,,0,True,trusted_previous_state_missing,354edd71-af9e-5d7f-9864-6f54545ddefd,1a165ec53819cd3161818770ba8a1ff5622e06e7a0e2bcc38060244a7d3a227c
2025-05-14,sw1_801780,,,0,True,trusted_previous_state_missing,354edd71-af9e-5d7f-9864-6f54545ddefd,5205175796412b395c113319295546134a5db5e77b421e550dfbb93ec3a2b4f4
2025-05-15,sw1_801780,,,0,True,trusted_previous_state_missing,354edd71-af9e-5d7f-9864-6f54545ddefd,c501e201a29f9a2f77f5f744dafcf8484aaa382afc97b6d11e4499d10cf39071
2025-05-16,sw1_801780,,,0,True,trusted_previous_state_missing,354edd71-af9e-5d7f-9864-6f54545ddefd,6d54980bfd8a8f5f3fad62c2fe3deb6947e79f25792504aded867c40e49ca0c3
2025-05-19,sw1_801780,,,0,True,trusted_previous_state_missing,354edd71-af9e-5d7f-9864-6f54545ddefd,3d306e6065f89e92c162fd12952a2bf354fc5214e067b6e8c654d5b2374baf93
2025-05-20,sw1_801780,,,0,True,trusted_previous_state_missing,354edd71-af9e-5d7f-9864-6f54545ddefd,d1951112a3b8e084c9fa32e87ab8ac7353ad9629ccdd4ef68565bf37aa9ca497
2025-05-21,sw1_801780,,,0,True,trusted_previous_state_missing,354edd71-af9e-5d7f-9864-6f54545ddefd,0f1889542ab7534834181feaec9b08a62f535dbebfe8ecb1f3ab80b5f362c380
2025-05-22,sw1_801780,,,0,True,trusted_previous_state_missing,354edd71-af9e-5d7f-9864-6f54545ddefd,4a4c3fdcf934287da7f30babadc527e0535c7b2ad8eaf6507695c28a1f6acb5b
2025-05-23,sw1_801780,,,0,True,trusted_previous_state_missing,354edd71-af9e-5d7f-9864-6f54545ddefd,bd58fd698caea2291e3b74f4d56572d1cc78a77880923cebc29fa6f5b0775eab
2025-05-26,sw1_801780,,,0,True,trusted_previous_state_missing,354edd71-af9e-5d7f-9864-6f54545ddefd,1483e16c362a5e345bfd417a10b5f5fe7fb0740dc3fc1da2977f6f9bb502a528
2025-05-27,sw1_801780,,,0,True,trusted_previous_state_missing,354edd71-af9e-5d7f-9864-6f54545ddefd,3db5b9b8fbe05d520237030a838dab52cd2d85f39c22d7c62dd24dd9dfdc4897
2025-05-28,sw1_801780,,,0,True,trusted_previous_state_missing,354edd71-af9e-5d7f-9864-6f54545ddefd,ee74801c00376e2c1919108e241aa4838149d92a36fc3ecdfadf8e9c9d9113af
2025-05-29,sw1_801780,,,0,True,trusted_previous_state_missing,354edd71-af9e-5d7f-9864-6f54545ddefd,66ab352bb435f62883f1e8db33c82404280524416d51c5454ef84a08ff00bce0
2025-05-30,sw1_801780,,,0,True,trusted_previous_state_missing,354edd71-af9e-5d7f-9864-6f54545ddefd,a06174a67b349ac1c281cbef81a4c7b681404aad9c5df0247193e948a161a3ed
2025-06-03,sw1_801780,,,0,True,trusted_previous_state_missing,354edd71-af9e-5d7f-9864-6f54545ddefd,76d1724a760fc61414176afa737f2696f49f68469e9e92bb214a27dd22f3728a
2025-06-04,sw1_801780,,,0,True,trusted_previous_state_missing,354edd71-af9e-5d7f-9864-6f54545ddefd,833e70172e3915fd10d1505a0e5e2c6e2a644ff4742ba1dd53f0aaebae6b9c89
2025-06-05,sw1_801780,,,0,True,trusted_previous_state_missing,354edd71-af9e-5d7f-9864-6f54545ddefd,ebfdd5b11bc4d9acb02f2b40a16a83ac1243e29cd5e4fadc43be393778bcb1b1
2025-06-06,sw1_801780,,,0,True,trusted_previous_state_missing,354edd71-af9e-5d7f-9864-6f54545ddefd,81d72a099b998cee8484df9e69c588cd6b4e18a241e340da9e16dc4def37f246
2025-06-09,sw1_801780,,,0,True,trusted_previous_state_missing,354edd71-af9e-5d7f-9864-6f54545ddefd,209a17cca320a42788a7561bf9a398829cc9785ff9367708821acf08fe9e208f
2025-06-10,sw1_801780,,,0,True,trusted_previous_state_missing,354edd71-af9e-5d7f-9864-6f54545ddefd,03d314564f7d18fe3e3772a1be4696b04b826bbedb70df32eeb1e87a39a02606
2025-06-11,sw1_801780,,,0,True,trusted_previous_state_missing,354edd71-af9e-5d7f-9864-6f54545ddefd,04d52a333facb076aec44be0ddec774ca970933eeae5bad4a987a0caaf52982b
2025-06-12,sw1_801780,,,0,True,trusted_previous_state_missing,354edd71-af9e-5d7f-9864-6f54545ddefd,21005cd3e5e6da42913b6115a0a1f7a76872b30d9f65c9073cdf73b0d3b32fe7
2025-06-13,sw1_801780,,,0,True,trusted_previous_state_missing,354edd71-af9e-5d7f-9864-6f54545ddefd,d761130e4ebb7dc4ad7122904d3f3aa9cda4223c157a3b377c4a78aa15ad08d7
2025-06-16,sw1_801780,,,0,True,trusted_previous_state_missing,354edd71-af9e-5d7f-9864-6f54545ddefd,25bb54544b1dd13d039c022512336c4e9e0d6551e2e29bdbc183850b8e2f22c3
2025-06-17,sw1_801780,,,0,True,trusted_previous_state_missing,354edd71-af9e-5d7f-9864-6f54545ddefd,2e585851cc0378ed3084ce99c475f71c3756b4b1c556228adc6e1ffb73d691d9
2025-06-18,sw1_801780,,,0,True,trusted_previous_state_missing,354edd71-af9e-5d7f-9864-6f54545ddefd,219193d396d224e5fa2e5fb467e98a3ba3a48d6bef5631a0e9b253babe6a1845
2025-06-19,sw1_801780,,,0,True,trusted_previous_state_missing,354edd71-af9e-5d7f-9864-6f54545ddefd,18f90378c60e1cfd7eee4d38010c15be81fbabe919ecc3387cb7c4d95fc6fa6f
2025-06-20,sw1_801780,,,0,True,trusted_previous_state_missing,354edd71-af9e-5d7f-9864-6f54545ddefd,6f3d52d87e35618b7317f52e04a241186ef9676f859128ca3e7e2833cb7c61c5
2025-06-23,sw1_801780,,,0,True,trusted_previous_state_missing,354edd71-af9e-5d7f-9864-6f54545ddefd,d9abed66a99ce81ed9e58f0a8668d367943382b489fa3bd2286ce808a4f4d7be
2025-06-24,sw1_801780,,,0,True,trusted_previous_state_missing,354edd71-af9e-5d7f-9864-6f54545ddefd,bc2e1adb672f4e39bad1bd54303b45a002ec43ea028192f5091685aac8f3925f
2025-06-25,sw1_801780,,,0,True,trusted_previous_state_missing,354edd71-af9e-5d7f-9864-6f54545ddefd,edca50f7951fe01cc95f3c117f27c958025a0d79858eb5cb73d10f2a480a386b
2025-06-26,sw1_801780,,,0,True,trusted_previous_state_missing,354edd71-af9e-5d7f-9864-6f54545ddefd,70ffed200f971ec29dd330a5f750a2427be217d9919c34c6f675ad5cd2bb12c1
2025-06-27,sw1_801780,,,0,True,trusted_previous_state_missing,354edd71-af9e-5d7f-9864-6f54545ddefd,cfa78918e0cee03b797f8eb43982c41edd18b4d7ab3aab270683a422abc6afbd
2025-06-30,sw1_801780,,,0,True,trusted_previous_state_missing,354edd71-af9e-5d7f-9864-6f54545ddefd,a2a03c63736e07ecae5f12c5ee575c6e3c39c9520bd4a85f51d05065c5da50e2
2025-04-01,sw1_801890,,,0,True,trusted_previous_state_missing,354edd71-af9e-5d7f-9864-6f54545ddefd,bf485fea7d6ab43e1b59e6cca003c5f22b9d2ebf3044d7a222114d051384f109
2025-04-02,sw1_801890,,,0,True,trusted_previous_state_missing,354edd71-af9e-5d7f-9864-6f54545ddefd,72617274d00dfcd4b97ae5b8439176c915fd6dc27a5cd38cf565506b31c25db6
2025-04-03,sw1_801890,,,0,True,trusted_previous_state_missing,354edd71-af9e-5d7f-9864-6f54545ddefd,fde7f234260e5e605872da1de8b81d484e05924631b43a8b908d2cce696155ae
2025-04-07,sw1_801890,,,0,True,trusted_previous_state_missing,354edd71-af9e-5d7f-9864-6f54545ddefd,095b5e972a40e6d65652cdcfb53f2bbf0de2924701475163abeae8b95d4b6e04
2025-04-08,sw1_801890,,,0,True,trusted_previous_state_missing,354edd71-af9e-5d7f-9864-6f54545ddefd,b64fee9ede6b22a307e5060e250f74479b5adbfb74cfda0f2a4660a71d56d4d8
2025-04-09,sw1_801890,,,0,True,trusted_previous_state_missing,354edd71-af9e-5d7f-9864-6f54545ddefd,4b4ff4bcea629210e688948718ca281ca8ad93b6305a64656f72ffaf24259d0c
2025-04-10,sw1_801890,,,0,True,trusted_previous_state_missing,354edd71-af9e-5d7f-9864-6f54545ddefd,0dcaf0a48575e2c2a3ece6b6aedafdb42984aae8493e6e3439d5ce7a4b058054
2025-04-11,sw1_801890,,,0,True,trusted_previous_state_missing,354edd71-af9e-5d7f-9864-6f54545ddefd,e90f2f03b4bd1788a30c8f506a6c60476ea45f502309feeb2ba963e63f2fa727
2025-04-14,sw1_801890,,,0,True,trusted_previous_state_missing,354edd71-af9e-5d7f-9864-6f54545ddefd,b4cb674308f136999ef43c58e33e7bd7e749581bd42ac6bc010260d0bf749151
2025-04-15,sw1_801890,,,0,True,trusted_previous_state_missing,354edd71-af9e-5d7f-9864-6f54545ddefd,f40cd81f72df3173bcbdc4fa822ddff23b8cf8ec18a80c718e189844913dc8de
2025-04-16,sw1_801890,,,0,True,trusted_previous_state_missing,354edd71-af9e-5d7f-9864-6f54545ddefd,1d10e09388e173ca4e965e1ad8bb86250ce54c002fbf43baea341c92f8cb74f0
2025-04-17,sw1_801890,,,0,True,trusted_previous_state_missing,354edd71-af9e-5d7f-9864-6f54545ddefd,a38d9be1e3e44cf998be042e37080f8351465d723ada3a6200e6af4c0802107c
2025-04-18,sw1_801890,,,0,True,trusted_previous_state_missing,354edd71-af9e-5d7f-9864-6f54545ddefd,50fa988d1c582871db6b7b96daf8fcdd7d46d5b1941f091ec4adfd822e2b6bcc
2025-04-21,sw1_801890,,,0,True,trusted_previous_state_missing,354edd71-af9e-5d7f-9864-6f54545ddefd,8af92bd83074fbb61c76145386bcbeb708db5ac2ec7833796d9c60701959f37c
2025-04-22,sw1_801890,,,0,True,trusted_previous_state_missing,354edd71-af9e-5d7f-9864-6f54545ddefd,0a304abfc7ae39b5d330e5701a28c0fb3dda732163547e9b75baf3f45e289b86
2025-04-23,sw1_801890,,,0,True,trusted_previous_state_missing,354edd71-af9e-5d7f-9864-6f54545ddefd,346d306c54a2ea5a7926e569a2994b1f90d79af74ca82605254bfc74a7106d54
2025-04-24,sw1_801890,,,0,True,trusted_previous_state_missing,354edd71-af9e-5d7f-9864-6f54545ddefd,b39194be6c355be41f94bc9007f5d8bc28f4eef5824d8da8ce6dd516eab8b4c0
2025-04-25,sw1_801890,,,0,True,trusted_previous_state_missing,354edd71-af9e-5d7f-9864-6f54545ddefd,9a01ab671d8021f94f5e22307f7562b2456581c81f1f0638f742cc0a89adc135
2025-04-28,sw1_801890,,,0,True,trusted_previous_state_missing,354edd71-af9e-5d7f-9864-6f54545ddefd,259afd144741381c4ae2b0afa7d5c99309848516b2fdb110738bfc029032dcf0
2025-04-29,sw1_801890,,,0,True,trusted_previous_state_missing,354edd71-af9e-5d7f-9864-6f54545ddefd,b0cab66ec6fb3b894dbe0748730d1ab9c166fde8b82bcf385687728a9e5ae321
2025-04-30,sw1_801890,,,0,True,trusted_previous_state_missing,354edd71-af9e-5d7f-9864-6f54545ddefd,9666adb54ecd1127067f1dc8c72e64f6bae68a6d1c8395e2642aa2abe75aa3dd
2025-05-06,sw1_801890,,,0,True,trusted_previous_state_missing,354edd71-af9e-5d7f-9864-6f54545ddefd,bf064a7655501e015d930292e63ac705055c13f05be526ceeb2d3cf705aad431
2025-05-07,sw1_801890,,,0,True,trusted_previous_state_missing,354edd71-af9e-5d7f-9864-6f54545ddefd,985551b8b4bac86de96349598d125ba2f5668799f65c3e3682c727cf22087b54
2025-05-08,sw1_801890,,,0,True,trusted_previous_state_missing,354edd71-af9e-5d7f-9864-6f54545ddefd,f9253ec5b1cfde2c08a4048fb50141b152109a608b508eae78f0af43c0f1bb2e
2025-05-09,sw1_801890,,,0,True,trusted_previous_state_missing,354edd71-af9e-5d7f-9864-6f54545ddefd,841137800298ab0283c361dd0e99464a1d5413097954eb2aca805567397177b1
2025-05-12,sw1_801890,,,0,True,trusted_previous_state_missing,354edd71-af9e-5d7f-9864-6f54545ddefd,3dfa19eb90eba686d3dd1577ada62edc1f7b73917ccebebba99ffdd0f38e6bef
2025-05-13,sw1_801890,,,0,True,trusted_previous_state_missing,354edd71-af9e-5d7f-9864-6f54545ddefd,bfd963991e224f736d76b0e3005f755e3a2490a74cb617b1d2441a9c967e30d1
2025-05-14,sw1_801890,,,0,True,trusted_previous_state_missing,354edd71-af9e-5d7f-9864-6f54545ddefd,9fdbd03d248b1000097ee171d9e0cd13898755c7b1018af5ac272442b123d981
2025-05-15,sw1_801890,,,0,True,trusted_previous_state_missing,354edd71-af9e-5d7f-9864-6f54545ddefd,4232c97997dab522ec9702048f4e05d0ccb67d9bee81c71e8d0b06d1c795cda8
2025-05-16,sw1_801890,,,0,True,trusted_previous_state_missing,354edd71-af9e-5d7f-9864-6f54545ddefd,1f1fbda9785c7e91a77217e8800db436d8b0dda08ab9d2222ccfcd51af0d1271
2025-05-19,sw1_801890,,,0,True,trusted_previous_state_missing,354edd71-af9e-5d7f-9864-6f54545ddefd,9d28ee6c2e7699540b5ee73a79bc518d7a764ede37fb9644c38416d531c234ad
2025-05-20,sw1_801890,,,0,True,trusted_previous_state_missing,354edd71-af9e-5d7f-9864-6f54545ddefd,59990f38965c0f85d43b70a92b9ed05f480c970ca66b5c9b8a19bbb2f6196390
2025-05-21,sw1_801890,,,0,True,trusted_previous_state_missing,354edd71-af9e-5d7f-9864-6f54545ddefd,9bfd4e4d355a875b9ab1c3101e29b3a83e7ae9e766d06fd0523c7d3d070e0c4e
2025-05-22,sw1_801890,,,0,True,trusted_previous_state_missing,354edd71-af9e-5d7f-9864-6f54545ddefd,6c2968b1b0f5cce3826d497e27dd93bb14b9eab628605e5af33b086bdf39a609
2025-05-23,sw1_801890,,,0,True,trusted_previous_state_missing,354edd71-af9e-5d7f-9864-6f54545ddefd,3f3c30b51a88ea349df48277c325f19509bb84a297a5170cac300af63cffec2a
2025-05-26,sw1_801890,,,0,True,trusted_previous_state_missing,354edd71-af9e-5d7f-9864-6f54545ddefd,9e72c586b38e2c7255b2378b7f4302fc1966a9c8457d9c7a39970fdc491b3d1f
2025-05-27,sw1_801890,,,0,True,trusted_previous_state_missing,354edd71-af9e-5d7f-9864-6f54545ddefd,2c9e8fdceb6c244a2c22485f9c308bd7606520074171f8db3a854ea1fc76645b
2025-05-28,sw1_801890,,,0,True,trusted_previous_state_missing,354edd71-af9e-5d7f-9864-6f54545ddefd,2eae0716595b808a08ca579f0e2db7fe8bb4e9c099fbdb34ae759947aff68685
2025-05-29,sw1_801890,,,0,True,trusted_previous_state_missing,354edd71-af9e-5d7f-9864-6f54545ddefd,926dddff279c52471dd3d7e027e0a0078736b5039e4128806b62ebb2da9f338a
2025-05-30,sw1_801890,,,0,True,trusted_previous_state_missing,354edd71-af9e-5d7f-9864-6f54545ddefd,2e29ae34cc4793bedb891158e10574bcd0685962c1b1190d77b9c09ad26050f6
2025-06-03,sw1_801890,,,0,True,trusted_previous_state_missing,354edd71-af9e-5d7f-9864-6f54545ddefd,7b38970303ae4df4ca3b39d2ce7b77b0530e6670f2be289b1192e581728c8d1d
2025-06-04,sw1_801890,,,0,True,trusted_previous_state_missing,354edd71-af9e-5d7f-9864-6f54545ddefd,fe3d543a4786a4ef7e93dffd5c12d580cb7ba441e373795c57ac04b73600b94a
2025-06-05,sw1_801890,,,0,True,trusted_previous_state_missing,354edd71-af9e-5d7f-9864-6f54545ddefd,1130ae5fa1cd78643c8266b5986e4f9ba60ab232a8dad4c756d081c18f82a0ca
2025-06-06,sw1_801890,,,0,True,trusted_previous_state_missing,354edd71-af9e-5d7f-9864-6f54545ddefd,8236680e4a9b9114ac9ffb00687ea5faacc10d48892602c2b95315c331f003f1
2025-06-09,sw1_801890,,,0,True,trusted_previous_state_missing,354edd71-af9e-5d7f-9864-6f54545ddefd,ef46a8b9796f33aab1a6fb8b2b2f10847f30a5e7adb611521777a94d13f965ad
2025-06-10,sw1_801890,,,0,True,trusted_previous_state_missing,354edd71-af9e-5d7f-9864-6f54545ddefd,cdbe3c068dfbbcc38e384d5f386ff31fdfdbbb85d821058a285577af2e38f6fa
2025-06-11,sw1_801890,,,0,True,trusted_previous_state_missing,354edd71-af9e-5d7f-9864-6f54545ddefd,c9ec5b52ebcab1179ed7db8fc49030b293f4beb5da9448f252553cc1522e506f
2025-06-12,sw1_801890,,,0,True,trusted_previous_state_missing,354edd71-af9e-5d7f-9864-6f54545ddefd,2cafa16ae31ff4ca60365eb74adf068e9438ad4986035ec3735fc9ac37e394fb
2025-06-13,sw1_801890,,,0,True,trusted_previous_state_missing,354edd71-af9e-5d7f-9864-6f54545ddefd,4c069073ec22a09b75987d7bd2469f44a2018fbcc5a57606b92375e75521d4ac
2025-06-16,sw1_801890,,,0,True,trusted_previous_state_missing,354edd71-af9e-5d7f-9864-6f54545ddefd,1ab088c5f723b80a7d8ecd81f7074febf4cca2125a48dc2e9be9362b30145371
2025-06-17,sw1_801890,,,0,True,trusted_previous_state_missing,354edd71-af9e-5d7f-9864-6f54545ddefd,5bd92daa41e1c10ea20381045b3aa8d3fa8b98e3f3478bd0ed48321c89a2914e
2025-06-18,sw1_801890,,,0,True,trusted_previous_state_missing,354edd71-af9e-5d7f-9864-6f54545ddefd,3846f935078e72ddc49ed0570f5054cdb8bfecef1dd55b66915bb0f3a8495782
2025-06-19,sw1_801890,,,0,True,trusted_previous_state_missing,354edd71-af9e-5d7f-9864-6f54545ddefd,e45082ee450bb6fbd983418ac88cf490a0e6ddaa6dc0ab8ec85bc4b4365b677c
2025-06-20,sw1_801890,,,0,True,trusted_previous_state_missing,354edd71-af9e-5d7f-9864-6f54545ddefd,c362b4def63c5b4db484d60ccd542e95749937b6ce90767164b3038fc22272e4
2025-06-23,sw1_801890,,,0,True,trusted_previous_state_missing,354edd71-af9e-5d7f-9864-6f54545ddefd,56b3d95f0077cd834e21faf3f679fb884697a5309f4e6b5bca760c06a7117ecf
2025-06-24,sw1_801890,,,0,True,trusted_previous_state_missing,354edd71-af9e-5d7f-9864-6f54545ddefd,fef9f012d7ac95a61030091131599d3787b9a84b6378b6eee8e5ef4d80c5bdd4
2025-06-25,sw1_801890,,,0,True,trusted_previous_state_missing,354edd71-af9e-5d7f-9864-6f54545ddefd,d33658ecfd98b64a08f75978e2963c5ee4a2b4af506e7a04e703e3ab7b4cc6d8
2025-06-26,sw1_801890,,,0,True,trusted_previous_state_missing,354edd71-af9e-5d7f-9864-6f54545ddefd,d60cee500b4bfa0dad1317953ad250b0f3451329f9ce8a6798cbcfe4b2da86b8
2025-06-27,sw1_801890,,,0,True,trusted_previous_state_missing,354edd71-af9e-5d7f-9864-6f54545ddefd,4ea318de704faeb9afbaad3226b2d15405863190812a26b4b7801620fcdd95c3
2025-06-30,sw1_801890,,,0,True,trusted_previous_state_missing,354edd71-af9e-5d7f-9864-6f54545ddefd,87fa5280e58c4620d551135ac402bca0dbff0fa67d1caa467c81cb3d403921b4
