case_id,date,state,frozen,reason,lifecycle_id,transition,backtest_run_id
P01,2024-09-02,S1,False,candidate,4b009fe2-2388-5d57-b5e2-a7bcb2c633e8,"{""from_state"": ""S0"", ""to_state"": ""S1"", ""trigger_rule"": ""candidate"", ""trigger_date"": ""2024-09-02"", ""effective_date"": ""2024-09-02"", ""reason"": ""candidate"", ""lifecycle_id"": ""4b009fe2-2388-5d57-b5e2-a7bcb2c633e8""}",historical-blind-v1-20261002-diagnostic-v2:P01
P01,2024-09-03,S1,True,"rule_evidence_unavailable:confirm,candidate",4b009fe2-2388-5d57-b5e2-a7bcb2c633e8,NULL,historical-blind-v1-20261002-diagnostic-v2:P01
P01,2024-09-04,S1,True,rule_evidence_unavailable:confirm,4b009fe2-2388-5d57-b5e2-a7bcb2c633e8,NULL,historical-blind-v1-20261002-diagnostic-v2:P01
P01,2024-09-05,S1,True,rule_evidence_unavailable:candidate,4b009fe2-2388-5d57-b5e2-a7bcb2c633e8,NULL,historical-blind-v1-20261002-diagnostic-v2:P01
P01,2024-09-06,S1,False,freeze_recovery_first_session_no_transition,4b009fe2-2388-5d57-b5e2-a7bcb2c633e8,NULL,historical-blind-v1-20261002-diagnostic-v2:P01
P01,2024-09-09,S0,False,candidate_failed,4b009fe2-2388-5d57-b5e2-a7bcb2c633e8,"{""from_state"": ""S1"", ""to_state"": ""S0"", ""trigger_rule"": ""candidate_failed"", ""trigger_date"": ""2024-09-09"", ""effective_date"": ""2024-09-09"", ""reason"": ""candidate_failed"", ""lifecycle_id"": ""4b009fe2-2388-5d57-b5e2-a7bcb2c633e8""}",historical-blind-v1-20261002-diagnostic-v2:P01
P01,2024-09-10,S0,True,rule_evidence_unavailable:candidate,4b009fe2-2388-5d57-b5e2-a7bcb2c633e8,NULL,historical-blind-v1-20261002-diagnostic-v2:P01
P01,2024-09-11,S0,False,freeze_recovery_first_session_no_transition,4b009fe2-2388-5d57-b5e2-a7bcb2c633e8,NULL,historical-blind-v1-20261002-diagnostic-v2:P01
P01,2024-09-12,S0,False,no_legal_transition_triggered,4b009fe2-2388-5d57-b5e2-a7bcb2c633e8,NULL,historical-blind-v1-20261002-diagnostic-v2:P01
P01,2024-09-13,S0,False,no_legal_transition_triggered,4b009fe2-2388-5d57-b5e2-a7bcb2c633e8,NULL,historical-blind-v1-20261002-diagnostic-v2:P01
P01,2024-09-18,S0,False,no_legal_transition_triggered,4b009fe2-2388-5d57-b5e2-a7bcb2c633e8,NULL,historical-blind-v1-20261002-diagnostic-v2:P01
P01,2024-09-19,S0,False,no_legal_transition_triggered,4b009fe2-2388-5d57-b5e2-a7bcb2c633e8,NULL,historical-blind-v1-20261002-diagnostic-v2:P01
P01,2024-09-20,S0,False,no_legal_transition_triggered,4b009fe2-2388-5d57-b5e2-a7bcb2c633e8,NULL,historical-blind-v1-20261002-diagnostic-v2:P01
P01,2024-09-23,S0,False,no_legal_transition_triggered,4b009fe2-2388-5d57-b5e2-a7bcb2c633e8,NULL,historical-blind-v1-20261002-diagnostic-v2:P01
P01,2024-09-24,S0,False,no_legal_transition_triggered,4b009fe2-2388-5d57-b5e2-a7bcb2c633e8,NULL,historical-blind-v1-20261002-diagnostic-v2:P01
P01,2024-09-25,S0,False,no_legal_transition_triggered,4b009fe2-2388-5d57-b5e2-a7bcb2c633e8,NULL,historical-blind-v1-20261002-diagnostic-v2:P01
P01,2024-09-26,S0,False,no_legal_transition_triggered,4b009fe2-2388-5d57-b5e2-a7bcb2c633e8,NULL,historical-blind-v1-20261002-diagnostic-v2:P01
P01,2024-09-27,S0,False,no_legal_transition_triggered,4b009fe2-2388-5d57-b5e2-a7bcb2c633e8,NULL,historical-blind-v1-20261002-diagnostic-v2:P01
P01,2024-09-30,S1,False,candidate,2ced5835-aa86-535e-a54e-daa3fad45928,"{""from_state"": ""S0"", ""to_state"": ""S1"", ""trigger_rule"": ""candidate"", ""trigger_date"": ""2024-09-30"", ""effective_date"": ""2024-09-30"", ""reason"": ""candidate"", ""lifecycle_id"": ""2ced5835-aa86-535e-a54e-daa3fad45928""}",historical-blind-v1-20261002-diagnostic-v2:P01
P01,2024-10-08,S1,False,no_legal_transition_triggered,2ced5835-aa86-535e-a54e-daa3fad45928,NULL,historical-blind-v1-20261002-diagnostic-v2:P01
P01,2024-10-09,S1,True,rule_evidence_unavailable:confirm,2ced5835-aa86-535e-a54e-daa3fad45928,NULL,historical-blind-v1-20261002-diagnostic-v2:P01
P01,2024-10-10,S1,False,freeze_recovery_first_session_no_transition,2ced5835-aa86-535e-a54e-daa3fad45928,NULL,historical-blind-v1-20261002-diagnostic-v2:P01
P01,2024-10-11,S1,False,no_legal_transition_triggered,2ced5835-aa86-535e-a54e-daa3fad45928,NULL,historical-blind-v1-20261002-diagnostic-v2:P01
P01,2024-10-14,S1,False,no_legal_transition_triggered,2ced5835-aa86-535e-a54e-daa3fad45928,NULL,historical-blind-v1-20261002-diagnostic-v2:P01
P01,2024-10-15,S1,False,no_legal_transition_triggered,2ced5835-aa86-535e-a54e-daa3fad45928,NULL,historical-blind-v1-20261002-diagnostic-v2:P01
P01,2024-10-16,S1,False,no_legal_transition_triggered,2ced5835-aa86-535e-a54e-daa3fad45928,NULL,historical-blind-v1-20261002-diagnostic-v2:P01
P01,2024-10-17,S1,True,rule_evidence_unavailable:confirm,2ced5835-aa86-535e-a54e-daa3fad45928,NULL,historical-blind-v1-20261002-diagnostic-v2:P01
P01,2024-10-18,S1,True,rule_evidence_unavailable:confirm,2ced5835-aa86-535e-a54e-daa3fad45928,NULL,historical-blind-v1-20261002-diagnostic-v2:P01
P01,2024-10-21,S1,True,rule_evidence_unavailable:confirm,2ced5835-aa86-535e-a54e-daa3fad45928,NULL,historical-blind-v1-20261002-diagnostic-v2:P01
P01,2024-10-22,S1,False,freeze_recovery_first_session_no_transition,2ced5835-aa86-535e-a54e-daa3fad45928,NULL,historical-blind-v1-20261002-diagnostic-v2:P01
P01,2024-10-23,S1,False,no_legal_transition_triggered,2ced5835-aa86-535e-a54e-daa3fad45928,NULL,historical-blind-v1-20261002-diagnostic-v2:P01
P01,2024-10-24,S1,False,no_legal_transition_triggered,2ced5835-aa86-535e-a54e-daa3fad45928,NULL,historical-blind-v1-20261002-diagnostic-v2:P01
P01,2024-10-25,S1,False,no_legal_transition_triggered,2ced5835-aa86-535e-a54e-daa3fad45928,NULL,historical-blind-v1-20261002-diagnostic-v2:P01
P01,2024-10-28,S1,False,no_legal_transition_triggered,2ced5835-aa86-535e-a54e-daa3fad45928,NULL,historical-blind-v1-20261002-diagnostic-v2:P01
P01,2024-10-29,S1,False,no_legal_transition_triggered,2ced5835-aa86-535e-a54e-daa3fad45928,NULL,historical-blind-v1-20261002-diagnostic-v2:P01
P01,2024-10-30,S1,False,no_legal_transition_triggered,2ced5835-aa86-535e-a54e-daa3fad45928,NULL,historical-blind-v1-20261002-diagnostic-v2:P01
P01,2024-10-31,S1,False,no_legal_transition_triggered,2ced5835-aa86-535e-a54e-daa3fad45928,NULL,historical-blind-v1-20261002-diagnostic-v2:P01
P01,2024-11-01,S0,False,candidate_failed,2ced5835-aa86-535e-a54e-daa3fad45928,"{""from_state"": ""S1"", ""to_state"": ""S0"", ""trigger_rule"": ""candidate_failed"", ""trigger_date"": ""2024-11-01"", ""effective_date"": ""2024-11-01"", ""reason"": ""candidate_failed"", ""lifecycle_id"": ""2ced5835-aa86-535e-a54e-daa3fad45928""}",historical-blind-v1-20261002-diagnostic-v2:P01
P01,2024-11-04,S0,False,no_legal_transition_triggered,2ced5835-aa86-535e-a54e-daa3fad45928,NULL,historical-blind-v1-20261002-diagnostic-v2:P01
P01,2024-11-05,S1,False,candidate,859b5137-42b9-55b2-bc73-0aabf724aa39,"{""from_state"": ""S0"", ""to_state"": ""S1"", ""trigger_rule"": ""candidate"", ""trigger_date"": ""2024-11-05"", ""effective_date"": ""2024-11-05"", ""reason"": ""candidate"", ""lifecycle_id"": ""859b5137-42b9-55b2-bc73-0aabf724aa39""}",historical-blind-v1-20261002-diagnostic-v2:P01
P01,2024-11-06,S0,False,candidate_failed,859b5137-42b9-55b2-bc73-0aabf724aa39,"{""from_state"": ""S1"", ""to_state"": ""S0"", ""trigger_rule"": ""candidate_failed"", ""trigger_date"": ""2024-11-06"", ""effective_date"": ""2024-11-06"", ""reason"": ""candidate_failed"", ""lifecycle_id"": ""859b5137-42b9-55b2-bc73-0aabf724aa39""}",historical-blind-v1-20261002-diagnostic-v2:P01
P01,2024-11-07,S0,False,no_legal_transition_triggered,859b5137-42b9-55b2-bc73-0aabf724aa39,NULL,historical-blind-v1-20261002-diagnostic-v2:P01
P01,2024-11-08,S1,False,candidate,d830f266-efcd-586c-b4ba-7d4ea8793574,"{""from_state"": ""S0"", ""to_state"": ""S1"", ""trigger_rule"": ""candidate"", ""trigger_date"": ""2024-11-08"", ""effective_date"": ""2024-11-08"", ""reason"": ""candidate"", ""lifecycle_id"": ""d830f266-efcd-586c-b4ba-7d4ea8793574""}",historical-blind-v1-20261002-diagnostic-v2:P01
P01,2024-11-11,S1,False,no_legal_transition_triggered,d830f266-efcd-586c-b4ba-7d4ea8793574,NULL,historical-blind-v1-20261002-diagnostic-v2:P01
P01,2024-11-12,S1,False,no_legal_transition_triggered,d830f266-efcd-586c-b4ba-7d4ea8793574,NULL,historical-blind-v1-20261002-diagnostic-v2:P01
P01,2024-11-13,S1,False,no_legal_transition_triggered,d830f266-efcd-586c-b4ba-7d4ea8793574,NULL,historical-blind-v1-20261002-diagnostic-v2:P01
P01,2024-11-14,S0,False,candidate_failed,d830f266-efcd-586c-b4ba-7d4ea8793574,"{""from_state"": ""S1"", ""to_state"": ""S0"", ""trigger_rule"": ""candidate_failed"", ""trigger_date"": ""2024-11-14"", ""effective_date"": ""2024-11-14"", ""reason"": ""candidate_failed"", ""lifecycle_id"": ""d830f266-efcd-586c-b4ba-7d4ea8793574""}",historical-blind-v1-20261002-diagnostic-v2:P01
P01,2024-11-15,S0,False,no_legal_transition_triggered,d830f266-efcd-586c-b4ba-7d4ea8793574,NULL,historical-blind-v1-20261002-diagnostic-v2:P01
P01,2024-11-18,S0,False,no_legal_transition_triggered,d830f266-efcd-586c-b4ba-7d4ea8793574,NULL,historical-blind-v1-20261002-diagnostic-v2:P01
P01,2024-11-19,S0,False,no_legal_transition_triggered,d830f266-efcd-586c-b4ba-7d4ea8793574,NULL,historical-blind-v1-20261002-diagnostic-v2:P01
P01,2024-11-20,S0,False,no_legal_transition_triggered,d830f266-efcd-586c-b4ba-7d4ea8793574,NULL,historical-blind-v1-20261002-diagnostic-v2:P01
P01,2024-11-21,S0,False,no_legal_transition_triggered,d830f266-efcd-586c-b4ba-7d4ea8793574,NULL,historical-blind-v1-20261002-diagnostic-v2:P01
P01,2024-11-22,S0,False,no_legal_transition_triggered,d830f266-efcd-586c-b4ba-7d4ea8793574,NULL,historical-blind-v1-20261002-diagnostic-v2:P01
P01,2024-11-25,S0,False,no_legal_transition_triggered,d830f266-efcd-586c-b4ba-7d4ea8793574,NULL,historical-blind-v1-20261002-diagnostic-v2:P01
P01,2024-11-26,S0,False,no_legal_transition_triggered,d830f266-efcd-586c-b4ba-7d4ea8793574,NULL,historical-blind-v1-20261002-diagnostic-v2:P01
P01,2024-11-27,S0,False,no_legal_transition_triggered,d830f266-efcd-586c-b4ba-7d4ea8793574,NULL,historical-blind-v1-20261002-diagnostic-v2:P01
P01,2024-11-28,S0,False,no_legal_transition_triggered,d830f266-efcd-586c-b4ba-7d4ea8793574,NULL,historical-blind-v1-20261002-diagnostic-v2:P01
P01,2024-11-29,S0,False,no_legal_transition_triggered,d830f266-efcd-586c-b4ba-7d4ea8793574,NULL,historical-blind-v1-20261002-diagnostic-v2:P01
P01,2024-12-02,S0,False,no_legal_transition_triggered,d830f266-efcd-586c-b4ba-7d4ea8793574,NULL,historical-blind-v1-20261002-diagnostic-v2:P01
P01,2024-12-03,S0,False,no_legal_transition_triggered,d830f266-efcd-586c-b4ba-7d4ea8793574,NULL,historical-blind-v1-20261002-diagnostic-v2:P01
P01,2024-12-04,S0,False,no_legal_transition_triggered,d830f266-efcd-586c-b4ba-7d4ea8793574,NULL,historical-blind-v1-20261002-diagnostic-v2:P01
P01,2024-12-05,S0,False,no_legal_transition_triggered,d830f266-efcd-586c-b4ba-7d4ea8793574,NULL,historical-blind-v1-20261002-diagnostic-v2:P01
P01,2024-12-06,S0,False,no_legal_transition_triggered,d830f266-efcd-586c-b4ba-7d4ea8793574,NULL,historical-blind-v1-20261002-diagnostic-v2:P01
P01,2024-12-09,S0,False,no_legal_transition_triggered,d830f266-efcd-586c-b4ba-7d4ea8793574,NULL,historical-blind-v1-20261002-diagnostic-v2:P01
P01,2024-12-10,S0,False,no_legal_transition_triggered,d830f266-efcd-586c-b4ba-7d4ea8793574,NULL,historical-blind-v1-20261002-diagnostic-v2:P01
P02,2024-09-02,S0,True,rule_evidence_unavailable:candidate,NULL,NULL,historical-blind-v1-20261002-diagnostic-v2:P02
P02,2024-09-03,S0,False,freeze_recovery_first_session_no_transition,NULL,NULL,historical-blind-v1-20261002-diagnostic-v2:P02
P02,2024-09-04,S1,False,candidate,d3e6d600-176f-570b-a76c-25b4411ca720,"{""from_state"": ""S0"", ""to_state"": ""S1"", ""trigger_rule"": ""candidate"", ""trigger_date"": ""2024-09-04"", ""effective_date"": ""2024-09-04"", ""reason"": ""candidate"", ""lifecycle_id"": ""d3e6d600-176f-570b-a76c-25b4411ca720""}",historical-blind-v1-20261002-diagnostic-v2:P02
P02,2024-09-05,S1,True,rule_evidence_unavailable:confirm,d3e6d600-176f-570b-a76c-25b4411ca720,NULL,historical-blind-v1-20261002-diagnostic-v2:P02
P02,2024-09-06,S1,False,freeze_recovery_first_session_no_transition,d3e6d600-176f-570b-a76c-25b4411ca720,NULL,historical-blind-v1-20261002-diagnostic-v2:P02
P02,2024-09-09,S1,True,rule_evidence_unavailable:candidate,d3e6d600-176f-570b-a76c-25b4411ca720,NULL,historical-blind-v1-20261002-diagnostic-v2:P02
P02,2024-09-10,S1,False,freeze_recovery_first_session_no_transition,d3e6d600-176f-570b-a76c-25b4411ca720,NULL,historical-blind-v1-20261002-diagnostic-v2:P02
P02,2024-09-11,S1,False,no_legal_transition_triggered,d3e6d600-176f-570b-a76c-25b4411ca720,NULL,historical-blind-v1-20261002-diagnostic-v2:P02
P02,2024-09-12,S1,False,no_legal_transition_triggered,d3e6d600-176f-570b-a76c-25b4411ca720,NULL,historical-blind-v1-20261002-diagnostic-v2:P02
P02,2024-09-13,S1,False,no_legal_transition_triggered,d3e6d600-176f-570b-a76c-25b4411ca720,NULL,historical-blind-v1-20261002-diagnostic-v2:P02
P02,2024-09-18,S1,False,no_legal_transition_triggered,d3e6d600-176f-570b-a76c-25b4411ca720,NULL,historical-blind-v1-20261002-diagnostic-v2:P02
P02,2024-09-19,S1,True,rule_evidence_unavailable:candidate,d3e6d600-176f-570b-a76c-25b4411ca720,NULL,historical-blind-v1-20261002-diagnostic-v2:P02
P02,2024-09-20,S1,False,freeze_recovery_first_session_no_transition,d3e6d600-176f-570b-a76c-25b4411ca720,NULL,historical-blind-v1-20261002-diagnostic-v2:P02
P02,2024-09-23,S0,False,candidate_failed,d3e6d600-176f-570b-a76c-25b4411ca720,"{""from_state"": ""S1"", ""to_state"": ""S0"", ""trigger_rule"": ""candidate_failed"", ""trigger_date"": ""2024-09-23"", ""effective_date"": ""2024-09-23"", ""reason"": ""candidate_failed"", ""lifecycle_id"": ""d3e6d600-176f-570b-a76c-25b4411ca720""}",historical-blind-v1-20261002-diagnostic-v2:P02
P02,2024-09-24,S0,False,no_legal_transition_triggered,d3e6d600-176f-570b-a76c-25b4411ca720,NULL,historical-blind-v1-20261002-diagnostic-v2:P02
P02,2024-09-25,S0,False,no_legal_transition_triggered,d3e6d600-176f-570b-a76c-25b4411ca720,NULL,historical-blind-v1-20261002-diagnostic-v2:P02
P02,2024-09-26,S0,False,no_legal_transition_triggered,d3e6d600-176f-570b-a76c-25b4411ca720,NULL,historical-blind-v1-20261002-diagnostic-v2:P02
P02,2024-09-27,S0,False,no_legal_transition_triggered,d3e6d600-176f-570b-a76c-25b4411ca720,NULL,historical-blind-v1-20261002-diagnostic-v2:P02
P02,2024-09-30,S1,False,candidate,131a8435-1b1f-5aea-a1c5-445c27396e36,"{""from_state"": ""S0"", ""to_state"": ""S1"", ""trigger_rule"": ""candidate"", ""trigger_date"": ""2024-09-30"", ""effective_date"": ""2024-09-30"", ""reason"": ""candidate"", ""lifecycle_id"": ""131a8435-1b1f-5aea-a1c5-445c27396e36""}",historical-blind-v1-20261002-diagnostic-v2:P02
P02,2024-10-08,S1,False,no_legal_transition_triggered,131a8435-1b1f-5aea-a1c5-445c27396e36,NULL,historical-blind-v1-20261002-diagnostic-v2:P02
P02,2024-10-09,S1,False,no_legal_transition_triggered,131a8435-1b1f-5aea-a1c5-445c27396e36,NULL,historical-blind-v1-20261002-diagnostic-v2:P02
P02,2024-10-10,S1,False,no_legal_transition_triggered,131a8435-1b1f-5aea-a1c5-445c27396e36,NULL,historical-blind-v1-20261002-diagnostic-v2:P02
P02,2024-10-11,S1,False,no_legal_transition_triggered,131a8435-1b1f-5aea-a1c5-445c27396e36,NULL,historical-blind-v1-20261002-diagnostic-v2:P02
P02,2024-10-14,S0,False,candidate_failed,131a8435-1b1f-5aea-a1c5-445c27396e36,"{""from_state"": ""S1"", ""to_state"": ""S0"", ""trigger_rule"": ""candidate_failed"", ""trigger_date"": ""2024-10-14"", ""effective_date"": ""2024-10-14"", ""reason"": ""candidate_failed"", ""lifecycle_id"": ""131a8435-1b1f-5aea-a1c5-445c27396e36""}",historical-blind-v1-20261002-diagnostic-v2:P02
P02,2024-10-15,S0,False,no_legal_transition_triggered,131a8435-1b1f-5aea-a1c5-445c27396e36,NULL,historical-blind-v1-20261002-diagnostic-v2:P02
P02,2024-10-16,S0,False,no_legal_transition_triggered,131a8435-1b1f-5aea-a1c5-445c27396e36,NULL,historical-blind-v1-20261002-diagnostic-v2:P02
P02,2024-10-17,S0,False,no_legal_transition_triggered,131a8435-1b1f-5aea-a1c5-445c27396e36,NULL,historical-blind-v1-20261002-diagnostic-v2:P02
P02,2024-10-18,S0,False,no_legal_transition_triggered,131a8435-1b1f-5aea-a1c5-445c27396e36,NULL,historical-blind-v1-20261002-diagnostic-v2:P02
P02,2024-10-21,S0,False,no_legal_transition_triggered,131a8435-1b1f-5aea-a1c5-445c27396e36,NULL,historical-blind-v1-20261002-diagnostic-v2:P02
P02,2024-10-22,S1,False,candidate,89446a76-06c8-5432-bc79-1d5a84171cb5,"{""from_state"": ""S0"", ""to_state"": ""S1"", ""trigger_rule"": ""candidate"", ""trigger_date"": ""2024-10-22"", ""effective_date"": ""2024-10-22"", ""reason"": ""candidate"", ""lifecycle_id"": ""89446a76-06c8-5432-bc79-1d5a84171cb5""}",historical-blind-v1-20261002-diagnostic-v2:P02
P02,2024-10-23,S1,True,rule_evidence_unavailable:confirm,89446a76-06c8-5432-bc79-1d5a84171cb5,NULL,historical-blind-v1-20261002-diagnostic-v2:P02
P02,2024-10-24,S1,False,freeze_recovery_first_session_no_transition,89446a76-06c8-5432-bc79-1d5a84171cb5,NULL,historical-blind-v1-20261002-diagnostic-v2:P02
P02,2024-10-25,S1,True,rule_evidence_unavailable:confirm,89446a76-06c8-5432-bc79-1d5a84171cb5,NULL,historical-blind-v1-20261002-diagnostic-v2:P02
P02,2024-10-28,S1,False,freeze_recovery_first_session_no_transition,89446a76-06c8-5432-bc79-1d5a84171cb5,NULL,historical-blind-v1-20261002-diagnostic-v2:P02
P02,2024-10-29,S1,False,no_legal_transition_triggered,89446a76-06c8-5432-bc79-1d5a84171cb5,NULL,historical-blind-v1-20261002-diagnostic-v2:P02
P02,2024-10-30,S1,False,no_legal_transition_triggered,89446a76-06c8-5432-bc79-1d5a84171cb5,NULL,historical-blind-v1-20261002-diagnostic-v2:P02
P02,2024-10-31,S1,False,no_legal_transition_triggered,89446a76-06c8-5432-bc79-1d5a84171cb5,NULL,historical-blind-v1-20261002-diagnostic-v2:P02
P02,2024-11-01,S1,False,no_legal_transition_triggered,89446a76-06c8-5432-bc79-1d5a84171cb5,NULL,historical-blind-v1-20261002-diagnostic-v2:P02
P02,2024-11-04,S1,False,no_legal_transition_triggered,89446a76-06c8-5432-bc79-1d5a84171cb5,NULL,historical-blind-v1-20261002-diagnostic-v2:P02
P02,2024-11-05,S1,False,no_legal_transition_triggered,89446a76-06c8-5432-bc79-1d5a84171cb5,NULL,historical-blind-v1-20261002-diagnostic-v2:P02
P02,2024-11-06,S1,False,no_legal_transition_triggered,89446a76-06c8-5432-bc79-1d5a84171cb5,NULL,historical-blind-v1-20261002-diagnostic-v2:P02
P02,2024-11-07,S0,False,candidate_failed,89446a76-06c8-5432-bc79-1d5a84171cb5,"{""from_state"": ""S1"", ""to_state"": ""S0"", ""trigger_rule"": ""candidate_failed"", ""trigger_date"": ""2024-11-07"", ""effective_date"": ""2024-11-07"", ""reason"": ""candidate_failed"", ""lifecycle_id"": ""89446a76-06c8-5432-bc79-1d5a84171cb5""}",historical-blind-v1-20261002-diagnostic-v2:P02
P02,2024-11-08,S0,False,no_legal_transition_triggered,89446a76-06c8-5432-bc79-1d5a84171cb5,NULL,historical-blind-v1-20261002-diagnostic-v2:P02
P02,2024-11-11,S1,False,candidate,cbfc2997-00fa-50ea-afcb-5fcee180b3d8,"{""from_state"": ""S0"", ""to_state"": ""S1"", ""trigger_rule"": ""candidate"", ""trigger_date"": ""2024-11-11"", ""effective_date"": ""2024-11-11"", ""reason"": ""candidate"", ""lifecycle_id"": ""cbfc2997-00fa-50ea-afcb-5fcee180b3d8""}",historical-blind-v1-20261002-diagnostic-v2:P02
P02,2024-11-12,S1,False,no_legal_transition_triggered,cbfc2997-00fa-50ea-afcb-5fcee180b3d8,NULL,historical-blind-v1-20261002-diagnostic-v2:P02
P02,2024-11-13,S1,False,no_legal_transition_triggered,cbfc2997-00fa-50ea-afcb-5fcee180b3d8,NULL,historical-blind-v1-20261002-diagnostic-v2:P02
P02,2024-11-14,S1,False,no_legal_transition_triggered,cbfc2997-00fa-50ea-afcb-5fcee180b3d8,NULL,historical-blind-v1-20261002-diagnostic-v2:P02
P02,2024-11-15,S1,False,no_legal_transition_triggered,cbfc2997-00fa-50ea-afcb-5fcee180b3d8,NULL,historical-blind-v1-20261002-diagnostic-v2:P02
P02,2024-11-18,S0,False,candidate_failed,cbfc2997-00fa-50ea-afcb-5fcee180b3d8,"{""from_state"": ""S1"", ""to_state"": ""S0"", ""trigger_rule"": ""candidate_failed"", ""trigger_date"": ""2024-11-18"", ""effective_date"": ""2024-11-18"", ""reason"": ""candidate_failed"", ""lifecycle_id"": ""cbfc2997-00fa-50ea-afcb-5fcee180b3d8""}",historical-blind-v1-20261002-diagnostic-v2:P02
P02,2024-11-19,S1,False,candidate,cd663fb3-0c48-5844-8c19-9b70d47e42fc,"{""from_state"": ""S0"", ""to_state"": ""S1"", ""trigger_rule"": ""candidate"", ""trigger_date"": ""2024-11-19"", ""effective_date"": ""2024-11-19"", ""reason"": ""candidate"", ""lifecycle_id"": ""cd663fb3-0c48-5844-8c19-9b70d47e42fc""}",historical-blind-v1-20261002-diagnostic-v2:P02
P02,2024-11-20,S1,False,no_legal_transition_triggered,cd663fb3-0c48-5844-8c19-9b70d47e42fc,NULL,historical-blind-v1-20261002-diagnostic-v2:P02
P02,2024-11-21,S1,False,no_legal_transition_triggered,cd663fb3-0c48-5844-8c19-9b70d47e42fc,NULL,historical-blind-v1-20261002-diagnostic-v2:P02
P02,2024-11-22,S1,False,no_legal_transition_triggered,cd663fb3-0c48-5844-8c19-9b70d47e42fc,NULL,historical-blind-v1-20261002-diagnostic-v2:P02
P02,2024-11-25,S1,False,no_legal_transition_triggered,cd663fb3-0c48-5844-8c19-9b70d47e42fc,NULL,historical-blind-v1-20261002-diagnostic-v2:P02
P02,2024-11-26,S0,False,candidate_failed,cd663fb3-0c48-5844-8c19-9b70d47e42fc,"{""from_state"": ""S1"", ""to_state"": ""S0"", ""trigger_rule"": ""candidate_failed"", ""trigger_date"": ""2024-11-26"", ""effective_date"": ""2024-11-26"", ""reason"": ""candidate_failed"", ""lifecycle_id"": ""cd663fb3-0c48-5844-8c19-9b70d47e42fc""}",historical-blind-v1-20261002-diagnostic-v2:P02
P02,2024-11-27,S0,False,no_legal_transition_triggered,cd663fb3-0c48-5844-8c19-9b70d47e42fc,NULL,historical-blind-v1-20261002-diagnostic-v2:P02
P02,2024-11-28,S0,False,no_legal_transition_triggered,cd663fb3-0c48-5844-8c19-9b70d47e42fc,NULL,historical-blind-v1-20261002-diagnostic-v2:P02
P02,2024-11-29,S0,False,no_legal_transition_triggered,cd663fb3-0c48-5844-8c19-9b70d47e42fc,NULL,historical-blind-v1-20261002-diagnostic-v2:P02
P02,2024-12-02,S0,False,no_legal_transition_triggered,cd663fb3-0c48-5844-8c19-9b70d47e42fc,NULL,historical-blind-v1-20261002-diagnostic-v2:P02
P02,2024-12-03,S0,False,no_legal_transition_triggered,cd663fb3-0c48-5844-8c19-9b70d47e42fc,NULL,historical-blind-v1-20261002-diagnostic-v2:P02
P02,2024-12-04,S0,False,no_legal_transition_triggered,cd663fb3-0c48-5844-8c19-9b70d47e42fc,NULL,historical-blind-v1-20261002-diagnostic-v2:P02
P02,2024-12-05,S0,False,no_legal_transition_triggered,cd663fb3-0c48-5844-8c19-9b70d47e42fc,NULL,historical-blind-v1-20261002-diagnostic-v2:P02
P02,2024-12-06,S0,False,no_legal_transition_triggered,cd663fb3-0c48-5844-8c19-9b70d47e42fc,NULL,historical-blind-v1-20261002-diagnostic-v2:P02
P02,2024-12-09,S0,False,no_legal_transition_triggered,cd663fb3-0c48-5844-8c19-9b70d47e42fc,NULL,historical-blind-v1-20261002-diagnostic-v2:P02
P02,2024-12-10,S0,False,no_legal_transition_triggered,cd663fb3-0c48-5844-8c19-9b70d47e42fc,NULL,historical-blind-v1-20261002-diagnostic-v2:P02
P03,2024-09-30,S1,False,no_legal_transition_triggered,6bdeea68-ed17-5f5f-9857-5620e4a398d2,NULL,historical-blind-v1-20261002-diagnostic-v2:P03
P03,2024-10-08,S0,False,candidate_failed,6bdeea68-ed17-5f5f-9857-5620e4a398d2,"{""from_state"": ""S1"", ""to_state"": ""S0"", ""trigger_rule"": ""candidate_failed"", ""trigger_date"": ""2024-10-08"", ""effective_date"": ""2024-10-08"", ""reason"": ""candidate_failed"", ""lifecycle_id"": ""6bdeea68-ed17-5f5f-9857-5620e4a398d2""}",historical-blind-v1-20261002-diagnostic-v2:P03
P03,2024-10-09,S0,False,no_legal_transition_triggered,6bdeea68-ed17-5f5f-9857-5620e4a398d2,NULL,historical-blind-v1-20261002-diagnostic-v2:P03
P03,2024-10-10,S0,False,no_legal_transition_triggered,6bdeea68-ed17-5f5f-9857-5620e4a398d2,NULL,historical-blind-v1-20261002-diagnostic-v2:P03
P03,2024-10-11,S0,False,no_legal_transition_triggered,6bdeea68-ed17-5f5f-9857-5620e4a398d2,NULL,historical-blind-v1-20261002-diagnostic-v2:P03
P03,2024-10-14,S1,False,candidate,bbde05d5-1eac-5645-9515-0beee130577d,"{""from_state"": ""S0"", ""to_state"": ""S1"", ""trigger_rule"": ""candidate"", ""trigger_date"": ""2024-10-14"", ""effective_date"": ""2024-10-14"", ""reason"": ""candidate"", ""lifecycle_id"": ""bbde05d5-1eac-5645-9515-0beee130577d""}",historical-blind-v1-20261002-diagnostic-v2:P03
P03,2024-10-15,S1,False,no_legal_transition_triggered,bbde05d5-1eac-5645-9515-0beee130577d,NULL,historical-blind-v1-20261002-diagnostic-v2:P03
P03,2024-10-16,S1,False,no_legal_transition_triggered,bbde05d5-1eac-5645-9515-0beee130577d,NULL,historical-blind-v1-20261002-diagnostic-v2:P03
P03,2024-10-17,S1,False,no_legal_transition_triggered,bbde05d5-1eac-5645-9515-0beee130577d,NULL,historical-blind-v1-20261002-diagnostic-v2:P03
P03,2024-10-18,S0,False,candidate_failed,bbde05d5-1eac-5645-9515-0beee130577d,"{""from_state"": ""S1"", ""to_state"": ""S0"", ""trigger_rule"": ""candidate_failed"", ""trigger_date"": ""2024-10-18"", ""effective_date"": ""2024-10-18"", ""reason"": ""candidate_failed"", ""lifecycle_id"": ""bbde05d5-1eac-5645-9515-0beee130577d""}",historical-blind-v1-20261002-diagnostic-v2:P03
P03,2024-10-21,S0,False,no_legal_transition_triggered,bbde05d5-1eac-5645-9515-0beee130577d,NULL,historical-blind-v1-20261002-diagnostic-v2:P03
P03,2024-10-22,S0,False,no_legal_transition_triggered,bbde05d5-1eac-5645-9515-0beee130577d,NULL,historical-blind-v1-20261002-diagnostic-v2:P03
P03,2024-10-23,S0,False,no_legal_transition_triggered,bbde05d5-1eac-5645-9515-0beee130577d,NULL,historical-blind-v1-20261002-diagnostic-v2:P03
P03,2024-10-24,S0,False,no_legal_transition_triggered,bbde05d5-1eac-5645-9515-0beee130577d,NULL,historical-blind-v1-20261002-diagnostic-v2:P03
P03,2024-10-25,S0,False,no_legal_transition_triggered,bbde05d5-1eac-5645-9515-0beee130577d,NULL,historical-blind-v1-20261002-diagnostic-v2:P03
P03,2024-10-28,S0,False,no_legal_transition_triggered,bbde05d5-1eac-5645-9515-0beee130577d,NULL,historical-blind-v1-20261002-diagnostic-v2:P03
P03,2024-10-29,S0,False,no_legal_transition_triggered,bbde05d5-1eac-5645-9515-0beee130577d,NULL,historical-blind-v1-20261002-diagnostic-v2:P03
P03,2024-10-30,S0,False,no_legal_transition_triggered,bbde05d5-1eac-5645-9515-0beee130577d,NULL,historical-blind-v1-20261002-diagnostic-v2:P03
P03,2024-10-31,S0,False,no_legal_transition_triggered,bbde05d5-1eac-5645-9515-0beee130577d,NULL,historical-blind-v1-20261002-diagnostic-v2:P03
P03,2024-11-01,S0,False,no_legal_transition_triggered,bbde05d5-1eac-5645-9515-0beee130577d,NULL,historical-blind-v1-20261002-diagnostic-v2:P03
P03,2024-11-04,S0,False,no_legal_transition_triggered,bbde05d5-1eac-5645-9515-0beee130577d,NULL,historical-blind-v1-20261002-diagnostic-v2:P03
P03,2024-11-05,S0,False,no_legal_transition_triggered,bbde05d5-1eac-5645-9515-0beee130577d,NULL,historical-blind-v1-20261002-diagnostic-v2:P03
P03,2024-11-06,S0,False,no_legal_transition_triggered,bbde05d5-1eac-5645-9515-0beee130577d,NULL,historical-blind-v1-20261002-diagnostic-v2:P03
P03,2024-11-07,S0,False,no_legal_transition_triggered,bbde05d5-1eac-5645-9515-0beee130577d,NULL,historical-blind-v1-20261002-diagnostic-v2:P03
P03,2024-11-08,S0,False,no_legal_transition_triggered,bbde05d5-1eac-5645-9515-0beee130577d,NULL,historical-blind-v1-20261002-diagnostic-v2:P03
P03,2024-11-11,S0,False,no_legal_transition_triggered,bbde05d5-1eac-5645-9515-0beee130577d,NULL,historical-blind-v1-20261002-diagnostic-v2:P03
P03,2024-11-12,S0,False,no_legal_transition_triggered,bbde05d5-1eac-5645-9515-0beee130577d,NULL,historical-blind-v1-20261002-diagnostic-v2:P03
P03,2024-11-13,S0,False,no_legal_transition_triggered,bbde05d5-1eac-5645-9515-0beee130577d,NULL,historical-blind-v1-20261002-diagnostic-v2:P03
P03,2024-11-14,S1,False,candidate,3cfc5a3f-78af-5c11-aeb8-8dffcbab8ec8,"{""from_state"": ""S0"", ""to_state"": ""S1"", ""trigger_rule"": ""candidate"", ""trigger_date"": ""2024-11-14"", ""effective_date"": ""2024-11-14"", ""reason"": ""candidate"", ""lifecycle_id"": ""3cfc5a3f-78af-5c11-aeb8-8dffcbab8ec8""}",historical-blind-v1-20261002-diagnostic-v2:P03
P03,2024-11-15,S1,False,no_legal_transition_triggered,3cfc5a3f-78af-5c11-aeb8-8dffcbab8ec8,NULL,historical-blind-v1-20261002-diagnostic-v2:P03
P03,2024-11-18,S1,False,no_legal_transition_triggered,3cfc5a3f-78af-5c11-aeb8-8dffcbab8ec8,NULL,historical-blind-v1-20261002-diagnostic-v2:P03
P03,2024-11-19,S1,False,no_legal_transition_triggered,3cfc5a3f-78af-5c11-aeb8-8dffcbab8ec8,NULL,historical-blind-v1-20261002-diagnostic-v2:P03
P03,2024-11-20,S1,False,no_legal_transition_triggered,3cfc5a3f-78af-5c11-aeb8-8dffcbab8ec8,NULL,historical-blind-v1-20261002-diagnostic-v2:P03
P03,2024-11-21,S0,False,candidate_failed,3cfc5a3f-78af-5c11-aeb8-8dffcbab8ec8,"{""from_state"": ""S1"", ""to_state"": ""S0"", ""trigger_rule"": ""candidate_failed"", ""trigger_date"": ""2024-11-21"", ""effective_date"": ""2024-11-21"", ""reason"": ""candidate_failed"", ""lifecycle_id"": ""3cfc5a3f-78af-5c11-aeb8-8dffcbab8ec8""}",historical-blind-v1-20261002-diagnostic-v2:P03
P03,2024-11-22,S0,False,no_legal_transition_triggered,3cfc5a3f-78af-5c11-aeb8-8dffcbab8ec8,NULL,historical-blind-v1-20261002-diagnostic-v2:P03
P03,2024-11-25,S1,False,candidate,12a53d34-9c1b-592a-8ff7-0e6060624935,"{""from_state"": ""S0"", ""to_state"": ""S1"", ""trigger_rule"": ""candidate"", ""trigger_date"": ""2024-11-25"", ""effective_date"": ""2024-11-25"", ""reason"": ""candidate"", ""lifecycle_id"": ""12a53d34-9c1b-592a-8ff7-0e6060624935""}",historical-blind-v1-20261002-diagnostic-v2:P03
P03,2024-11-26,S1,False,no_legal_transition_triggered,12a53d34-9c1b-592a-8ff7-0e6060624935,NULL,historical-blind-v1-20261002-diagnostic-v2:P03
P03,2024-11-27,S1,False,no_legal_transition_triggered,12a53d34-9c1b-592a-8ff7-0e6060624935,NULL,historical-blind-v1-20261002-diagnostic-v2:P03
P03,2024-11-28,S0,False,candidate_failed,12a53d34-9c1b-592a-8ff7-0e6060624935,"{""from_state"": ""S1"", ""to_state"": ""S0"", ""trigger_rule"": ""candidate_failed"", ""trigger_date"": ""2024-11-28"", ""effective_date"": ""2024-11-28"", ""reason"": ""candidate_failed"", ""lifecycle_id"": ""12a53d34-9c1b-592a-8ff7-0e6060624935""}",historical-blind-v1-20261002-diagnostic-v2:P03
P03,2024-11-29,S0,False,no_legal_transition_triggered,12a53d34-9c1b-592a-8ff7-0e6060624935,NULL,historical-blind-v1-20261002-diagnostic-v2:P03
P03,2024-12-02,S0,False,no_legal_transition_triggered,12a53d34-9c1b-592a-8ff7-0e6060624935,NULL,historical-blind-v1-20261002-diagnostic-v2:P03
P03,2024-12-03,S0,False,no_legal_transition_triggered,12a53d34-9c1b-592a-8ff7-0e6060624935,NULL,historical-blind-v1-20261002-diagnostic-v2:P03
P03,2024-12-04,S0,False,no_legal_transition_triggered,12a53d34-9c1b-592a-8ff7-0e6060624935,NULL,historical-blind-v1-20261002-diagnostic-v2:P03
P03,2024-12-05,S0,False,no_legal_transition_triggered,12a53d34-9c1b-592a-8ff7-0e6060624935,NULL,historical-blind-v1-20261002-diagnostic-v2:P03
P03,2024-12-06,S1,False,candidate,6f750cec-77dc-5a2f-8280-4a375113c941,"{""from_state"": ""S0"", ""to_state"": ""S1"", ""trigger_rule"": ""candidate"", ""trigger_date"": ""2024-12-06"", ""effective_date"": ""2024-12-06"", ""reason"": ""candidate"", ""lifecycle_id"": ""6f750cec-77dc-5a2f-8280-4a375113c941""}",historical-blind-v1-20261002-diagnostic-v2:P03
P03,2024-12-09,S1,False,no_legal_transition_triggered,6f750cec-77dc-5a2f-8280-4a375113c941,NULL,historical-blind-v1-20261002-diagnostic-v2:P03
P03,2024-12-10,S1,False,no_legal_transition_triggered,6f750cec-77dc-5a2f-8280-4a375113c941,NULL,historical-blind-v1-20261002-diagnostic-v2:P03
P03,2024-12-11,S0,False,candidate_failed,6f750cec-77dc-5a2f-8280-4a375113c941,"{""from_state"": ""S1"", ""to_state"": ""S0"", ""trigger_rule"": ""candidate_failed"", ""trigger_date"": ""2024-12-11"", ""effective_date"": ""2024-12-11"", ""reason"": ""candidate_failed"", ""lifecycle_id"": ""6f750cec-77dc-5a2f-8280-4a375113c941""}",historical-blind-v1-20261002-diagnostic-v2:P03
P03,2024-12-12,S0,False,no_legal_transition_triggered,6f750cec-77dc-5a2f-8280-4a375113c941,NULL,historical-blind-v1-20261002-diagnostic-v2:P03
P03,2024-12-13,S0,False,no_legal_transition_triggered,6f750cec-77dc-5a2f-8280-4a375113c941,NULL,historical-blind-v1-20261002-diagnostic-v2:P03
P03,2024-12-16,S1,False,candidate,0327a97f-e6d1-526c-b67f-f927d339b54f,"{""from_state"": ""S0"", ""to_state"": ""S1"", ""trigger_rule"": ""candidate"", ""trigger_date"": ""2024-12-16"", ""effective_date"": ""2024-12-16"", ""reason"": ""candidate"", ""lifecycle_id"": ""0327a97f-e6d1-526c-b67f-f927d339b54f""}",historical-blind-v1-20261002-diagnostic-v2:P03
P03,2024-12-17,S1,False,no_legal_transition_triggered,0327a97f-e6d1-526c-b67f-f927d339b54f,NULL,historical-blind-v1-20261002-diagnostic-v2:P03
P03,2024-12-18,S1,False,no_legal_transition_triggered,0327a97f-e6d1-526c-b67f-f927d339b54f,NULL,historical-blind-v1-20261002-diagnostic-v2:P03
P03,2024-12-19,S1,False,no_legal_transition_triggered,0327a97f-e6d1-526c-b67f-f927d339b54f,NULL,historical-blind-v1-20261002-diagnostic-v2:P03
P03,2024-12-20,S1,False,no_legal_transition_triggered,0327a97f-e6d1-526c-b67f-f927d339b54f,NULL,historical-blind-v1-20261002-diagnostic-v2:P03
P03,2024-12-23,S1,False,no_legal_transition_triggered,0327a97f-e6d1-526c-b67f-f927d339b54f,NULL,historical-blind-v1-20261002-diagnostic-v2:P03
P03,2024-12-24,S1,False,no_legal_transition_triggered,0327a97f-e6d1-526c-b67f-f927d339b54f,NULL,historical-blind-v1-20261002-diagnostic-v2:P03
P03,2024-12-25,S1,False,no_legal_transition_triggered,0327a97f-e6d1-526c-b67f-f927d339b54f,NULL,historical-blind-v1-20261002-diagnostic-v2:P03
P03,2024-12-26,S1,False,no_legal_transition_triggered,0327a97f-e6d1-526c-b67f-f927d339b54f,NULL,historical-blind-v1-20261002-diagnostic-v2:P03
P03,2024-12-27,S1,False,no_legal_transition_triggered,0327a97f-e6d1-526c-b67f-f927d339b54f,NULL,historical-blind-v1-20261002-diagnostic-v2:P03
P03,2024-12-30,S1,False,no_legal_transition_triggered,0327a97f-e6d1-526c-b67f-f927d339b54f,NULL,historical-blind-v1-20261002-diagnostic-v2:P03
P03,2024-12-31,S1,False,no_legal_transition_triggered,0327a97f-e6d1-526c-b67f-f927d339b54f,NULL,historical-blind-v1-20261002-diagnostic-v2:P03
P03,2025-01-02,S1,False,no_legal_transition_triggered,0327a97f-e6d1-526c-b67f-f927d339b54f,NULL,historical-blind-v1-20261002-diagnostic-v2:P03
P03,2025-01-03,S1,False,no_legal_transition_triggered,0327a97f-e6d1-526c-b67f-f927d339b54f,NULL,historical-blind-v1-20261002-diagnostic-v2:P03
P03,2025-01-06,S1,False,no_legal_transition_triggered,0327a97f-e6d1-526c-b67f-f927d339b54f,NULL,historical-blind-v1-20261002-diagnostic-v2:P03
P03,2025-01-07,S1,False,no_legal_transition_triggered,0327a97f-e6d1-526c-b67f-f927d339b54f,NULL,historical-blind-v1-20261002-diagnostic-v2:P03
P03,2025-01-08,S1,False,no_legal_transition_triggered,0327a97f-e6d1-526c-b67f-f927d339b54f,NULL,historical-blind-v1-20261002-diagnostic-v2:P03
P03,2025-01-09,S1,False,no_legal_transition_triggered,0327a97f-e6d1-526c-b67f-f927d339b54f,NULL,historical-blind-v1-20261002-diagnostic-v2:P03
P03,2025-01-10,S1,False,no_legal_transition_triggered,0327a97f-e6d1-526c-b67f-f927d339b54f,NULL,historical-blind-v1-20261002-diagnostic-v2:P03
P03,2025-01-13,S0,False,candidate_failed,0327a97f-e6d1-526c-b67f-f927d339b54f,"{""from_state"": ""S1"", ""to_state"": ""S0"", ""trigger_rule"": ""candidate_failed"", ""trigger_date"": ""2025-01-13"", ""effective_date"": ""2025-01-13"", ""reason"": ""candidate_failed"", ""lifecycle_id"": ""0327a97f-e6d1-526c-b67f-f927d339b54f""}",historical-blind-v1-20261002-diagnostic-v2:P03
P03,2025-01-14,S0,False,no_legal_transition_triggered,0327a97f-e6d1-526c-b67f-f927d339b54f,NULL,historical-blind-v1-20261002-diagnostic-v2:P03
P03,2025-01-15,S0,False,no_legal_transition_triggered,0327a97f-e6d1-526c-b67f-f927d339b54f,NULL,historical-blind-v1-20261002-diagnostic-v2:P03
P03,2025-01-16,S1,False,candidate,613490a9-9543-53fe-8d25-0a82a895f6c9,"{""from_state"": ""S0"", ""to_state"": ""S1"", ""trigger_rule"": ""candidate"", ""trigger_date"": ""2025-01-16"", ""effective_date"": ""2025-01-16"", ""reason"": ""candidate"", ""lifecycle_id"": ""613490a9-9543-53fe-8d25-0a82a895f6c9""}",historical-blind-v1-20261002-diagnostic-v2:P03
P03,2025-01-17,S0,False,candidate_failed,613490a9-9543-53fe-8d25-0a82a895f6c9,"{""from_state"": ""S1"", ""to_state"": ""S0"", ""trigger_rule"": ""candidate_failed"", ""trigger_date"": ""2025-01-17"", ""effective_date"": ""2025-01-17"", ""reason"": ""candidate_failed"", ""lifecycle_id"": ""613490a9-9543-53fe-8d25-0a82a895f6c9""}",historical-blind-v1-20261002-diagnostic-v2:P03
P03,2025-01-20,S0,False,no_legal_transition_triggered,613490a9-9543-53fe-8d25-0a82a895f6c9,NULL,historical-blind-v1-20261002-diagnostic-v2:P03
P03,2025-01-21,S0,False,no_legal_transition_triggered,613490a9-9543-53fe-8d25-0a82a895f6c9,NULL,historical-blind-v1-20261002-diagnostic-v2:P03
P03,2025-01-22,S0,False,no_legal_transition_triggered,613490a9-9543-53fe-8d25-0a82a895f6c9,NULL,historical-blind-v1-20261002-diagnostic-v2:P03
P03,2025-01-23,S1,False,candidate,9d7d28f4-b275-5a18-98b6-8a2953be1b16,"{""from_state"": ""S0"", ""to_state"": ""S1"", ""trigger_rule"": ""candidate"", ""trigger_date"": ""2025-01-23"", ""effective_date"": ""2025-01-23"", ""reason"": ""candidate"", ""lifecycle_id"": ""9d7d28f4-b275-5a18-98b6-8a2953be1b16""}",historical-blind-v1-20261002-diagnostic-v2:P03
P03,2025-01-24,S0,False,candidate_failed,9d7d28f4-b275-5a18-98b6-8a2953be1b16,"{""from_state"": ""S1"", ""to_state"": ""S0"", ""trigger_rule"": ""candidate_failed"", ""trigger_date"": ""2025-01-24"", ""effective_date"": ""2025-01-24"", ""reason"": ""candidate_failed"", ""lifecycle_id"": ""9d7d28f4-b275-5a18-98b6-8a2953be1b16""}",historical-blind-v1-20261002-diagnostic-v2:P03
P03,2025-01-27,S1,False,candidate,d200b9f4-ad80-5bcc-9b9c-f72100b5559a,"{""from_state"": ""S0"", ""to_state"": ""S1"", ""trigger_rule"": ""candidate"", ""trigger_date"": ""2025-01-27"", ""effective_date"": ""2025-01-27"", ""reason"": ""candidate"", ""lifecycle_id"": ""d200b9f4-ad80-5bcc-9b9c-f72100b5559a""}",historical-blind-v1-20261002-diagnostic-v2:P03
P03,2025-02-05,S1,False,no_legal_transition_triggered,d200b9f4-ad80-5bcc-9b9c-f72100b5559a,NULL,historical-blind-v1-20261002-diagnostic-v2:P03
P03,2025-02-06,S0,False,candidate_failed,d200b9f4-ad80-5bcc-9b9c-f72100b5559a,"{""from_state"": ""S1"", ""to_state"": ""S0"", ""trigger_rule"": ""candidate_failed"", ""trigger_date"": ""2025-02-06"", ""effective_date"": ""2025-02-06"", ""reason"": ""candidate_failed"", ""lifecycle_id"": ""d200b9f4-ad80-5bcc-9b9c-f72100b5559a""}",historical-blind-v1-20261002-diagnostic-v2:P03
P04,2024-10-14,S0,False,no_legal_transition_triggered,5f50483a-67a7-5677-9ddd-02672e8cb628,NULL,historical-blind-v1-20261002-diagnostic-v2:P04
P04,2024-10-15,S1,False,candidate,7a249b9c-3922-5d28-a377-ce67c8e8b819,"{""from_state"": ""S0"", ""to_state"": ""S1"", ""trigger_rule"": ""candidate"", ""trigger_date"": ""2024-10-15"", ""effective_date"": ""2024-10-15"", ""reason"": ""candidate"", ""lifecycle_id"": ""7a249b9c-3922-5d28-a377-ce67c8e8b819""}",historical-blind-v1-20261002-diagnostic-v2:P04
P04,2024-10-16,S0,False,candidate_failed,7a249b9c-3922-5d28-a377-ce67c8e8b819,"{""from_state"": ""S1"", ""to_state"": ""S0"", ""trigger_rule"": ""candidate_failed"", ""trigger_date"": ""2024-10-16"", ""effective_date"": ""2024-10-16"", ""reason"": ""candidate_failed"", ""lifecycle_id"": ""7a249b9c-3922-5d28-a377-ce67c8e8b819""}",historical-blind-v1-20261002-diagnostic-v2:P04
P04,2024-10-17,S0,False,no_legal_transition_triggered,7a249b9c-3922-5d28-a377-ce67c8e8b819,NULL,historical-blind-v1-20261002-diagnostic-v2:P04
P04,2024-10-18,S0,False,no_legal_transition_triggered,7a249b9c-3922-5d28-a377-ce67c8e8b819,NULL,historical-blind-v1-20261002-diagnostic-v2:P04
P04,2024-10-21,S0,False,no_legal_transition_triggered,7a249b9c-3922-5d28-a377-ce67c8e8b819,NULL,historical-blind-v1-20261002-diagnostic-v2:P04
P04,2024-10-22,S0,False,no_legal_transition_triggered,7a249b9c-3922-5d28-a377-ce67c8e8b819,NULL,historical-blind-v1-20261002-diagnostic-v2:P04
P04,2024-10-23,S0,False,no_legal_transition_triggered,7a249b9c-3922-5d28-a377-ce67c8e8b819,NULL,historical-blind-v1-20261002-diagnostic-v2:P04
P04,2024-10-24,S0,False,no_legal_transition_triggered,7a249b9c-3922-5d28-a377-ce67c8e8b819,NULL,historical-blind-v1-20261002-diagnostic-v2:P04
P04,2024-10-25,S0,False,no_legal_transition_triggered,7a249b9c-3922-5d28-a377-ce67c8e8b819,NULL,historical-blind-v1-20261002-diagnostic-v2:P04
P04,2024-10-28,S1,False,candidate,742e60f8-2115-5a03-b21d-49353b683ada,"{""from_state"": ""S0"", ""to_state"": ""S1"", ""trigger_rule"": ""candidate"", ""trigger_date"": ""2024-10-28"", ""effective_date"": ""2024-10-28"", ""reason"": ""candidate"", ""lifecycle_id"": ""742e60f8-2115-5a03-b21d-49353b683ada""}",historical-blind-v1-20261002-diagnostic-v2:P04
P04,2024-10-29,S1,False,no_legal_transition_triggered,742e60f8-2115-5a03-b21d-49353b683ada,NULL,historical-blind-v1-20261002-diagnostic-v2:P04
P04,2024-10-30,S1,True,rule_evidence_unavailable:confirm,742e60f8-2115-5a03-b21d-49353b683ada,NULL,historical-blind-v1-20261002-diagnostic-v2:P04
P04,2024-10-31,S1,False,freeze_recovery_first_session_no_transition,742e60f8-2115-5a03-b21d-49353b683ada,NULL,historical-blind-v1-20261002-diagnostic-v2:P04
P04,2024-11-01,S1,False,no_legal_transition_triggered,742e60f8-2115-5a03-b21d-49353b683ada,NULL,historical-blind-v1-20261002-diagnostic-v2:P04
P04,2024-11-04,S1,False,no_legal_transition_triggered,742e60f8-2115-5a03-b21d-49353b683ada,NULL,historical-blind-v1-20261002-diagnostic-v2:P04
P04,2024-11-05,S1,False,no_legal_transition_triggered,742e60f8-2115-5a03-b21d-49353b683ada,NULL,historical-blind-v1-20261002-diagnostic-v2:P04
P04,2024-11-06,S1,False,no_legal_transition_triggered,742e60f8-2115-5a03-b21d-49353b683ada,NULL,historical-blind-v1-20261002-diagnostic-v2:P04
P04,2024-11-07,S1,False,no_legal_transition_triggered,742e60f8-2115-5a03-b21d-49353b683ada,NULL,historical-blind-v1-20261002-diagnostic-v2:P04
P04,2024-11-08,S1,False,no_legal_transition_triggered,742e60f8-2115-5a03-b21d-49353b683ada,NULL,historical-blind-v1-20261002-diagnostic-v2:P04
P04,2024-11-11,S1,False,no_legal_transition_triggered,742e60f8-2115-5a03-b21d-49353b683ada,NULL,historical-blind-v1-20261002-diagnostic-v2:P04
P04,2024-11-12,S1,False,no_legal_transition_triggered,742e60f8-2115-5a03-b21d-49353b683ada,NULL,historical-blind-v1-20261002-diagnostic-v2:P04
P04,2024-11-13,S1,False,no_legal_transition_triggered,742e60f8-2115-5a03-b21d-49353b683ada,NULL,historical-blind-v1-20261002-diagnostic-v2:P04
P04,2024-11-14,S1,False,no_legal_transition_triggered,742e60f8-2115-5a03-b21d-49353b683ada,NULL,historical-blind-v1-20261002-diagnostic-v2:P04
P04,2024-11-15,S0,False,candidate_failed,742e60f8-2115-5a03-b21d-49353b683ada,"{""from_state"": ""S1"", ""to_state"": ""S0"", ""trigger_rule"": ""candidate_failed"", ""trigger_date"": ""2024-11-15"", ""effective_date"": ""2024-11-15"", ""reason"": ""candidate_failed"", ""lifecycle_id"": ""742e60f8-2115-5a03-b21d-49353b683ada""}",historical-blind-v1-20261002-diagnostic-v2:P04
P04,2024-11-18,S1,False,candidate,6b4c7de4-75a6-5f67-9071-fdbc330a7817,"{""from_state"": ""S0"", ""to_state"": ""S1"", ""trigger_rule"": ""candidate"", ""trigger_date"": ""2024-11-18"", ""effective_date"": ""2024-11-18"", ""reason"": ""candidate"", ""lifecycle_id"": ""6b4c7de4-75a6-5f67-9071-fdbc330a7817""}",historical-blind-v1-20261002-diagnostic-v2:P04
P04,2024-11-19,S1,False,no_legal_transition_triggered,6b4c7de4-75a6-5f67-9071-fdbc330a7817,NULL,historical-blind-v1-20261002-diagnostic-v2:P04
P04,2024-11-20,S1,False,no_legal_transition_triggered,6b4c7de4-75a6-5f67-9071-fdbc330a7817,NULL,historical-blind-v1-20261002-diagnostic-v2:P04
P04,2024-11-21,S1,False,no_legal_transition_triggered,6b4c7de4-75a6-5f67-9071-fdbc330a7817,NULL,historical-blind-v1-20261002-diagnostic-v2:P04
P04,2024-11-22,S1,False,no_legal_transition_triggered,6b4c7de4-75a6-5f67-9071-fdbc330a7817,NULL,historical-blind-v1-20261002-diagnostic-v2:P04
P04,2024-11-25,S1,False,no_legal_transition_triggered,6b4c7de4-75a6-5f67-9071-fdbc330a7817,NULL,historical-blind-v1-20261002-diagnostic-v2:P04
P04,2024-11-26,S1,False,no_legal_transition_triggered,6b4c7de4-75a6-5f67-9071-fdbc330a7817,NULL,historical-blind-v1-20261002-diagnostic-v2:P04
P04,2024-11-27,S1,False,no_legal_transition_triggered,6b4c7de4-75a6-5f67-9071-fdbc330a7817,NULL,historical-blind-v1-20261002-diagnostic-v2:P04
P04,2024-11-28,S2,False,confirm,6b4c7de4-75a6-5f67-9071-fdbc330a7817,"{""from_state"": ""S1"", ""to_state"": ""S2"", ""trigger_rule"": ""confirm"", ""trigger_date"": ""2024-11-28"", ""effective_date"": ""2024-11-28"", ""reason"": ""confirm"", ""lifecycle_id"": ""6b4c7de4-75a6-5f67-9071-fdbc330a7817""}",historical-blind-v1-20261002-diagnostic-v2:P04
P04,2024-11-29,S2,False,no_legal_transition_triggered,6b4c7de4-75a6-5f67-9071-fdbc330a7817,NULL,historical-blind-v1-20261002-diagnostic-v2:P04
P04,2024-12-02,S2,False,no_legal_transition_triggered,6b4c7de4-75a6-5f67-9071-fdbc330a7817,NULL,historical-blind-v1-20261002-diagnostic-v2:P04
P04,2024-12-03,S2,False,no_legal_transition_triggered,6b4c7de4-75a6-5f67-9071-fdbc330a7817,NULL,historical-blind-v1-20261002-diagnostic-v2:P04
P04,2024-12-04,S2,False,no_legal_transition_triggered,6b4c7de4-75a6-5f67-9071-fdbc330a7817,NULL,historical-blind-v1-20261002-diagnostic-v2:P04
P04,2024-12-05,S3,False,weaken,6b4c7de4-75a6-5f67-9071-fdbc330a7817,"{""from_state"": ""S2"", ""to_state"": ""S3"", ""trigger_rule"": ""weaken"", ""trigger_date"": ""2024-12-05"", ""effective_date"": ""2024-12-05"", ""reason"": ""weaken"", ""lifecycle_id"": ""6b4c7de4-75a6-5f67-9071-fdbc330a7817""}",historical-blind-v1-20261002-diagnostic-v2:P04
P04,2024-12-06,S3,False,no_legal_transition_triggered,6b4c7de4-75a6-5f67-9071-fdbc330a7817,NULL,historical-blind-v1-20261002-diagnostic-v2:P04
P04,2024-12-09,S3,False,no_legal_transition_triggered,6b4c7de4-75a6-5f67-9071-fdbc330a7817,NULL,historical-blind-v1-20261002-diagnostic-v2:P04
P04,2024-12-10,S3,False,recover_requires_two_or_retire_requires_three_sessions,6b4c7de4-75a6-5f67-9071-fdbc330a7817,NULL,historical-blind-v1-20261002-diagnostic-v2:P04
P04,2024-12-11,S2,False,recover,6b4c7de4-75a6-5f67-9071-fdbc330a7817,"{""from_state"": ""S3"", ""to_state"": ""S2"", ""trigger_rule"": ""recover"", ""trigger_date"": ""2024-12-11"", ""effective_date"": ""2024-12-11"", ""reason"": ""recover"", ""lifecycle_id"": ""6b4c7de4-75a6-5f67-9071-fdbc330a7817""}",historical-blind-v1-20261002-diagnostic-v2:P04
P04,2024-12-12,S2,False,no_legal_transition_triggered,6b4c7de4-75a6-5f67-9071-fdbc330a7817,NULL,historical-blind-v1-20261002-diagnostic-v2:P04
P04,2024-12-13,S2,False,no_legal_transition_triggered,6b4c7de4-75a6-5f67-9071-fdbc330a7817,NULL,historical-blind-v1-20261002-diagnostic-v2:P04
P04,2024-12-16,S2,False,no_legal_transition_triggered,6b4c7de4-75a6-5f67-9071-fdbc330a7817,NULL,historical-blind-v1-20261002-diagnostic-v2:P04
P04,2024-12-17,S2,False,no_legal_transition_triggered,6b4c7de4-75a6-5f67-9071-fdbc330a7817,NULL,historical-blind-v1-20261002-diagnostic-v2:P04
P04,2024-12-18,S2,False,no_legal_transition_triggered,6b4c7de4-75a6-5f67-9071-fdbc330a7817,NULL,historical-blind-v1-20261002-diagnostic-v2:P04
P04,2024-12-19,S3,False,weaken,6b4c7de4-75a6-5f67-9071-fdbc330a7817,"{""from_state"": ""S2"", ""to_state"": ""S3"", ""trigger_rule"": ""weaken"", ""trigger_date"": ""2024-12-19"", ""effective_date"": ""2024-12-19"", ""reason"": ""weaken"", ""lifecycle_id"": ""6b4c7de4-75a6-5f67-9071-fdbc330a7817""}",historical-blind-v1-20261002-diagnostic-v2:P04
P04,2024-12-20,S3,False,no_legal_transition_triggered,6b4c7de4-75a6-5f67-9071-fdbc330a7817,NULL,historical-blind-v1-20261002-diagnostic-v2:P04
P04,2024-12-23,S3,False,no_legal_transition_triggered,6b4c7de4-75a6-5f67-9071-fdbc330a7817,NULL,historical-blind-v1-20261002-diagnostic-v2:P04
P04,2024-12-24,S3,False,no_legal_transition_triggered,6b4c7de4-75a6-5f67-9071-fdbc330a7817,NULL,historical-blind-v1-20261002-diagnostic-v2:P04
P04,2024-12-25,S3,False,no_legal_transition_triggered,6b4c7de4-75a6-5f67-9071-fdbc330a7817,NULL,historical-blind-v1-20261002-diagnostic-v2:P04
P04,2024-12-26,S3,False,no_legal_transition_triggered,6b4c7de4-75a6-5f67-9071-fdbc330a7817,NULL,historical-blind-v1-20261002-diagnostic-v2:P04
P04,2024-12-27,S3,False,no_legal_transition_triggered,6b4c7de4-75a6-5f67-9071-fdbc330a7817,NULL,historical-blind-v1-20261002-diagnostic-v2:P04
P04,2024-12-30,S3,False,recover_requires_two_or_retire_requires_three_sessions,6b4c7de4-75a6-5f67-9071-fdbc330a7817,NULL,historical-blind-v1-20261002-diagnostic-v2:P04
P04,2024-12-31,S3,False,no_legal_transition_triggered,6b4c7de4-75a6-5f67-9071-fdbc330a7817,NULL,historical-blind-v1-20261002-diagnostic-v2:P04
P04,2025-01-02,S3,False,recover_requires_two_or_retire_requires_three_sessions,6b4c7de4-75a6-5f67-9071-fdbc330a7817,NULL,historical-blind-v1-20261002-diagnostic-v2:P04
P04,2025-01-03,S3,False,no_legal_transition_triggered,6b4c7de4-75a6-5f67-9071-fdbc330a7817,NULL,historical-blind-v1-20261002-diagnostic-v2:P04
P04,2025-01-06,S3,False,no_legal_transition_triggered,6b4c7de4-75a6-5f67-9071-fdbc330a7817,NULL,historical-blind-v1-20261002-diagnostic-v2:P04
P04,2025-01-07,S3,False,no_legal_transition_triggered,6b4c7de4-75a6-5f67-9071-fdbc330a7817,NULL,historical-blind-v1-20261002-diagnostic-v2:P04
P04,2025-01-08,S3,False,no_legal_transition_triggered,6b4c7de4-75a6-5f67-9071-fdbc330a7817,NULL,historical-blind-v1-20261002-diagnostic-v2:P04
P04,2025-01-09,S3,False,no_legal_transition_triggered,6b4c7de4-75a6-5f67-9071-fdbc330a7817,NULL,historical-blind-v1-20261002-diagnostic-v2:P04
P04,2025-01-10,S3,False,recover_requires_two_or_retire_requires_three_sessions,6b4c7de4-75a6-5f67-9071-fdbc330a7817,NULL,historical-blind-v1-20261002-diagnostic-v2:P04
P04,2025-01-13,S3,False,recover_requires_two_or_retire_requires_three_sessions,6b4c7de4-75a6-5f67-9071-fdbc330a7817,NULL,historical-blind-v1-20261002-diagnostic-v2:P04
P04,2025-01-14,S4,False,retire,6b4c7de4-75a6-5f67-9071-fdbc330a7817,"{""from_state"": ""S3"", ""to_state"": ""S4"", ""trigger_rule"": ""retire"", ""trigger_date"": ""2025-01-14"", ""effective_date"": ""2025-01-14"", ""reason"": ""retire"", ""lifecycle_id"": ""6b4c7de4-75a6-5f67-9071-fdbc330a7817""}",historical-blind-v1-20261002-diagnostic-v2:P04
P05,2024-10-14,S0,False,no_legal_transition_triggered,205bb035-04d3-5069-bb67-15fb305920d6,NULL,historical-blind-v1-20261002-diagnostic-v2:P05
P05,2024-10-15,S0,False,no_legal_transition_triggered,205bb035-04d3-5069-bb67-15fb305920d6,NULL,historical-blind-v1-20261002-diagnostic-v2:P05
P05,2024-10-16,S0,False,no_legal_transition_triggered,205bb035-04d3-5069-bb67-15fb305920d6,NULL,historical-blind-v1-20261002-diagnostic-v2:P05
P05,2024-10-17,S0,False,no_legal_transition_triggered,205bb035-04d3-5069-bb67-15fb305920d6,NULL,historical-blind-v1-20261002-diagnostic-v2:P05
P05,2024-10-18,S0,False,no_legal_transition_triggered,205bb035-04d3-5069-bb67-15fb305920d6,NULL,historical-blind-v1-20261002-diagnostic-v2:P05
P05,2024-10-21,S1,False,candidate,2a13c140-9049-5200-a98c-f55c1cd3a32b,"{""from_state"": ""S0"", ""to_state"": ""S1"", ""trigger_rule"": ""candidate"", ""trigger_date"": ""2024-10-21"", ""effective_date"": ""2024-10-21"", ""reason"": ""candidate"", ""lifecycle_id"": ""2a13c140-9049-5200-a98c-f55c1cd3a32b""}",historical-blind-v1-20261002-diagnostic-v2:P05
P05,2024-10-22,S0,False,candidate_failed,2a13c140-9049-5200-a98c-f55c1cd3a32b,"{""from_state"": ""S1"", ""to_state"": ""S0"", ""trigger_rule"": ""candidate_failed"", ""trigger_date"": ""2024-10-22"", ""effective_date"": ""2024-10-22"", ""reason"": ""candidate_failed"", ""lifecycle_id"": ""2a13c140-9049-5200-a98c-f55c1cd3a32b""}",historical-blind-v1-20261002-diagnostic-v2:P05
P05,2024-10-23,S0,False,no_legal_transition_triggered,2a13c140-9049-5200-a98c-f55c1cd3a32b,NULL,historical-blind-v1-20261002-diagnostic-v2:P05
P05,2024-10-24,S0,False,no_legal_transition_triggered,2a13c140-9049-5200-a98c-f55c1cd3a32b,NULL,historical-blind-v1-20261002-diagnostic-v2:P05
P05,2024-10-25,S0,False,no_legal_transition_triggered,2a13c140-9049-5200-a98c-f55c1cd3a32b,NULL,historical-blind-v1-20261002-diagnostic-v2:P05
P05,2024-10-28,S0,False,no_legal_transition_triggered,2a13c140-9049-5200-a98c-f55c1cd3a32b,NULL,historical-blind-v1-20261002-diagnostic-v2:P05
P05,2024-10-29,S1,False,candidate,34d89f32-74ff-5b07-b309-c30464e2d2d8,"{""from_state"": ""S0"", ""to_state"": ""S1"", ""trigger_rule"": ""candidate"", ""trigger_date"": ""2024-10-29"", ""effective_date"": ""2024-10-29"", ""reason"": ""candidate"", ""lifecycle_id"": ""34d89f32-74ff-5b07-b309-c30464e2d2d8""}",historical-blind-v1-20261002-diagnostic-v2:P05
P05,2024-10-30,S1,False,no_legal_transition_triggered,34d89f32-74ff-5b07-b309-c30464e2d2d8,NULL,historical-blind-v1-20261002-diagnostic-v2:P05
P05,2024-10-31,S0,False,candidate_failed,34d89f32-74ff-5b07-b309-c30464e2d2d8,"{""from_state"": ""S1"", ""to_state"": ""S0"", ""trigger_rule"": ""candidate_failed"", ""trigger_date"": ""2024-10-31"", ""effective_date"": ""2024-10-31"", ""reason"": ""candidate_failed"", ""lifecycle_id"": ""34d89f32-74ff-5b07-b309-c30464e2d2d8""}",historical-blind-v1-20261002-diagnostic-v2:P05
P05,2024-11-01,S1,False,candidate,15efb219-ac4c-5aa8-bcdd-206adb413974,"{""from_state"": ""S0"", ""to_state"": ""S1"", ""trigger_rule"": ""candidate"", ""trigger_date"": ""2024-11-01"", ""effective_date"": ""2024-11-01"", ""reason"": ""candidate"", ""lifecycle_id"": ""15efb219-ac4c-5aa8-bcdd-206adb413974""}",historical-blind-v1-20261002-diagnostic-v2:P05
P05,2024-11-04,S0,False,candidate_failed,15efb219-ac4c-5aa8-bcdd-206adb413974,"{""from_state"": ""S1"", ""to_state"": ""S0"", ""trigger_rule"": ""candidate_failed"", ""trigger_date"": ""2024-11-04"", ""effective_date"": ""2024-11-04"", ""reason"": ""candidate_failed"", ""lifecycle_id"": ""15efb219-ac4c-5aa8-bcdd-206adb413974""}",historical-blind-v1-20261002-diagnostic-v2:P05
P05,2024-11-05,S0,False,no_legal_transition_triggered,15efb219-ac4c-5aa8-bcdd-206adb413974,NULL,historical-blind-v1-20261002-diagnostic-v2:P05
P05,2024-11-06,S0,False,no_legal_transition_triggered,15efb219-ac4c-5aa8-bcdd-206adb413974,NULL,historical-blind-v1-20261002-diagnostic-v2:P05
P05,2024-11-07,S1,False,candidate,a899d17e-6b24-5c28-a024-73ec2d1a8cb9,"{""from_state"": ""S0"", ""to_state"": ""S1"", ""trigger_rule"": ""candidate"", ""trigger_date"": ""2024-11-07"", ""effective_date"": ""2024-11-07"", ""reason"": ""candidate"", ""lifecycle_id"": ""a899d17e-6b24-5c28-a024-73ec2d1a8cb9""}",historical-blind-v1-20261002-diagnostic-v2:P05
P05,2024-11-08,S1,False,no_legal_transition_triggered,a899d17e-6b24-5c28-a024-73ec2d1a8cb9,NULL,historical-blind-v1-20261002-diagnostic-v2:P05
P05,2024-11-11,S0,False,candidate_failed,a899d17e-6b24-5c28-a024-73ec2d1a8cb9,"{""from_state"": ""S1"", ""to_state"": ""S0"", ""trigger_rule"": ""candidate_failed"", ""trigger_date"": ""2024-11-11"", ""effective_date"": ""2024-11-11"", ""reason"": ""candidate_failed"", ""lifecycle_id"": ""a899d17e-6b24-5c28-a024-73ec2d1a8cb9""}",historical-blind-v1-20261002-diagnostic-v2:P05
P05,2024-11-12,S0,False,no_legal_transition_triggered,a899d17e-6b24-5c28-a024-73ec2d1a8cb9,NULL,historical-blind-v1-20261002-diagnostic-v2:P05
P05,2024-11-13,S0,False,no_legal_transition_triggered,a899d17e-6b24-5c28-a024-73ec2d1a8cb9,NULL,historical-blind-v1-20261002-diagnostic-v2:P05
P05,2024-11-14,S0,False,no_legal_transition_triggered,a899d17e-6b24-5c28-a024-73ec2d1a8cb9,NULL,historical-blind-v1-20261002-diagnostic-v2:P05
P05,2024-11-15,S1,False,candidate,4ff5ca1e-a9ca-520b-899f-3e8a6f1ebbcd,"{""from_state"": ""S0"", ""to_state"": ""S1"", ""trigger_rule"": ""candidate"", ""trigger_date"": ""2024-11-15"", ""effective_date"": ""2024-11-15"", ""reason"": ""candidate"", ""lifecycle_id"": ""4ff5ca1e-a9ca-520b-899f-3e8a6f1ebbcd""}",historical-blind-v1-20261002-diagnostic-v2:P05
P05,2024-11-18,S0,False,candidate_failed,4ff5ca1e-a9ca-520b-899f-3e8a6f1ebbcd,"{""from_state"": ""S1"", ""to_state"": ""S0"", ""trigger_rule"": ""candidate_failed"", ""trigger_date"": ""2024-11-18"", ""effective_date"": ""2024-11-18"", ""reason"": ""candidate_failed"", ""lifecycle_id"": ""4ff5ca1e-a9ca-520b-899f-3e8a6f1ebbcd""}",historical-blind-v1-20261002-diagnostic-v2:P05
P05,2024-11-19,S0,False,no_legal_transition_triggered,4ff5ca1e-a9ca-520b-899f-3e8a6f1ebbcd,NULL,historical-blind-v1-20261002-diagnostic-v2:P05
P05,2024-11-20,S0,False,no_legal_transition_triggered,4ff5ca1e-a9ca-520b-899f-3e8a6f1ebbcd,NULL,historical-blind-v1-20261002-diagnostic-v2:P05
P05,2024-11-21,S0,False,no_legal_transition_triggered,4ff5ca1e-a9ca-520b-899f-3e8a6f1ebbcd,NULL,historical-blind-v1-20261002-diagnostic-v2:P05
P05,2024-11-22,S0,False,no_legal_transition_triggered,4ff5ca1e-a9ca-520b-899f-3e8a6f1ebbcd,NULL,historical-blind-v1-20261002-diagnostic-v2:P05
P05,2024-11-25,S1,False,candidate,e40551e8-94cf-5976-bb17-b3ed077980ca,"{""from_state"": ""S0"", ""to_state"": ""S1"", ""trigger_rule"": ""candidate"", ""trigger_date"": ""2024-11-25"", ""effective_date"": ""2024-11-25"", ""reason"": ""candidate"", ""lifecycle_id"": ""e40551e8-94cf-5976-bb17-b3ed077980ca""}",historical-blind-v1-20261002-diagnostic-v2:P05
P05,2024-11-26,S1,False,no_legal_transition_triggered,e40551e8-94cf-5976-bb17-b3ed077980ca,NULL,historical-blind-v1-20261002-diagnostic-v2:P05
P05,2024-11-27,S1,False,no_legal_transition_triggered,e40551e8-94cf-5976-bb17-b3ed077980ca,NULL,historical-blind-v1-20261002-diagnostic-v2:P05
P05,2024-11-28,S1,False,no_legal_transition_triggered,e40551e8-94cf-5976-bb17-b3ed077980ca,NULL,historical-blind-v1-20261002-diagnostic-v2:P05
P05,2024-11-29,S0,False,candidate_failed,e40551e8-94cf-5976-bb17-b3ed077980ca,"{""from_state"": ""S1"", ""to_state"": ""S0"", ""trigger_rule"": ""candidate_failed"", ""trigger_date"": ""2024-11-29"", ""effective_date"": ""2024-11-29"", ""reason"": ""candidate_failed"", ""lifecycle_id"": ""e40551e8-94cf-5976-bb17-b3ed077980ca""}",historical-blind-v1-20261002-diagnostic-v2:P05
P05,2024-12-02,S1,False,candidate,b53fbf88-5e41-5b7c-93e2-cf67b34bddb4,"{""from_state"": ""S0"", ""to_state"": ""S1"", ""trigger_rule"": ""candidate"", ""trigger_date"": ""2024-12-02"", ""effective_date"": ""2024-12-02"", ""reason"": ""candidate"", ""lifecycle_id"": ""b53fbf88-5e41-5b7c-93e2-cf67b34bddb4""}",historical-blind-v1-20261002-diagnostic-v2:P05
P05,2024-12-03,S1,False,no_legal_transition_triggered,b53fbf88-5e41-5b7c-93e2-cf67b34bddb4,NULL,historical-blind-v1-20261002-diagnostic-v2:P05
P05,2024-12-04,S0,False,candidate_failed,b53fbf88-5e41-5b7c-93e2-cf67b34bddb4,"{""from_state"": ""S1"", ""to_state"": ""S0"", ""trigger_rule"": ""candidate_failed"", ""trigger_date"": ""2024-12-04"", ""effective_date"": ""2024-12-04"", ""reason"": ""candidate_failed"", ""lifecycle_id"": ""b53fbf88-5e41-5b7c-93e2-cf67b34bddb4""}",historical-blind-v1-20261002-diagnostic-v2:P05
P05,2024-12-05,S1,False,candidate,5eea48eb-26c5-5b50-a9c9-8678ca48f998,"{""from_state"": ""S0"", ""to_state"": ""S1"", ""trigger_rule"": ""candidate"", ""trigger_date"": ""2024-12-05"", ""effective_date"": ""2024-12-05"", ""reason"": ""candidate"", ""lifecycle_id"": ""5eea48eb-26c5-5b50-a9c9-8678ca48f998""}",historical-blind-v1-20261002-diagnostic-v2:P05
P05,2024-12-06,S1,False,no_legal_transition_triggered,5eea48eb-26c5-5b50-a9c9-8678ca48f998,NULL,historical-blind-v1-20261002-diagnostic-v2:P05
P05,2024-12-09,S1,False,no_legal_transition_triggered,5eea48eb-26c5-5b50-a9c9-8678ca48f998,NULL,historical-blind-v1-20261002-diagnostic-v2:P05
P05,2024-12-10,S1,False,no_legal_transition_triggered,5eea48eb-26c5-5b50-a9c9-8678ca48f998,NULL,historical-blind-v1-20261002-diagnostic-v2:P05
P05,2024-12-11,S1,False,no_legal_transition_triggered,5eea48eb-26c5-5b50-a9c9-8678ca48f998,NULL,historical-blind-v1-20261002-diagnostic-v2:P05
P05,2024-12-12,S1,False,no_legal_transition_triggered,5eea48eb-26c5-5b50-a9c9-8678ca48f998,NULL,historical-blind-v1-20261002-diagnostic-v2:P05
P05,2024-12-13,S2,False,confirm,5eea48eb-26c5-5b50-a9c9-8678ca48f998,"{""from_state"": ""S1"", ""to_state"": ""S2"", ""trigger_rule"": ""confirm"", ""trigger_date"": ""2024-12-13"", ""effective_date"": ""2024-12-13"", ""reason"": ""confirm"", ""lifecycle_id"": ""5eea48eb-26c5-5b50-a9c9-8678ca48f998""}",historical-blind-v1-20261002-diagnostic-v2:P05
P05,2024-12-16,S2,False,no_legal_transition_triggered,5eea48eb-26c5-5b50-a9c9-8678ca48f998,NULL,historical-blind-v1-20261002-diagnostic-v2:P05
P05,2024-12-17,S2,False,no_legal_transition_triggered,5eea48eb-26c5-5b50-a9c9-8678ca48f998,NULL,historical-blind-v1-20261002-diagnostic-v2:P05
P05,2024-12-18,S2,False,no_legal_transition_triggered,5eea48eb-26c5-5b50-a9c9-8678ca48f998,NULL,historical-blind-v1-20261002-diagnostic-v2:P05
P05,2024-12-19,S2,False,no_legal_transition_triggered,5eea48eb-26c5-5b50-a9c9-8678ca48f998,NULL,historical-blind-v1-20261002-diagnostic-v2:P05
P05,2024-12-20,S3,False,weaken,5eea48eb-26c5-5b50-a9c9-8678ca48f998,"{""from_state"": ""S2"", ""to_state"": ""S3"", ""trigger_rule"": ""weaken"", ""trigger_date"": ""2024-12-20"", ""effective_date"": ""2024-12-20"", ""reason"": ""weaken"", ""lifecycle_id"": ""5eea48eb-26c5-5b50-a9c9-8678ca48f998""}",historical-blind-v1-20261002-diagnostic-v2:P05
P05,2024-12-23,S3,False,no_legal_transition_triggered,5eea48eb-26c5-5b50-a9c9-8678ca48f998,NULL,historical-blind-v1-20261002-diagnostic-v2:P05
P05,2024-12-24,S3,False,recover_requires_two_or_retire_requires_three_sessions,5eea48eb-26c5-5b50-a9c9-8678ca48f998,NULL,historical-blind-v1-20261002-diagnostic-v2:P05
P05,2024-12-25,S3,False,recover_requires_two_or_retire_requires_three_sessions,5eea48eb-26c5-5b50-a9c9-8678ca48f998,NULL,historical-blind-v1-20261002-diagnostic-v2:P05
P05,2024-12-26,S4,False,retire,5eea48eb-26c5-5b50-a9c9-8678ca48f998,"{""from_state"": ""S3"", ""to_state"": ""S4"", ""trigger_rule"": ""retire"", ""trigger_date"": ""2024-12-26"", ""effective_date"": ""2024-12-26"", ""reason"": ""retire"", ""lifecycle_id"": ""5eea48eb-26c5-5b50-a9c9-8678ca48f998""}",historical-blind-v1-20261002-diagnostic-v2:P05
P05,2024-12-27,S4,False,no_legal_transition_triggered,5eea48eb-26c5-5b50-a9c9-8678ca48f998,NULL,historical-blind-v1-20261002-diagnostic-v2:P05
P05,2024-12-30,S4,False,no_legal_transition_triggered,5eea48eb-26c5-5b50-a9c9-8678ca48f998,NULL,historical-blind-v1-20261002-diagnostic-v2:P05
P05,2024-12-31,S4,False,no_legal_transition_triggered,5eea48eb-26c5-5b50-a9c9-8678ca48f998,NULL,historical-blind-v1-20261002-diagnostic-v2:P05
P05,2025-01-02,S1,False,new_lifecycle_reentry,0b230575-6556-52bb-ab24-4a6bfbb634ae,"{""from_state"": ""S4"", ""to_state"": ""S1"", ""trigger_rule"": ""new_lifecycle_reentry"", ""trigger_date"": ""2025-01-02"", ""effective_date"": ""2025-01-02"", ""reason"": ""new_lifecycle_reentry"", ""lifecycle_id"": ""0b230575-6556-52bb-ab24-4a6bfbb634ae""}",historical-blind-v1-20261002-diagnostic-v2:P05
P05,2025-01-03,S0,False,candidate_failed,0b230575-6556-52bb-ab24-4a6bfbb634ae,"{""from_state"": ""S1"", ""to_state"": ""S0"", ""trigger_rule"": ""candidate_failed"", ""trigger_date"": ""2025-01-03"", ""effective_date"": ""2025-01-03"", ""reason"": ""candidate_failed"", ""lifecycle_id"": ""0b230575-6556-52bb-ab24-4a6bfbb634ae""}",historical-blind-v1-20261002-diagnostic-v2:P05
P05,2025-01-06,S0,False,no_legal_transition_triggered,0b230575-6556-52bb-ab24-4a6bfbb634ae,NULL,historical-blind-v1-20261002-diagnostic-v2:P05
P05,2025-01-07,S0,False,no_legal_transition_triggered,0b230575-6556-52bb-ab24-4a6bfbb634ae,NULL,historical-blind-v1-20261002-diagnostic-v2:P05
P05,2025-01-08,S0,False,no_legal_transition_triggered,0b230575-6556-52bb-ab24-4a6bfbb634ae,NULL,historical-blind-v1-20261002-diagnostic-v2:P05
P05,2025-01-09,S0,False,no_legal_transition_triggered,0b230575-6556-52bb-ab24-4a6bfbb634ae,NULL,historical-blind-v1-20261002-diagnostic-v2:P05
P05,2025-01-10,S0,False,no_legal_transition_triggered,0b230575-6556-52bb-ab24-4a6bfbb634ae,NULL,historical-blind-v1-20261002-diagnostic-v2:P05
P05,2025-01-13,S0,False,no_legal_transition_triggered,0b230575-6556-52bb-ab24-4a6bfbb634ae,NULL,historical-blind-v1-20261002-diagnostic-v2:P05
P05,2025-01-14,S0,False,no_legal_transition_triggered,0b230575-6556-52bb-ab24-4a6bfbb634ae,NULL,historical-blind-v1-20261002-diagnostic-v2:P05
P06,2024-12-16,S0,False,no_legal_transition_triggered,8ddc6c4d-946d-559f-952c-51c5ee2bcd64,NULL,historical-blind-v1-20261002-diagnostic-v2:P06
P06,2024-12-17,S0,False,no_legal_transition_triggered,8ddc6c4d-946d-559f-952c-51c5ee2bcd64,NULL,historical-blind-v1-20261002-diagnostic-v2:P06
P06,2024-12-18,S0,False,no_legal_transition_triggered,8ddc6c4d-946d-559f-952c-51c5ee2bcd64,NULL,historical-blind-v1-20261002-diagnostic-v2:P06
P06,2024-12-19,S0,False,no_legal_transition_triggered,8ddc6c4d-946d-559f-952c-51c5ee2bcd64,NULL,historical-blind-v1-20261002-diagnostic-v2:P06
P06,2024-12-20,S1,False,candidate,97f752cd-0067-5032-aa9e-5a9c018d70e1,"{""from_state"": ""S0"", ""to_state"": ""S1"", ""trigger_rule"": ""candidate"", ""trigger_date"": ""2024-12-20"", ""effective_date"": ""2024-12-20"", ""reason"": ""candidate"", ""lifecycle_id"": ""97f752cd-0067-5032-aa9e-5a9c018d70e1""}",historical-blind-v1-20261002-diagnostic-v2:P06
P06,2024-12-23,S0,False,candidate_failed,97f752cd-0067-5032-aa9e-5a9c018d70e1,"{""from_state"": ""S1"", ""to_state"": ""S0"", ""trigger_rule"": ""candidate_failed"", ""trigger_date"": ""2024-12-23"", ""effective_date"": ""2024-12-23"", ""reason"": ""candidate_failed"", ""lifecycle_id"": ""97f752cd-0067-5032-aa9e-5a9c018d70e1""}",historical-blind-v1-20261002-diagnostic-v2:P06
P06,2024-12-24,S0,False,no_legal_transition_triggered,97f752cd-0067-5032-aa9e-5a9c018d70e1,NULL,historical-blind-v1-20261002-diagnostic-v2:P06
P06,2024-12-25,S0,False,no_legal_transition_triggered,97f752cd-0067-5032-aa9e-5a9c018d70e1,NULL,historical-blind-v1-20261002-diagnostic-v2:P06
P06,2024-12-26,S0,False,no_legal_transition_triggered,97f752cd-0067-5032-aa9e-5a9c018d70e1,NULL,historical-blind-v1-20261002-diagnostic-v2:P06
P06,2024-12-27,S0,False,no_legal_transition_triggered,97f752cd-0067-5032-aa9e-5a9c018d70e1,NULL,historical-blind-v1-20261002-diagnostic-v2:P06
P06,2024-12-30,S0,False,no_legal_transition_triggered,97f752cd-0067-5032-aa9e-5a9c018d70e1,NULL,historical-blind-v1-20261002-diagnostic-v2:P06
P06,2024-12-31,S0,False,no_legal_transition_triggered,97f752cd-0067-5032-aa9e-5a9c018d70e1,NULL,historical-blind-v1-20261002-diagnostic-v2:P06
P06,2025-01-02,S0,False,no_legal_transition_triggered,97f752cd-0067-5032-aa9e-5a9c018d70e1,NULL,historical-blind-v1-20261002-diagnostic-v2:P06
P06,2025-01-03,S0,False,no_legal_transition_triggered,97f752cd-0067-5032-aa9e-5a9c018d70e1,NULL,historical-blind-v1-20261002-diagnostic-v2:P06
P06,2025-01-06,S0,False,no_legal_transition_triggered,97f752cd-0067-5032-aa9e-5a9c018d70e1,NULL,historical-blind-v1-20261002-diagnostic-v2:P06
P06,2025-01-07,S0,False,no_legal_transition_triggered,97f752cd-0067-5032-aa9e-5a9c018d70e1,NULL,historical-blind-v1-20261002-diagnostic-v2:P06
P06,2025-01-08,S0,False,no_legal_transition_triggered,97f752cd-0067-5032-aa9e-5a9c018d70e1,NULL,historical-blind-v1-20261002-diagnostic-v2:P06
P06,2025-01-09,S0,False,no_legal_transition_triggered,97f752cd-0067-5032-aa9e-5a9c018d70e1,NULL,historical-blind-v1-20261002-diagnostic-v2:P06
P06,2025-01-10,S0,False,no_legal_transition_triggered,97f752cd-0067-5032-aa9e-5a9c018d70e1,NULL,historical-blind-v1-20261002-diagnostic-v2:P06
P06,2025-01-13,S1,False,candidate,01b7db1e-2624-52c1-a54b-f6d410292a08,"{""from_state"": ""S0"", ""to_state"": ""S1"", ""trigger_rule"": ""candidate"", ""trigger_date"": ""2025-01-13"", ""effective_date"": ""2025-01-13"", ""reason"": ""candidate"", ""lifecycle_id"": ""01b7db1e-2624-52c1-a54b-f6d410292a08""}",historical-blind-v1-20261002-diagnostic-v2:P06
P06,2025-01-14,S1,False,no_legal_transition_triggered,01b7db1e-2624-52c1-a54b-f6d410292a08,NULL,historical-blind-v1-20261002-diagnostic-v2:P06
P06,2025-01-15,S1,False,no_legal_transition_triggered,01b7db1e-2624-52c1-a54b-f6d410292a08,NULL,historical-blind-v1-20261002-diagnostic-v2:P06
P06,2025-01-16,S1,False,no_legal_transition_triggered,01b7db1e-2624-52c1-a54b-f6d410292a08,NULL,historical-blind-v1-20261002-diagnostic-v2:P06
P06,2025-01-17,S1,False,no_legal_transition_triggered,01b7db1e-2624-52c1-a54b-f6d410292a08,NULL,historical-blind-v1-20261002-diagnostic-v2:P06
P06,2025-01-20,S0,False,candidate_failed,01b7db1e-2624-52c1-a54b-f6d410292a08,"{""from_state"": ""S1"", ""to_state"": ""S0"", ""trigger_rule"": ""candidate_failed"", ""trigger_date"": ""2025-01-20"", ""effective_date"": ""2025-01-20"", ""reason"": ""candidate_failed"", ""lifecycle_id"": ""01b7db1e-2624-52c1-a54b-f6d410292a08""}",historical-blind-v1-20261002-diagnostic-v2:P06
P06,2025-01-21,S0,False,no_legal_transition_triggered,01b7db1e-2624-52c1-a54b-f6d410292a08,NULL,historical-blind-v1-20261002-diagnostic-v2:P06
P06,2025-01-22,S1,False,candidate,736cddef-01bd-5c8e-ac37-78e62fba753c,"{""from_state"": ""S0"", ""to_state"": ""S1"", ""trigger_rule"": ""candidate"", ""trigger_date"": ""2025-01-22"", ""effective_date"": ""2025-01-22"", ""reason"": ""candidate"", ""lifecycle_id"": ""736cddef-01bd-5c8e-ac37-78e62fba753c""}",historical-blind-v1-20261002-diagnostic-v2:P06
P06,2025-01-23,S1,False,no_legal_transition_triggered,736cddef-01bd-5c8e-ac37-78e62fba753c,NULL,historical-blind-v1-20261002-diagnostic-v2:P06
P06,2025-01-24,S1,False,no_legal_transition_triggered,736cddef-01bd-5c8e-ac37-78e62fba753c,NULL,historical-blind-v1-20261002-diagnostic-v2:P06
P06,2025-01-27,S2,False,confirm,736cddef-01bd-5c8e-ac37-78e62fba753c,"{""from_state"": ""S1"", ""to_state"": ""S2"", ""trigger_rule"": ""confirm"", ""trigger_date"": ""2025-01-27"", ""effective_date"": ""2025-01-27"", ""reason"": ""confirm"", ""lifecycle_id"": ""736cddef-01bd-5c8e-ac37-78e62fba753c""}",historical-blind-v1-20261002-diagnostic-v2:P06
P06,2025-02-05,S2,False,no_legal_transition_triggered,736cddef-01bd-5c8e-ac37-78e62fba753c,NULL,historical-blind-v1-20261002-diagnostic-v2:P06
P06,2025-02-06,S2,False,no_legal_transition_triggered,736cddef-01bd-5c8e-ac37-78e62fba753c,NULL,historical-blind-v1-20261002-diagnostic-v2:P06
P06,2025-02-07,S2,False,no_legal_transition_triggered,736cddef-01bd-5c8e-ac37-78e62fba753c,NULL,historical-blind-v1-20261002-diagnostic-v2:P06
P06,2025-02-10,S2,False,no_legal_transition_triggered,736cddef-01bd-5c8e-ac37-78e62fba753c,NULL,historical-blind-v1-20261002-diagnostic-v2:P06
P06,2025-02-11,S2,False,no_legal_transition_triggered,736cddef-01bd-5c8e-ac37-78e62fba753c,NULL,historical-blind-v1-20261002-diagnostic-v2:P06
P06,2025-02-12,S2,False,no_legal_transition_triggered,736cddef-01bd-5c8e-ac37-78e62fba753c,NULL,historical-blind-v1-20261002-diagnostic-v2:P06
P06,2025-02-13,S2,False,no_legal_transition_triggered,736cddef-01bd-5c8e-ac37-78e62fba753c,NULL,historical-blind-v1-20261002-diagnostic-v2:P06
P06,2025-02-14,S2,False,no_legal_transition_triggered,736cddef-01bd-5c8e-ac37-78e62fba753c,NULL,historical-blind-v1-20261002-diagnostic-v2:P06
P06,2025-02-17,S2,False,no_legal_transition_triggered,736cddef-01bd-5c8e-ac37-78e62fba753c,NULL,historical-blind-v1-20261002-diagnostic-v2:P06
P06,2025-02-18,S2,False,no_legal_transition_triggered,736cddef-01bd-5c8e-ac37-78e62fba753c,NULL,historical-blind-v1-20261002-diagnostic-v2:P06
P06,2025-02-19,S3,False,weaken,736cddef-01bd-5c8e-ac37-78e62fba753c,"{""from_state"": ""S2"", ""to_state"": ""S3"", ""trigger_rule"": ""weaken"", ""trigger_date"": ""2025-02-19"", ""effective_date"": ""2025-02-19"", ""reason"": ""weaken"", ""lifecycle_id"": ""736cddef-01bd-5c8e-ac37-78e62fba753c""}",historical-blind-v1-20261002-diagnostic-v2:P06
P06,2025-02-20,S3,False,no_legal_transition_triggered,736cddef-01bd-5c8e-ac37-78e62fba753c,NULL,historical-blind-v1-20261002-diagnostic-v2:P06
P06,2025-02-21,S3,False,no_legal_transition_triggered,736cddef-01bd-5c8e-ac37-78e62fba753c,NULL,historical-blind-v1-20261002-diagnostic-v2:P06
P06,2025-02-24,S3,False,no_legal_transition_triggered,736cddef-01bd-5c8e-ac37-78e62fba753c,NULL,historical-blind-v1-20261002-diagnostic-v2:P06
P06,2025-02-25,S3,False,no_legal_transition_triggered,736cddef-01bd-5c8e-ac37-78e62fba753c,NULL,historical-blind-v1-20261002-diagnostic-v2:P06
P06,2025-02-26,S3,False,no_legal_transition_triggered,736cddef-01bd-5c8e-ac37-78e62fba753c,NULL,historical-blind-v1-20261002-diagnostic-v2:P06
P06,2025-02-27,S3,False,no_legal_transition_triggered,736cddef-01bd-5c8e-ac37-78e62fba753c,NULL,historical-blind-v1-20261002-diagnostic-v2:P06
P06,2025-02-28,S3,False,recover_requires_two_or_retire_requires_three_sessions,736cddef-01bd-5c8e-ac37-78e62fba753c,NULL,historical-blind-v1-20261002-diagnostic-v2:P06
P06,2025-03-03,S3,False,recover_requires_two_or_retire_requires_three_sessions,736cddef-01bd-5c8e-ac37-78e62fba753c,NULL,historical-blind-v1-20261002-diagnostic-v2:P06
P06,2025-03-04,S4,False,retire,736cddef-01bd-5c8e-ac37-78e62fba753c,"{""from_state"": ""S3"", ""to_state"": ""S4"", ""trigger_rule"": ""retire"", ""trigger_date"": ""2025-03-04"", ""effective_date"": ""2025-03-04"", ""reason"": ""retire"", ""lifecycle_id"": ""736cddef-01bd-5c8e-ac37-78e62fba753c""}",historical-blind-v1-20261002-diagnostic-v2:P06
P06,2025-03-05,S1,False,new_lifecycle_reentry,5058aa62-f9a9-5a1d-9d8e-6324b7efaa5c,"{""from_state"": ""S4"", ""to_state"": ""S1"", ""trigger_rule"": ""new_lifecycle_reentry"", ""trigger_date"": ""2025-03-05"", ""effective_date"": ""2025-03-05"", ""reason"": ""new_lifecycle_reentry"", ""lifecycle_id"": ""5058aa62-f9a9-5a1d-9d8e-6324b7efaa5c""}",historical-blind-v1-20261002-diagnostic-v2:P06
P06,2025-03-06,S1,False,no_legal_transition_triggered,5058aa62-f9a9-5a1d-9d8e-6324b7efaa5c,NULL,historical-blind-v1-20261002-diagnostic-v2:P06
P06,2025-03-07,S1,False,no_legal_transition_triggered,5058aa62-f9a9-5a1d-9d8e-6324b7efaa5c,NULL,historical-blind-v1-20261002-diagnostic-v2:P06
P06,2025-03-10,S1,False,no_legal_transition_triggered,5058aa62-f9a9-5a1d-9d8e-6324b7efaa5c,NULL,historical-blind-v1-20261002-diagnostic-v2:P06
P06,2025-03-11,S0,False,candidate_failed,5058aa62-f9a9-5a1d-9d8e-6324b7efaa5c,"{""from_state"": ""S1"", ""to_state"": ""S0"", ""trigger_rule"": ""candidate_failed"", ""trigger_date"": ""2025-03-11"", ""effective_date"": ""2025-03-11"", ""reason"": ""candidate_failed"", ""lifecycle_id"": ""5058aa62-f9a9-5a1d-9d8e-6324b7efaa5c""}",historical-blind-v1-20261002-diagnostic-v2:P06
P06,2025-03-12,S0,False,no_legal_transition_triggered,5058aa62-f9a9-5a1d-9d8e-6324b7efaa5c,NULL,historical-blind-v1-20261002-diagnostic-v2:P06
P06,2025-03-13,S0,False,no_legal_transition_triggered,5058aa62-f9a9-5a1d-9d8e-6324b7efaa5c,NULL,historical-blind-v1-20261002-diagnostic-v2:P06
P06,2025-03-14,S0,False,no_legal_transition_triggered,5058aa62-f9a9-5a1d-9d8e-6324b7efaa5c,NULL,historical-blind-v1-20261002-diagnostic-v2:P06
P06,2025-03-17,S0,False,no_legal_transition_triggered,5058aa62-f9a9-5a1d-9d8e-6324b7efaa5c,NULL,historical-blind-v1-20261002-diagnostic-v2:P06
P06,2025-03-18,S0,False,no_legal_transition_triggered,5058aa62-f9a9-5a1d-9d8e-6324b7efaa5c,NULL,historical-blind-v1-20261002-diagnostic-v2:P06
P06,2025-03-19,S0,False,no_legal_transition_triggered,5058aa62-f9a9-5a1d-9d8e-6324b7efaa5c,NULL,historical-blind-v1-20261002-diagnostic-v2:P06
P06,2025-03-20,S0,False,no_legal_transition_triggered,5058aa62-f9a9-5a1d-9d8e-6324b7efaa5c,NULL,historical-blind-v1-20261002-diagnostic-v2:P06
P06,2025-03-21,S0,False,no_legal_transition_triggered,5058aa62-f9a9-5a1d-9d8e-6324b7efaa5c,NULL,historical-blind-v1-20261002-diagnostic-v2:P06
P06,2025-03-24,S0,False,no_legal_transition_triggered,5058aa62-f9a9-5a1d-9d8e-6324b7efaa5c,NULL,historical-blind-v1-20261002-diagnostic-v2:P06
P06,2025-03-25,S0,False,no_legal_transition_triggered,5058aa62-f9a9-5a1d-9d8e-6324b7efaa5c,NULL,historical-blind-v1-20261002-diagnostic-v2:P06
P06,2025-03-26,S0,False,no_legal_transition_triggered,5058aa62-f9a9-5a1d-9d8e-6324b7efaa5c,NULL,historical-blind-v1-20261002-diagnostic-v2:P06
P06,2025-03-27,S0,False,no_legal_transition_triggered,5058aa62-f9a9-5a1d-9d8e-6324b7efaa5c,NULL,historical-blind-v1-20261002-diagnostic-v2:P06
P06,2025-03-28,S0,False,no_legal_transition_triggered,5058aa62-f9a9-5a1d-9d8e-6324b7efaa5c,NULL,historical-blind-v1-20261002-diagnostic-v2:P06
P06,2025-03-31,S0,False,no_legal_transition_triggered,5058aa62-f9a9-5a1d-9d8e-6324b7efaa5c,NULL,historical-blind-v1-20261002-diagnostic-v2:P06
P06,2025-04-01,S0,False,no_legal_transition_triggered,5058aa62-f9a9-5a1d-9d8e-6324b7efaa5c,NULL,historical-blind-v1-20261002-diagnostic-v2:P06
P06,2025-04-02,S0,False,no_legal_transition_triggered,5058aa62-f9a9-5a1d-9d8e-6324b7efaa5c,NULL,historical-blind-v1-20261002-diagnostic-v2:P06
P06,2025-04-03,S0,False,no_legal_transition_triggered,5058aa62-f9a9-5a1d-9d8e-6324b7efaa5c,NULL,historical-blind-v1-20261002-diagnostic-v2:P06
P06,2025-04-07,S0,False,no_legal_transition_triggered,5058aa62-f9a9-5a1d-9d8e-6324b7efaa5c,NULL,historical-blind-v1-20261002-diagnostic-v2:P06
P06,2025-04-08,S0,False,no_legal_transition_triggered,5058aa62-f9a9-5a1d-9d8e-6324b7efaa5c,NULL,historical-blind-v1-20261002-diagnostic-v2:P06
P06,2025-04-09,S0,False,no_legal_transition_triggered,5058aa62-f9a9-5a1d-9d8e-6324b7efaa5c,NULL,historical-blind-v1-20261002-diagnostic-v2:P06
P06,2025-04-10,S0,False,no_legal_transition_triggered,5058aa62-f9a9-5a1d-9d8e-6324b7efaa5c,NULL,historical-blind-v1-20261002-diagnostic-v2:P06
P06,2025-04-11,S0,False,no_legal_transition_triggered,5058aa62-f9a9-5a1d-9d8e-6324b7efaa5c,NULL,historical-blind-v1-20261002-diagnostic-v2:P06
P06,2025-04-14,S1,False,candidate,d499c6c8-fa1e-5a69-82d6-105776cda1a6,"{""from_state"": ""S0"", ""to_state"": ""S1"", ""trigger_rule"": ""candidate"", ""trigger_date"": ""2025-04-14"", ""effective_date"": ""2025-04-14"", ""reason"": ""candidate"", ""lifecycle_id"": ""d499c6c8-fa1e-5a69-82d6-105776cda1a6""}",historical-blind-v1-20261002-diagnostic-v2:P06
P07,2024-12-16,S3,False,recover_requires_two_or_retire_requires_three_sessions,243d910b-0249-56b8-a7e8-0876a2482d1d,NULL,historical-blind-v1-20261002-diagnostic-v2:P07
P07,2024-12-17,S3,False,recover_requires_two_or_retire_requires_three_sessions,243d910b-0249-56b8-a7e8-0876a2482d1d,NULL,historical-blind-v1-20261002-diagnostic-v2:P07
P07,2024-12-18,S4,False,retire,243d910b-0249-56b8-a7e8-0876a2482d1d,"{""from_state"": ""S3"", ""to_state"": ""S4"", ""trigger_rule"": ""retire"", ""trigger_date"": ""2024-12-18"", ""effective_date"": ""2024-12-18"", ""reason"": ""retire"", ""lifecycle_id"": ""243d910b-0249-56b8-a7e8-0876a2482d1d""}",historical-blind-v1-20261002-diagnostic-v2:P07
P07,2024-12-19,S4,False,no_legal_transition_triggered,243d910b-0249-56b8-a7e8-0876a2482d1d,NULL,historical-blind-v1-20261002-diagnostic-v2:P07
P07,2024-12-20,S4,False,no_legal_transition_triggered,243d910b-0249-56b8-a7e8-0876a2482d1d,NULL,historical-blind-v1-20261002-diagnostic-v2:P07
P07,2024-12-23,S4,False,no_legal_transition_triggered,243d910b-0249-56b8-a7e8-0876a2482d1d,NULL,historical-blind-v1-20261002-diagnostic-v2:P07
P07,2024-12-24,S1,False,new_lifecycle_reentry,77e96227-4eb9-514b-89b4-50b4b283b19e,"{""from_state"": ""S4"", ""to_state"": ""S1"", ""trigger_rule"": ""new_lifecycle_reentry"", ""trigger_date"": ""2024-12-24"", ""effective_date"": ""2024-12-24"", ""reason"": ""new_lifecycle_reentry"", ""lifecycle_id"": ""77e96227-4eb9-514b-89b4-50b4b283b19e""}",historical-blind-v1-20261002-diagnostic-v2:P07
P07,2024-12-25,S0,False,candidate_failed,77e96227-4eb9-514b-89b4-50b4b283b19e,"{""from_state"": ""S1"", ""to_state"": ""S0"", ""trigger_rule"": ""candidate_failed"", ""trigger_date"": ""2024-12-25"", ""effective_date"": ""2024-12-25"", ""reason"": ""candidate_failed"", ""lifecycle_id"": ""77e96227-4eb9-514b-89b4-50b4b283b19e""}",historical-blind-v1-20261002-diagnostic-v2:P07
P07,2024-12-26,S1,False,candidate,efaefc29-5ce4-5df1-afb4-0ed2117bdcce,"{""from_state"": ""S0"", ""to_state"": ""S1"", ""trigger_rule"": ""candidate"", ""trigger_date"": ""2024-12-26"", ""effective_date"": ""2024-12-26"", ""reason"": ""candidate"", ""lifecycle_id"": ""efaefc29-5ce4-5df1-afb4-0ed2117bdcce""}",historical-blind-v1-20261002-diagnostic-v2:P07
P07,2024-12-27,S0,False,candidate_failed,efaefc29-5ce4-5df1-afb4-0ed2117bdcce,"{""from_state"": ""S1"", ""to_state"": ""S0"", ""trigger_rule"": ""candidate_failed"", ""trigger_date"": ""2024-12-27"", ""effective_date"": ""2024-12-27"", ""reason"": ""candidate_failed"", ""lifecycle_id"": ""efaefc29-5ce4-5df1-afb4-0ed2117bdcce""}",historical-blind-v1-20261002-diagnostic-v2:P07
P07,2024-12-30,S0,False,no_legal_transition_triggered,efaefc29-5ce4-5df1-afb4-0ed2117bdcce,NULL,historical-blind-v1-20261002-diagnostic-v2:P07
P07,2024-12-31,S1,False,candidate,7d50545c-cdbe-5e65-90c1-ad18f7acb090,"{""from_state"": ""S0"", ""to_state"": ""S1"", ""trigger_rule"": ""candidate"", ""trigger_date"": ""2024-12-31"", ""effective_date"": ""2024-12-31"", ""reason"": ""candidate"", ""lifecycle_id"": ""7d50545c-cdbe-5e65-90c1-ad18f7acb090""}",historical-blind-v1-20261002-diagnostic-v2:P07
P07,2025-01-02,S1,False,no_legal_transition_triggered,7d50545c-cdbe-5e65-90c1-ad18f7acb090,NULL,historical-blind-v1-20261002-diagnostic-v2:P07
P07,2025-01-03,S0,False,candidate_failed,7d50545c-cdbe-5e65-90c1-ad18f7acb090,"{""from_state"": ""S1"", ""to_state"": ""S0"", ""trigger_rule"": ""candidate_failed"", ""trigger_date"": ""2025-01-03"", ""effective_date"": ""2025-01-03"", ""reason"": ""candidate_failed"", ""lifecycle_id"": ""7d50545c-cdbe-5e65-90c1-ad18f7acb090""}",historical-blind-v1-20261002-diagnostic-v2:P07
P07,2025-01-06,S0,False,no_legal_transition_triggered,7d50545c-cdbe-5e65-90c1-ad18f7acb090,NULL,historical-blind-v1-20261002-diagnostic-v2:P07
P07,2025-01-07,S1,False,candidate,6775510b-86aa-5086-a750-1d25bde5daa2,"{""from_state"": ""S0"", ""to_state"": ""S1"", ""trigger_rule"": ""candidate"", ""trigger_date"": ""2025-01-07"", ""effective_date"": ""2025-01-07"", ""reason"": ""candidate"", ""lifecycle_id"": ""6775510b-86aa-5086-a750-1d25bde5daa2""}",historical-blind-v1-20261002-diagnostic-v2:P07
P07,2025-01-08,S1,False,no_legal_transition_triggered,6775510b-86aa-5086-a750-1d25bde5daa2,NULL,historical-blind-v1-20261002-diagnostic-v2:P07
P07,2025-01-09,S1,False,no_legal_transition_triggered,6775510b-86aa-5086-a750-1d25bde5daa2,NULL,historical-blind-v1-20261002-diagnostic-v2:P07
P07,2025-01-10,S1,False,no_legal_transition_triggered,6775510b-86aa-5086-a750-1d25bde5daa2,NULL,historical-blind-v1-20261002-diagnostic-v2:P07
P07,2025-01-13,S1,False,no_legal_transition_triggered,6775510b-86aa-5086-a750-1d25bde5daa2,NULL,historical-blind-v1-20261002-diagnostic-v2:P07
P07,2025-01-14,S1,False,no_legal_transition_triggered,6775510b-86aa-5086-a750-1d25bde5daa2,NULL,historical-blind-v1-20261002-diagnostic-v2:P07
P07,2025-01-15,S1,False,no_legal_transition_triggered,6775510b-86aa-5086-a750-1d25bde5daa2,NULL,historical-blind-v1-20261002-diagnostic-v2:P07
P07,2025-01-16,S1,False,no_legal_transition_triggered,6775510b-86aa-5086-a750-1d25bde5daa2,NULL,historical-blind-v1-20261002-diagnostic-v2:P07
P07,2025-01-17,S1,False,no_legal_transition_triggered,6775510b-86aa-5086-a750-1d25bde5daa2,NULL,historical-blind-v1-20261002-diagnostic-v2:P07
P07,2025-01-20,S1,False,no_legal_transition_triggered,6775510b-86aa-5086-a750-1d25bde5daa2,NULL,historical-blind-v1-20261002-diagnostic-v2:P07
P07,2025-01-21,S1,False,no_legal_transition_triggered,6775510b-86aa-5086-a750-1d25bde5daa2,NULL,historical-blind-v1-20261002-diagnostic-v2:P07
P07,2025-01-22,S2,False,confirm,6775510b-86aa-5086-a750-1d25bde5daa2,"{""from_state"": ""S1"", ""to_state"": ""S2"", ""trigger_rule"": ""confirm"", ""trigger_date"": ""2025-01-22"", ""effective_date"": ""2025-01-22"", ""reason"": ""confirm"", ""lifecycle_id"": ""6775510b-86aa-5086-a750-1d25bde5daa2""}",historical-blind-v1-20261002-diagnostic-v2:P07
P07,2025-01-23,S2,False,no_legal_transition_triggered,6775510b-86aa-5086-a750-1d25bde5daa2,NULL,historical-blind-v1-20261002-diagnostic-v2:P07
P07,2025-01-24,S2,False,no_legal_transition_triggered,6775510b-86aa-5086-a750-1d25bde5daa2,NULL,historical-blind-v1-20261002-diagnostic-v2:P07
P07,2025-01-27,S2,False,no_legal_transition_triggered,6775510b-86aa-5086-a750-1d25bde5daa2,NULL,historical-blind-v1-20261002-diagnostic-v2:P07
P07,2025-02-05,S2,False,no_legal_transition_triggered,6775510b-86aa-5086-a750-1d25bde5daa2,NULL,historical-blind-v1-20261002-diagnostic-v2:P07
P07,2025-02-06,S2,False,no_legal_transition_triggered,6775510b-86aa-5086-a750-1d25bde5daa2,NULL,historical-blind-v1-20261002-diagnostic-v2:P07
P07,2025-02-07,S2,False,no_legal_transition_triggered,6775510b-86aa-5086-a750-1d25bde5daa2,NULL,historical-blind-v1-20261002-diagnostic-v2:P07
P07,2025-02-10,S2,False,no_legal_transition_triggered,6775510b-86aa-5086-a750-1d25bde5daa2,NULL,historical-blind-v1-20261002-diagnostic-v2:P07
P07,2025-02-11,S2,False,no_legal_transition_triggered,6775510b-86aa-5086-a750-1d25bde5daa2,NULL,historical-blind-v1-20261002-diagnostic-v2:P07
P07,2025-02-12,S2,False,no_legal_transition_triggered,6775510b-86aa-5086-a750-1d25bde5daa2,NULL,historical-blind-v1-20261002-diagnostic-v2:P07
P07,2025-02-13,S2,False,no_legal_transition_triggered,6775510b-86aa-5086-a750-1d25bde5daa2,NULL,historical-blind-v1-20261002-diagnostic-v2:P07
P07,2025-02-14,S3,False,weaken,6775510b-86aa-5086-a750-1d25bde5daa2,"{""from_state"": ""S2"", ""to_state"": ""S3"", ""trigger_rule"": ""weaken"", ""trigger_date"": ""2025-02-14"", ""effective_date"": ""2025-02-14"", ""reason"": ""weaken"", ""lifecycle_id"": ""6775510b-86aa-5086-a750-1d25bde5daa2""}",historical-blind-v1-20261002-diagnostic-v2:P07
P07,2025-02-17,S3,False,no_legal_transition_triggered,6775510b-86aa-5086-a750-1d25bde5daa2,NULL,historical-blind-v1-20261002-diagnostic-v2:P07
P07,2025-02-18,S3,False,no_legal_transition_triggered,6775510b-86aa-5086-a750-1d25bde5daa2,NULL,historical-blind-v1-20261002-diagnostic-v2:P07
P07,2025-02-19,S3,False,no_legal_transition_triggered,6775510b-86aa-5086-a750-1d25bde5daa2,NULL,historical-blind-v1-20261002-diagnostic-v2:P07
P07,2025-02-20,S3,False,recover_requires_two_or_retire_requires_three_sessions,6775510b-86aa-5086-a750-1d25bde5daa2,NULL,historical-blind-v1-20261002-diagnostic-v2:P07
P07,2025-02-21,S2,False,recover,6775510b-86aa-5086-a750-1d25bde5daa2,"{""from_state"": ""S3"", ""to_state"": ""S2"", ""trigger_rule"": ""recover"", ""trigger_date"": ""2025-02-21"", ""effective_date"": ""2025-02-21"", ""reason"": ""recover"", ""lifecycle_id"": ""6775510b-86aa-5086-a750-1d25bde5daa2""}",historical-blind-v1-20261002-diagnostic-v2:P07
P07,2025-02-24,S2,False,no_legal_transition_triggered,6775510b-86aa-5086-a750-1d25bde5daa2,NULL,historical-blind-v1-20261002-diagnostic-v2:P07
P07,2025-02-25,S2,False,no_legal_transition_triggered,6775510b-86aa-5086-a750-1d25bde5daa2,NULL,historical-blind-v1-20261002-diagnostic-v2:P07
P07,2025-02-26,S2,False,no_legal_transition_triggered,6775510b-86aa-5086-a750-1d25bde5daa2,NULL,historical-blind-v1-20261002-diagnostic-v2:P07
P07,2025-02-27,S2,False,no_legal_transition_triggered,6775510b-86aa-5086-a750-1d25bde5daa2,NULL,historical-blind-v1-20261002-diagnostic-v2:P07
P07,2025-02-28,S3,False,weaken,6775510b-86aa-5086-a750-1d25bde5daa2,"{""from_state"": ""S2"", ""to_state"": ""S3"", ""trigger_rule"": ""weaken"", ""trigger_date"": ""2025-02-28"", ""effective_date"": ""2025-02-28"", ""reason"": ""weaken"", ""lifecycle_id"": ""6775510b-86aa-5086-a750-1d25bde5daa2""}",historical-blind-v1-20261002-diagnostic-v2:P07
P07,2025-03-03,S3,False,no_legal_transition_triggered,6775510b-86aa-5086-a750-1d25bde5daa2,NULL,historical-blind-v1-20261002-diagnostic-v2:P07
P07,2025-03-04,S3,True,rule_evidence_unavailable:recover,6775510b-86aa-5086-a750-1d25bde5daa2,NULL,historical-blind-v1-20261002-diagnostic-v2:P07
P07,2025-03-05,S3,False,recover_requires_two_or_retire_requires_three_sessions,6775510b-86aa-5086-a750-1d25bde5daa2,NULL,historical-blind-v1-20261002-diagnostic-v2:P07
P07,2025-03-06,S3,False,no_legal_transition_triggered,6775510b-86aa-5086-a750-1d25bde5daa2,NULL,historical-blind-v1-20261002-diagnostic-v2:P07
P07,2025-03-07,S3,False,no_legal_transition_triggered,6775510b-86aa-5086-a750-1d25bde5daa2,NULL,historical-blind-v1-20261002-diagnostic-v2:P07
P07,2025-03-10,S3,False,recover_requires_two_or_retire_requires_three_sessions,6775510b-86aa-5086-a750-1d25bde5daa2,NULL,historical-blind-v1-20261002-diagnostic-v2:P07
P07,2025-03-11,S3,False,no_legal_transition_triggered,6775510b-86aa-5086-a750-1d25bde5daa2,NULL,historical-blind-v1-20261002-diagnostic-v2:P07
P07,2025-03-12,S3,False,no_legal_transition_triggered,6775510b-86aa-5086-a750-1d25bde5daa2,NULL,historical-blind-v1-20261002-diagnostic-v2:P07
P07,2025-03-13,S3,False,no_legal_transition_triggered,6775510b-86aa-5086-a750-1d25bde5daa2,NULL,historical-blind-v1-20261002-diagnostic-v2:P07
P07,2025-03-14,S3,False,no_legal_transition_triggered,6775510b-86aa-5086-a750-1d25bde5daa2,NULL,historical-blind-v1-20261002-diagnostic-v2:P07
P07,2025-03-17,S3,False,no_legal_transition_triggered,6775510b-86aa-5086-a750-1d25bde5daa2,NULL,historical-blind-v1-20261002-diagnostic-v2:P07
P07,2025-03-18,S3,False,no_legal_transition_triggered,6775510b-86aa-5086-a750-1d25bde5daa2,NULL,historical-blind-v1-20261002-diagnostic-v2:P07
P07,2025-03-19,S3,False,no_legal_transition_triggered,6775510b-86aa-5086-a750-1d25bde5daa2,NULL,historical-blind-v1-20261002-diagnostic-v2:P07
P07,2025-03-20,S3,False,no_legal_transition_triggered,6775510b-86aa-5086-a750-1d25bde5daa2,NULL,historical-blind-v1-20261002-diagnostic-v2:P07
P07,2025-03-21,S3,False,recover_requires_two_or_retire_requires_three_sessions,6775510b-86aa-5086-a750-1d25bde5daa2,NULL,historical-blind-v1-20261002-diagnostic-v2:P07
P07,2025-03-24,S3,False,recover_requires_two_or_retire_requires_three_sessions,6775510b-86aa-5086-a750-1d25bde5daa2,NULL,historical-blind-v1-20261002-diagnostic-v2:P07
P07,2025-03-25,S4,False,retire,6775510b-86aa-5086-a750-1d25bde5daa2,"{""from_state"": ""S3"", ""to_state"": ""S4"", ""trigger_rule"": ""retire"", ""trigger_date"": ""2025-03-25"", ""effective_date"": ""2025-03-25"", ""reason"": ""retire"", ""lifecycle_id"": ""6775510b-86aa-5086-a750-1d25bde5daa2""}",historical-blind-v1-20261002-diagnostic-v2:P07
P07,2025-03-26,S1,False,new_lifecycle_reentry,100f3994-a617-5b81-9ee6-1c3793d507fd,"{""from_state"": ""S4"", ""to_state"": ""S1"", ""trigger_rule"": ""new_lifecycle_reentry"", ""trigger_date"": ""2025-03-26"", ""effective_date"": ""2025-03-26"", ""reason"": ""new_lifecycle_reentry"", ""lifecycle_id"": ""100f3994-a617-5b81-9ee6-1c3793d507fd""}",historical-blind-v1-20261002-diagnostic-v2:P07
P07,2025-03-27,S0,False,candidate_failed,100f3994-a617-5b81-9ee6-1c3793d507fd,"{""from_state"": ""S1"", ""to_state"": ""S0"", ""trigger_rule"": ""candidate_failed"", ""trigger_date"": ""2025-03-27"", ""effective_date"": ""2025-03-27"", ""reason"": ""candidate_failed"", ""lifecycle_id"": ""100f3994-a617-5b81-9ee6-1c3793d507fd""}",historical-blind-v1-20261002-diagnostic-v2:P07
P07,2025-03-28,S0,False,no_legal_transition_triggered,100f3994-a617-5b81-9ee6-1c3793d507fd,NULL,historical-blind-v1-20261002-diagnostic-v2:P07
P07,2025-03-31,S0,False,no_legal_transition_triggered,100f3994-a617-5b81-9ee6-1c3793d507fd,NULL,historical-blind-v1-20261002-diagnostic-v2:P07
P07,2025-04-01,S0,False,no_legal_transition_triggered,100f3994-a617-5b81-9ee6-1c3793d507fd,NULL,historical-blind-v1-20261002-diagnostic-v2:P07
P07,2025-04-02,S0,False,no_legal_transition_triggered,100f3994-a617-5b81-9ee6-1c3793d507fd,NULL,historical-blind-v1-20261002-diagnostic-v2:P07
P07,2025-04-03,S0,False,no_legal_transition_triggered,100f3994-a617-5b81-9ee6-1c3793d507fd,NULL,historical-blind-v1-20261002-diagnostic-v2:P07
P07,2025-04-07,S0,False,no_legal_transition_triggered,100f3994-a617-5b81-9ee6-1c3793d507fd,NULL,historical-blind-v1-20261002-diagnostic-v2:P07
P07,2025-04-08,S0,False,no_legal_transition_triggered,100f3994-a617-5b81-9ee6-1c3793d507fd,NULL,historical-blind-v1-20261002-diagnostic-v2:P07
P07,2025-04-09,S0,False,no_legal_transition_triggered,100f3994-a617-5b81-9ee6-1c3793d507fd,NULL,historical-blind-v1-20261002-diagnostic-v2:P07
P07,2025-04-10,S0,False,no_legal_transition_triggered,100f3994-a617-5b81-9ee6-1c3793d507fd,NULL,historical-blind-v1-20261002-diagnostic-v2:P07
P07,2025-04-11,S0,False,no_legal_transition_triggered,100f3994-a617-5b81-9ee6-1c3793d507fd,NULL,historical-blind-v1-20261002-diagnostic-v2:P07
P07,2025-04-14,S0,False,no_legal_transition_triggered,100f3994-a617-5b81-9ee6-1c3793d507fd,NULL,historical-blind-v1-20261002-diagnostic-v2:P07
P07,2025-04-15,S1,False,candidate,236574d5-9681-52a3-937f-de2b33d33470,"{""from_state"": ""S0"", ""to_state"": ""S1"", ""trigger_rule"": ""candidate"", ""trigger_date"": ""2025-04-15"", ""effective_date"": ""2025-04-15"", ""reason"": ""candidate"", ""lifecycle_id"": ""236574d5-9681-52a3-937f-de2b33d33470""}",historical-blind-v1-20261002-diagnostic-v2:P07
P07,2025-04-16,S0,False,candidate_failed,236574d5-9681-52a3-937f-de2b33d33470,"{""from_state"": ""S1"", ""to_state"": ""S0"", ""trigger_rule"": ""candidate_failed"", ""trigger_date"": ""2025-04-16"", ""effective_date"": ""2025-04-16"", ""reason"": ""candidate_failed"", ""lifecycle_id"": ""236574d5-9681-52a3-937f-de2b33d33470""}",historical-blind-v1-20261002-diagnostic-v2:P07
P08,2024-12-16,S0,False,candidate_failed,cf092a1b-8f1b-5ffc-8571-db0dbc6ca702,"{""from_state"": ""S1"", ""to_state"": ""S0"", ""trigger_rule"": ""candidate_failed"", ""trigger_date"": ""2024-12-16"", ""effective_date"": ""2024-12-16"", ""reason"": ""candidate_failed"", ""lifecycle_id"": ""cf092a1b-8f1b-5ffc-8571-db0dbc6ca702""}",historical-blind-v1-20261002-diagnostic-v2:P08
P08,2024-12-17,S1,False,candidate,5b16b99e-67a7-59b9-aab3-82370e9f73ea,"{""from_state"": ""S0"", ""to_state"": ""S1"", ""trigger_rule"": ""candidate"", ""trigger_date"": ""2024-12-17"", ""effective_date"": ""2024-12-17"", ""reason"": ""candidate"", ""lifecycle_id"": ""5b16b99e-67a7-59b9-aab3-82370e9f73ea""}",historical-blind-v1-20261002-diagnostic-v2:P08
P08,2024-12-18,S0,False,candidate_failed,5b16b99e-67a7-59b9-aab3-82370e9f73ea,"{""from_state"": ""S1"", ""to_state"": ""S0"", ""trigger_rule"": ""candidate_failed"", ""trigger_date"": ""2024-12-18"", ""effective_date"": ""2024-12-18"", ""reason"": ""candidate_failed"", ""lifecycle_id"": ""5b16b99e-67a7-59b9-aab3-82370e9f73ea""}",historical-blind-v1-20261002-diagnostic-v2:P08
P08,2024-12-19,S0,False,no_legal_transition_triggered,5b16b99e-67a7-59b9-aab3-82370e9f73ea,NULL,historical-blind-v1-20261002-diagnostic-v2:P08
P08,2024-12-20,S0,False,no_legal_transition_triggered,5b16b99e-67a7-59b9-aab3-82370e9f73ea,NULL,historical-blind-v1-20261002-diagnostic-v2:P08
P08,2024-12-23,S0,False,no_legal_transition_triggered,5b16b99e-67a7-59b9-aab3-82370e9f73ea,NULL,historical-blind-v1-20261002-diagnostic-v2:P08
P08,2024-12-24,S0,False,no_legal_transition_triggered,5b16b99e-67a7-59b9-aab3-82370e9f73ea,NULL,historical-blind-v1-20261002-diagnostic-v2:P08
P08,2024-12-25,S0,False,no_legal_transition_triggered,5b16b99e-67a7-59b9-aab3-82370e9f73ea,NULL,historical-blind-v1-20261002-diagnostic-v2:P08
P08,2024-12-26,S1,False,candidate,4dbd75ab-5cdd-5baa-a93d-22695cf799d3,"{""from_state"": ""S0"", ""to_state"": ""S1"", ""trigger_rule"": ""candidate"", ""trigger_date"": ""2024-12-26"", ""effective_date"": ""2024-12-26"", ""reason"": ""candidate"", ""lifecycle_id"": ""4dbd75ab-5cdd-5baa-a93d-22695cf799d3""}",historical-blind-v1-20261002-diagnostic-v2:P08
P08,2024-12-27,S1,False,no_legal_transition_triggered,4dbd75ab-5cdd-5baa-a93d-22695cf799d3,NULL,historical-blind-v1-20261002-diagnostic-v2:P08
P08,2024-12-30,S0,False,candidate_failed,4dbd75ab-5cdd-5baa-a93d-22695cf799d3,"{""from_state"": ""S1"", ""to_state"": ""S0"", ""trigger_rule"": ""candidate_failed"", ""trigger_date"": ""2024-12-30"", ""effective_date"": ""2024-12-30"", ""reason"": ""candidate_failed"", ""lifecycle_id"": ""4dbd75ab-5cdd-5baa-a93d-22695cf799d3""}",historical-blind-v1-20261002-diagnostic-v2:P08
P08,2024-12-31,S0,False,no_legal_transition_triggered,4dbd75ab-5cdd-5baa-a93d-22695cf799d3,NULL,historical-blind-v1-20261002-diagnostic-v2:P08
P08,2025-01-02,S0,False,no_legal_transition_triggered,4dbd75ab-5cdd-5baa-a93d-22695cf799d3,NULL,historical-blind-v1-20261002-diagnostic-v2:P08
P08,2025-01-03,S0,False,no_legal_transition_triggered,4dbd75ab-5cdd-5baa-a93d-22695cf799d3,NULL,historical-blind-v1-20261002-diagnostic-v2:P08
P08,2025-01-06,S0,False,no_legal_transition_triggered,4dbd75ab-5cdd-5baa-a93d-22695cf799d3,NULL,historical-blind-v1-20261002-diagnostic-v2:P08
P08,2025-01-07,S1,False,candidate,9d28fb73-1dfc-59d0-9cf6-2aa3563e02a0,"{""from_state"": ""S0"", ""to_state"": ""S1"", ""trigger_rule"": ""candidate"", ""trigger_date"": ""2025-01-07"", ""effective_date"": ""2025-01-07"", ""reason"": ""candidate"", ""lifecycle_id"": ""9d28fb73-1dfc-59d0-9cf6-2aa3563e02a0""}",historical-blind-v1-20261002-diagnostic-v2:P08
P08,2025-01-08,S1,False,no_legal_transition_triggered,9d28fb73-1dfc-59d0-9cf6-2aa3563e02a0,NULL,historical-blind-v1-20261002-diagnostic-v2:P08
P08,2025-01-09,S1,False,no_legal_transition_triggered,9d28fb73-1dfc-59d0-9cf6-2aa3563e02a0,NULL,historical-blind-v1-20261002-diagnostic-v2:P08
P08,2025-01-10,S2,False,confirm,9d28fb73-1dfc-59d0-9cf6-2aa3563e02a0,"{""from_state"": ""S1"", ""to_state"": ""S2"", ""trigger_rule"": ""confirm"", ""trigger_date"": ""2025-01-10"", ""effective_date"": ""2025-01-10"", ""reason"": ""confirm"", ""lifecycle_id"": ""9d28fb73-1dfc-59d0-9cf6-2aa3563e02a0""}",historical-blind-v1-20261002-diagnostic-v2:P08
P08,2025-01-13,S2,False,no_legal_transition_triggered,9d28fb73-1dfc-59d0-9cf6-2aa3563e02a0,NULL,historical-blind-v1-20261002-diagnostic-v2:P08
P08,2025-01-14,S2,False,no_legal_transition_triggered,9d28fb73-1dfc-59d0-9cf6-2aa3563e02a0,NULL,historical-blind-v1-20261002-diagnostic-v2:P08
P08,2025-01-15,S2,False,no_legal_transition_triggered,9d28fb73-1dfc-59d0-9cf6-2aa3563e02a0,NULL,historical-blind-v1-20261002-diagnostic-v2:P08
P08,2025-01-16,S2,False,no_legal_transition_triggered,9d28fb73-1dfc-59d0-9cf6-2aa3563e02a0,NULL,historical-blind-v1-20261002-diagnostic-v2:P08
P08,2025-01-17,S2,False,no_legal_transition_triggered,9d28fb73-1dfc-59d0-9cf6-2aa3563e02a0,NULL,historical-blind-v1-20261002-diagnostic-v2:P08
P08,2025-01-20,S2,False,no_legal_transition_triggered,9d28fb73-1dfc-59d0-9cf6-2aa3563e02a0,NULL,historical-blind-v1-20261002-diagnostic-v2:P08
P08,2025-01-21,S2,False,no_legal_transition_triggered,9d28fb73-1dfc-59d0-9cf6-2aa3563e02a0,NULL,historical-blind-v1-20261002-diagnostic-v2:P08
P08,2025-01-22,S2,False,no_legal_transition_triggered,9d28fb73-1dfc-59d0-9cf6-2aa3563e02a0,NULL,historical-blind-v1-20261002-diagnostic-v2:P08
P08,2025-01-23,S2,False,no_legal_transition_triggered,9d28fb73-1dfc-59d0-9cf6-2aa3563e02a0,NULL,historical-blind-v1-20261002-diagnostic-v2:P08
P08,2025-01-24,S2,False,no_legal_transition_triggered,9d28fb73-1dfc-59d0-9cf6-2aa3563e02a0,NULL,historical-blind-v1-20261002-diagnostic-v2:P08
P08,2025-01-27,S2,False,no_legal_transition_triggered,9d28fb73-1dfc-59d0-9cf6-2aa3563e02a0,NULL,historical-blind-v1-20261002-diagnostic-v2:P08
P08,2025-02-05,S2,False,no_legal_transition_triggered,9d28fb73-1dfc-59d0-9cf6-2aa3563e02a0,NULL,historical-blind-v1-20261002-diagnostic-v2:P08
P08,2025-02-06,S2,False,no_legal_transition_triggered,9d28fb73-1dfc-59d0-9cf6-2aa3563e02a0,NULL,historical-blind-v1-20261002-diagnostic-v2:P08
P08,2025-02-07,S2,False,no_legal_transition_triggered,9d28fb73-1dfc-59d0-9cf6-2aa3563e02a0,NULL,historical-blind-v1-20261002-diagnostic-v2:P08
P08,2025-02-10,S2,False,no_legal_transition_triggered,9d28fb73-1dfc-59d0-9cf6-2aa3563e02a0,NULL,historical-blind-v1-20261002-diagnostic-v2:P08
P08,2025-02-11,S2,False,no_legal_transition_triggered,9d28fb73-1dfc-59d0-9cf6-2aa3563e02a0,NULL,historical-blind-v1-20261002-diagnostic-v2:P08
P08,2025-02-12,S2,False,no_legal_transition_triggered,9d28fb73-1dfc-59d0-9cf6-2aa3563e02a0,NULL,historical-blind-v1-20261002-diagnostic-v2:P08
P08,2025-02-13,S2,False,no_legal_transition_triggered,9d28fb73-1dfc-59d0-9cf6-2aa3563e02a0,NULL,historical-blind-v1-20261002-diagnostic-v2:P08
P08,2025-02-14,S3,False,weaken,9d28fb73-1dfc-59d0-9cf6-2aa3563e02a0,"{""from_state"": ""S2"", ""to_state"": ""S3"", ""trigger_rule"": ""weaken"", ""trigger_date"": ""2025-02-14"", ""effective_date"": ""2025-02-14"", ""reason"": ""weaken"", ""lifecycle_id"": ""9d28fb73-1dfc-59d0-9cf6-2aa3563e02a0""}",historical-blind-v1-20261002-diagnostic-v2:P08
P08,2025-02-17,S3,False,no_legal_transition_triggered,9d28fb73-1dfc-59d0-9cf6-2aa3563e02a0,NULL,historical-blind-v1-20261002-diagnostic-v2:P08
P08,2025-02-18,S3,False,no_legal_transition_triggered,9d28fb73-1dfc-59d0-9cf6-2aa3563e02a0,NULL,historical-blind-v1-20261002-diagnostic-v2:P08
P08,2025-02-19,S3,False,recover_requires_two_or_retire_requires_three_sessions,9d28fb73-1dfc-59d0-9cf6-2aa3563e02a0,NULL,historical-blind-v1-20261002-diagnostic-v2:P08
P08,2025-02-20,S2,False,recover,9d28fb73-1dfc-59d0-9cf6-2aa3563e02a0,"{""from_state"": ""S3"", ""to_state"": ""S2"", ""trigger_rule"": ""recover"", ""trigger_date"": ""2025-02-20"", ""effective_date"": ""2025-02-20"", ""reason"": ""recover"", ""lifecycle_id"": ""9d28fb73-1dfc-59d0-9cf6-2aa3563e02a0""}",historical-blind-v1-20261002-diagnostic-v2:P08
P08,2025-02-21,S2,False,no_legal_transition_triggered,9d28fb73-1dfc-59d0-9cf6-2aa3563e02a0,NULL,historical-blind-v1-20261002-diagnostic-v2:P08
P08,2025-02-24,S2,False,no_legal_transition_triggered,9d28fb73-1dfc-59d0-9cf6-2aa3563e02a0,NULL,historical-blind-v1-20261002-diagnostic-v2:P08
P08,2025-02-25,S2,False,no_legal_transition_triggered,9d28fb73-1dfc-59d0-9cf6-2aa3563e02a0,NULL,historical-blind-v1-20261002-diagnostic-v2:P08
P08,2025-02-26,S2,False,no_legal_transition_triggered,9d28fb73-1dfc-59d0-9cf6-2aa3563e02a0,NULL,historical-blind-v1-20261002-diagnostic-v2:P08
P08,2025-02-27,S2,False,no_legal_transition_triggered,9d28fb73-1dfc-59d0-9cf6-2aa3563e02a0,NULL,historical-blind-v1-20261002-diagnostic-v2:P08
P08,2025-02-28,S2,False,no_legal_transition_triggered,9d28fb73-1dfc-59d0-9cf6-2aa3563e02a0,NULL,historical-blind-v1-20261002-diagnostic-v2:P08
P08,2025-03-03,S3,False,weaken,9d28fb73-1dfc-59d0-9cf6-2aa3563e02a0,"{""from_state"": ""S2"", ""to_state"": ""S3"", ""trigger_rule"": ""weaken"", ""trigger_date"": ""2025-03-03"", ""effective_date"": ""2025-03-03"", ""reason"": ""weaken"", ""lifecycle_id"": ""9d28fb73-1dfc-59d0-9cf6-2aa3563e02a0""}",historical-blind-v1-20261002-diagnostic-v2:P08
P08,2025-03-04,S3,False,no_legal_transition_triggered,9d28fb73-1dfc-59d0-9cf6-2aa3563e02a0,NULL,historical-blind-v1-20261002-diagnostic-v2:P08
P08,2025-03-05,S3,False,no_legal_transition_triggered,9d28fb73-1dfc-59d0-9cf6-2aa3563e02a0,NULL,historical-blind-v1-20261002-diagnostic-v2:P08
P08,2025-03-06,S3,False,no_legal_transition_triggered,9d28fb73-1dfc-59d0-9cf6-2aa3563e02a0,NULL,historical-blind-v1-20261002-diagnostic-v2:P08
P08,2025-03-07,S3,False,no_legal_transition_triggered,9d28fb73-1dfc-59d0-9cf6-2aa3563e02a0,NULL,historical-blind-v1-20261002-diagnostic-v2:P08
P08,2025-03-10,S3,False,no_legal_transition_triggered,9d28fb73-1dfc-59d0-9cf6-2aa3563e02a0,NULL,historical-blind-v1-20261002-diagnostic-v2:P08
P08,2025-03-11,S3,False,no_legal_transition_triggered,9d28fb73-1dfc-59d0-9cf6-2aa3563e02a0,NULL,historical-blind-v1-20261002-diagnostic-v2:P08
P08,2025-03-12,S3,False,no_legal_transition_triggered,9d28fb73-1dfc-59d0-9cf6-2aa3563e02a0,NULL,historical-blind-v1-20261002-diagnostic-v2:P08
P08,2025-03-13,S3,False,no_legal_transition_triggered,9d28fb73-1dfc-59d0-9cf6-2aa3563e02a0,NULL,historical-blind-v1-20261002-diagnostic-v2:P08
P08,2025-03-14,S3,False,no_legal_transition_triggered,9d28fb73-1dfc-59d0-9cf6-2aa3563e02a0,NULL,historical-blind-v1-20261002-diagnostic-v2:P08
P08,2025-03-17,S3,False,no_legal_transition_triggered,9d28fb73-1dfc-59d0-9cf6-2aa3563e02a0,NULL,historical-blind-v1-20261002-diagnostic-v2:P08
P08,2025-03-18,S3,False,recover_requires_two_or_retire_requires_three_sessions,9d28fb73-1dfc-59d0-9cf6-2aa3563e02a0,NULL,historical-blind-v1-20261002-diagnostic-v2:P08
P08,2025-03-19,S2,False,recover,9d28fb73-1dfc-59d0-9cf6-2aa3563e02a0,"{""from_state"": ""S3"", ""to_state"": ""S2"", ""trigger_rule"": ""recover"", ""trigger_date"": ""2025-03-19"", ""effective_date"": ""2025-03-19"", ""reason"": ""recover"", ""lifecycle_id"": ""9d28fb73-1dfc-59d0-9cf6-2aa3563e02a0""}",historical-blind-v1-20261002-diagnostic-v2:P08
P08,2025-03-20,S2,False,no_legal_transition_triggered,9d28fb73-1dfc-59d0-9cf6-2aa3563e02a0,NULL,historical-blind-v1-20261002-diagnostic-v2:P08
P08,2025-03-21,S2,False,no_legal_transition_triggered,9d28fb73-1dfc-59d0-9cf6-2aa3563e02a0,NULL,historical-blind-v1-20261002-diagnostic-v2:P08
P08,2025-03-24,S2,False,no_legal_transition_triggered,9d28fb73-1dfc-59d0-9cf6-2aa3563e02a0,NULL,historical-blind-v1-20261002-diagnostic-v2:P08
P08,2025-03-25,S3,False,weaken,9d28fb73-1dfc-59d0-9cf6-2aa3563e02a0,"{""from_state"": ""S2"", ""to_state"": ""S3"", ""trigger_rule"": ""weaken"", ""trigger_date"": ""2025-03-25"", ""effective_date"": ""2025-03-25"", ""reason"": ""weaken"", ""lifecycle_id"": ""9d28fb73-1dfc-59d0-9cf6-2aa3563e02a0""}",historical-blind-v1-20261002-diagnostic-v2:P08
P08,2025-03-26,S3,False,no_legal_transition_triggered,9d28fb73-1dfc-59d0-9cf6-2aa3563e02a0,NULL,historical-blind-v1-20261002-diagnostic-v2:P08
P08,2025-03-27,S3,False,recover_requires_two_or_retire_requires_three_sessions,9d28fb73-1dfc-59d0-9cf6-2aa3563e02a0,NULL,historical-blind-v1-20261002-diagnostic-v2:P08
P08,2025-03-28,S3,False,recover_requires_two_or_retire_requires_three_sessions,9d28fb73-1dfc-59d0-9cf6-2aa3563e02a0,NULL,historical-blind-v1-20261002-diagnostic-v2:P08
P08,2025-03-31,S4,False,retire,9d28fb73-1dfc-59d0-9cf6-2aa3563e02a0,"{""from_state"": ""S3"", ""to_state"": ""S4"", ""trigger_rule"": ""retire"", ""trigger_date"": ""2025-03-31"", ""effective_date"": ""2025-03-31"", ""reason"": ""retire"", ""lifecycle_id"": ""9d28fb73-1dfc-59d0-9cf6-2aa3563e02a0""}",historical-blind-v1-20261002-diagnostic-v2:P08
P08,2025-04-01,S4,False,no_legal_transition_triggered,9d28fb73-1dfc-59d0-9cf6-2aa3563e02a0,NULL,historical-blind-v1-20261002-diagnostic-v2:P08
P08,2025-04-02,S1,False,new_lifecycle_reentry,5722b469-61ea-53ad-b296-f42156321c4d,"{""from_state"": ""S4"", ""to_state"": ""S1"", ""trigger_rule"": ""new_lifecycle_reentry"", ""trigger_date"": ""2025-04-02"", ""effective_date"": ""2025-04-02"", ""reason"": ""new_lifecycle_reentry"", ""lifecycle_id"": ""5722b469-61ea-53ad-b296-f42156321c4d""}",historical-blind-v1-20261002-diagnostic-v2:P08
P08,2025-04-03,S0,False,candidate_failed,5722b469-61ea-53ad-b296-f42156321c4d,"{""from_state"": ""S1"", ""to_state"": ""S0"", ""trigger_rule"": ""candidate_failed"", ""trigger_date"": ""2025-04-03"", ""effective_date"": ""2025-04-03"", ""reason"": ""candidate_failed"", ""lifecycle_id"": ""5722b469-61ea-53ad-b296-f42156321c4d""}",historical-blind-v1-20261002-diagnostic-v2:P08
P08,2025-04-07,S0,False,no_legal_transition_triggered,5722b469-61ea-53ad-b296-f42156321c4d,NULL,historical-blind-v1-20261002-diagnostic-v2:P08
P08,2025-04-08,S0,False,no_legal_transition_triggered,5722b469-61ea-53ad-b296-f42156321c4d,NULL,historical-blind-v1-20261002-diagnostic-v2:P08
P08,2025-04-09,S0,False,no_legal_transition_triggered,5722b469-61ea-53ad-b296-f42156321c4d,NULL,historical-blind-v1-20261002-diagnostic-v2:P08
P08,2025-04-10,S0,False,no_legal_transition_triggered,5722b469-61ea-53ad-b296-f42156321c4d,NULL,historical-blind-v1-20261002-diagnostic-v2:P08
P08,2025-04-11,S0,False,no_legal_transition_triggered,5722b469-61ea-53ad-b296-f42156321c4d,NULL,historical-blind-v1-20261002-diagnostic-v2:P08
P08,2025-04-14,S0,False,no_legal_transition_triggered,5722b469-61ea-53ad-b296-f42156321c4d,NULL,historical-blind-v1-20261002-diagnostic-v2:P08
P08,2025-04-15,S1,False,candidate,1b7953af-8052-58a0-807d-3b5a1b8ddb69,"{""from_state"": ""S0"", ""to_state"": ""S1"", ""trigger_rule"": ""candidate"", ""trigger_date"": ""2025-04-15"", ""effective_date"": ""2025-04-15"", ""reason"": ""candidate"", ""lifecycle_id"": ""1b7953af-8052-58a0-807d-3b5a1b8ddb69""}",historical-blind-v1-20261002-diagnostic-v2:P08
P08,2025-04-16,S0,False,candidate_failed,1b7953af-8052-58a0-807d-3b5a1b8ddb69,"{""from_state"": ""S1"", ""to_state"": ""S0"", ""trigger_rule"": ""candidate_failed"", ""trigger_date"": ""2025-04-16"", ""effective_date"": ""2025-04-16"", ""reason"": ""candidate_failed"", ""lifecycle_id"": ""1b7953af-8052-58a0-807d-3b5a1b8ddb69""}",historical-blind-v1-20261002-diagnostic-v2:P08
P09,2025-03-19,S1,False,no_legal_transition_triggered,3f4ada0b-c01f-5a29-8b2e-33f46f363a9e,NULL,historical-blind-v1-20261002-diagnostic-v2:P09
P09,2025-03-20,S1,False,no_legal_transition_triggered,3f4ada0b-c01f-5a29-8b2e-33f46f363a9e,NULL,historical-blind-v1-20261002-diagnostic-v2:P09
P09,2025-03-21,S0,False,candidate_failed,3f4ada0b-c01f-5a29-8b2e-33f46f363a9e,"{""from_state"": ""S1"", ""to_state"": ""S0"", ""trigger_rule"": ""candidate_failed"", ""trigger_date"": ""2025-03-21"", ""effective_date"": ""2025-03-21"", ""reason"": ""candidate_failed"", ""lifecycle_id"": ""3f4ada0b-c01f-5a29-8b2e-33f46f363a9e""}",historical-blind-v1-20261002-diagnostic-v2:P09
P09,2025-03-24,S1,False,candidate,c22f538f-0ecb-5558-8c25-b096688794f2,"{""from_state"": ""S0"", ""to_state"": ""S1"", ""trigger_rule"": ""candidate"", ""trigger_date"": ""2025-03-24"", ""effective_date"": ""2025-03-24"", ""reason"": ""candidate"", ""lifecycle_id"": ""c22f538f-0ecb-5558-8c25-b096688794f2""}",historical-blind-v1-20261002-diagnostic-v2:P09
P09,2025-03-25,S1,False,no_legal_transition_triggered,c22f538f-0ecb-5558-8c25-b096688794f2,NULL,historical-blind-v1-20261002-diagnostic-v2:P09
P09,2025-03-26,S1,False,no_legal_transition_triggered,c22f538f-0ecb-5558-8c25-b096688794f2,NULL,historical-blind-v1-20261002-diagnostic-v2:P09
P09,2025-03-27,S0,False,candidate_failed,c22f538f-0ecb-5558-8c25-b096688794f2,"{""from_state"": ""S1"", ""to_state"": ""S0"", ""trigger_rule"": ""candidate_failed"", ""trigger_date"": ""2025-03-27"", ""effective_date"": ""2025-03-27"", ""reason"": ""candidate_failed"", ""lifecycle_id"": ""c22f538f-0ecb-5558-8c25-b096688794f2""}",historical-blind-v1-20261002-diagnostic-v2:P09
P09,2025-03-28,S1,False,candidate,42182d69-0468-5b9d-a905-297ac6ff560c,"{""from_state"": ""S0"", ""to_state"": ""S1"", ""trigger_rule"": ""candidate"", ""trigger_date"": ""2025-03-28"", ""effective_date"": ""2025-03-28"", ""reason"": ""candidate"", ""lifecycle_id"": ""42182d69-0468-5b9d-a905-297ac6ff560c""}",historical-blind-v1-20261002-diagnostic-v2:P09
P09,2025-03-31,S1,False,no_legal_transition_triggered,42182d69-0468-5b9d-a905-297ac6ff560c,NULL,historical-blind-v1-20261002-diagnostic-v2:P09
P09,2025-04-01,S0,False,candidate_failed,42182d69-0468-5b9d-a905-297ac6ff560c,"{""from_state"": ""S1"", ""to_state"": ""S0"", ""trigger_rule"": ""candidate_failed"", ""trigger_date"": ""2025-04-01"", ""effective_date"": ""2025-04-01"", ""reason"": ""candidate_failed"", ""lifecycle_id"": ""42182d69-0468-5b9d-a905-297ac6ff560c""}",historical-blind-v1-20261002-diagnostic-v2:P09
P09,2025-04-02,S0,False,no_legal_transition_triggered,42182d69-0468-5b9d-a905-297ac6ff560c,NULL,historical-blind-v1-20261002-diagnostic-v2:P09
P09,2025-04-03,S0,False,no_legal_transition_triggered,42182d69-0468-5b9d-a905-297ac6ff560c,NULL,historical-blind-v1-20261002-diagnostic-v2:P09
P09,2025-04-07,S1,False,candidate,02cd98a0-2633-5038-97f2-a9e218b74a75,"{""from_state"": ""S0"", ""to_state"": ""S1"", ""trigger_rule"": ""candidate"", ""trigger_date"": ""2025-04-07"", ""effective_date"": ""2025-04-07"", ""reason"": ""candidate"", ""lifecycle_id"": ""02cd98a0-2633-5038-97f2-a9e218b74a75""}",historical-blind-v1-20261002-diagnostic-v2:P09
P09,2025-04-08,S0,False,candidate_failed,02cd98a0-2633-5038-97f2-a9e218b74a75,"{""from_state"": ""S1"", ""to_state"": ""S0"", ""trigger_rule"": ""candidate_failed"", ""trigger_date"": ""2025-04-08"", ""effective_date"": ""2025-04-08"", ""reason"": ""candidate_failed"", ""lifecycle_id"": ""02cd98a0-2633-5038-97f2-a9e218b74a75""}",historical-blind-v1-20261002-diagnostic-v2:P09
P09,2025-04-09,S0,False,no_legal_transition_triggered,02cd98a0-2633-5038-97f2-a9e218b74a75,NULL,historical-blind-v1-20261002-diagnostic-v2:P09
P09,2025-04-10,S0,False,no_legal_transition_triggered,02cd98a0-2633-5038-97f2-a9e218b74a75,NULL,historical-blind-v1-20261002-diagnostic-v2:P09
P09,2025-04-11,S0,False,no_legal_transition_triggered,02cd98a0-2633-5038-97f2-a9e218b74a75,NULL,historical-blind-v1-20261002-diagnostic-v2:P09
P09,2025-04-14,S0,False,no_legal_transition_triggered,02cd98a0-2633-5038-97f2-a9e218b74a75,NULL,historical-blind-v1-20261002-diagnostic-v2:P09
P09,2025-04-15,S0,False,no_legal_transition_triggered,02cd98a0-2633-5038-97f2-a9e218b74a75,NULL,historical-blind-v1-20261002-diagnostic-v2:P09
P09,2025-04-16,S0,False,no_legal_transition_triggered,02cd98a0-2633-5038-97f2-a9e218b74a75,NULL,historical-blind-v1-20261002-diagnostic-v2:P09
P09,2025-04-17,S0,False,no_legal_transition_triggered,02cd98a0-2633-5038-97f2-a9e218b74a75,NULL,historical-blind-v1-20261002-diagnostic-v2:P09
P09,2025-04-18,S1,False,candidate,2965c0e8-fdd5-5246-a100-bfb612e12183,"{""from_state"": ""S0"", ""to_state"": ""S1"", ""trigger_rule"": ""candidate"", ""trigger_date"": ""2025-04-18"", ""effective_date"": ""2025-04-18"", ""reason"": ""candidate"", ""lifecycle_id"": ""2965c0e8-fdd5-5246-a100-bfb612e12183""}",historical-blind-v1-20261002-diagnostic-v2:P09
P09,2025-04-21,S1,False,no_legal_transition_triggered,2965c0e8-fdd5-5246-a100-bfb612e12183,NULL,historical-blind-v1-20261002-diagnostic-v2:P09
P09,2025-04-22,S0,False,candidate_failed,2965c0e8-fdd5-5246-a100-bfb612e12183,"{""from_state"": ""S1"", ""to_state"": ""S0"", ""trigger_rule"": ""candidate_failed"", ""trigger_date"": ""2025-04-22"", ""effective_date"": ""2025-04-22"", ""reason"": ""candidate_failed"", ""lifecycle_id"": ""2965c0e8-fdd5-5246-a100-bfb612e12183""}",historical-blind-v1-20261002-diagnostic-v2:P09
P09,2025-04-23,S0,False,no_legal_transition_triggered,2965c0e8-fdd5-5246-a100-bfb612e12183,NULL,historical-blind-v1-20261002-diagnostic-v2:P09
P09,2025-04-24,S0,False,no_legal_transition_triggered,2965c0e8-fdd5-5246-a100-bfb612e12183,NULL,historical-blind-v1-20261002-diagnostic-v2:P09
P09,2025-04-25,S0,False,no_legal_transition_triggered,2965c0e8-fdd5-5246-a100-bfb612e12183,NULL,historical-blind-v1-20261002-diagnostic-v2:P09
P09,2025-04-28,S0,False,no_legal_transition_triggered,2965c0e8-fdd5-5246-a100-bfb612e12183,NULL,historical-blind-v1-20261002-diagnostic-v2:P09
P09,2025-04-29,S0,False,no_legal_transition_triggered,2965c0e8-fdd5-5246-a100-bfb612e12183,NULL,historical-blind-v1-20261002-diagnostic-v2:P09
P09,2025-04-30,S0,False,no_legal_transition_triggered,2965c0e8-fdd5-5246-a100-bfb612e12183,NULL,historical-blind-v1-20261002-diagnostic-v2:P09
P09,2025-05-06,S1,False,candidate,9fc2a27b-1062-5037-84d7-329171e73603,"{""from_state"": ""S0"", ""to_state"": ""S1"", ""trigger_rule"": ""candidate"", ""trigger_date"": ""2025-05-06"", ""effective_date"": ""2025-05-06"", ""reason"": ""candidate"", ""lifecycle_id"": ""9fc2a27b-1062-5037-84d7-329171e73603""}",historical-blind-v1-20261002-diagnostic-v2:P09
P09,2025-05-07,S0,False,candidate_failed,9fc2a27b-1062-5037-84d7-329171e73603,"{""from_state"": ""S1"", ""to_state"": ""S0"", ""trigger_rule"": ""candidate_failed"", ""trigger_date"": ""2025-05-07"", ""effective_date"": ""2025-05-07"", ""reason"": ""candidate_failed"", ""lifecycle_id"": ""9fc2a27b-1062-5037-84d7-329171e73603""}",historical-blind-v1-20261002-diagnostic-v2:P09
P09,2025-05-08,S0,False,no_legal_transition_triggered,9fc2a27b-1062-5037-84d7-329171e73603,NULL,historical-blind-v1-20261002-diagnostic-v2:P09
P09,2025-05-09,S0,False,no_legal_transition_triggered,9fc2a27b-1062-5037-84d7-329171e73603,NULL,historical-blind-v1-20261002-diagnostic-v2:P09
P09,2025-05-12,S0,False,no_legal_transition_triggered,9fc2a27b-1062-5037-84d7-329171e73603,NULL,historical-blind-v1-20261002-diagnostic-v2:P09
P09,2025-05-13,S0,False,no_legal_transition_triggered,9fc2a27b-1062-5037-84d7-329171e73603,NULL,historical-blind-v1-20261002-diagnostic-v2:P09
P09,2025-05-14,S0,False,no_legal_transition_triggered,9fc2a27b-1062-5037-84d7-329171e73603,NULL,historical-blind-v1-20261002-diagnostic-v2:P09
P09,2025-05-15,S1,False,candidate,8e24618f-ea3a-59eb-9c67-475c110daa83,"{""from_state"": ""S0"", ""to_state"": ""S1"", ""trigger_rule"": ""candidate"", ""trigger_date"": ""2025-05-15"", ""effective_date"": ""2025-05-15"", ""reason"": ""candidate"", ""lifecycle_id"": ""8e24618f-ea3a-59eb-9c67-475c110daa83""}",historical-blind-v1-20261002-diagnostic-v2:P09
P09,2025-05-16,S1,False,no_legal_transition_triggered,8e24618f-ea3a-59eb-9c67-475c110daa83,NULL,historical-blind-v1-20261002-diagnostic-v2:P09
P09,2025-05-19,S0,False,candidate_failed,8e24618f-ea3a-59eb-9c67-475c110daa83,"{""from_state"": ""S1"", ""to_state"": ""S0"", ""trigger_rule"": ""candidate_failed"", ""trigger_date"": ""2025-05-19"", ""effective_date"": ""2025-05-19"", ""reason"": ""candidate_failed"", ""lifecycle_id"": ""8e24618f-ea3a-59eb-9c67-475c110daa83""}",historical-blind-v1-20261002-diagnostic-v2:P09
P09,2025-05-20,S0,False,no_legal_transition_triggered,8e24618f-ea3a-59eb-9c67-475c110daa83,NULL,historical-blind-v1-20261002-diagnostic-v2:P09
P09,2025-05-21,S1,False,candidate,ba1c12c7-6060-54fc-a3d7-83395a2c6ae9,"{""from_state"": ""S0"", ""to_state"": ""S1"", ""trigger_rule"": ""candidate"", ""trigger_date"": ""2025-05-21"", ""effective_date"": ""2025-05-21"", ""reason"": ""candidate"", ""lifecycle_id"": ""ba1c12c7-6060-54fc-a3d7-83395a2c6ae9""}",historical-blind-v1-20261002-diagnostic-v2:P09
P09,2025-05-22,S0,False,candidate_failed,ba1c12c7-6060-54fc-a3d7-83395a2c6ae9,"{""from_state"": ""S1"", ""to_state"": ""S0"", ""trigger_rule"": ""candidate_failed"", ""trigger_date"": ""2025-05-22"", ""effective_date"": ""2025-05-22"", ""reason"": ""candidate_failed"", ""lifecycle_id"": ""ba1c12c7-6060-54fc-a3d7-83395a2c6ae9""}",historical-blind-v1-20261002-diagnostic-v2:P09
P09,2025-05-23,S1,False,candidate,9029591a-da57-5ed9-bc1f-618048c01239,"{""from_state"": ""S0"", ""to_state"": ""S1"", ""trigger_rule"": ""candidate"", ""trigger_date"": ""2025-05-23"", ""effective_date"": ""2025-05-23"", ""reason"": ""candidate"", ""lifecycle_id"": ""9029591a-da57-5ed9-bc1f-618048c01239""}",historical-blind-v1-20261002-diagnostic-v2:P09
P09,2025-05-26,S1,False,no_legal_transition_triggered,9029591a-da57-5ed9-bc1f-618048c01239,NULL,historical-blind-v1-20261002-diagnostic-v2:P09
P09,2025-05-27,S0,False,candidate_failed,9029591a-da57-5ed9-bc1f-618048c01239,"{""from_state"": ""S1"", ""to_state"": ""S0"", ""trigger_rule"": ""candidate_failed"", ""trigger_date"": ""2025-05-27"", ""effective_date"": ""2025-05-27"", ""reason"": ""candidate_failed"", ""lifecycle_id"": ""9029591a-da57-5ed9-bc1f-618048c01239""}",historical-blind-v1-20261002-diagnostic-v2:P09
P09,2025-05-28,S0,False,no_legal_transition_triggered,9029591a-da57-5ed9-bc1f-618048c01239,NULL,historical-blind-v1-20261002-diagnostic-v2:P09
P09,2025-05-29,S0,False,no_legal_transition_triggered,9029591a-da57-5ed9-bc1f-618048c01239,NULL,historical-blind-v1-20261002-diagnostic-v2:P09
P09,2025-05-30,S0,False,no_legal_transition_triggered,9029591a-da57-5ed9-bc1f-618048c01239,NULL,historical-blind-v1-20261002-diagnostic-v2:P09
P09,2025-06-03,S0,False,no_legal_transition_triggered,9029591a-da57-5ed9-bc1f-618048c01239,NULL,historical-blind-v1-20261002-diagnostic-v2:P09
P09,2025-06-04,S1,False,candidate,941e8a91-ce18-5988-b548-0b422233a086,"{""from_state"": ""S0"", ""to_state"": ""S1"", ""trigger_rule"": ""candidate"", ""trigger_date"": ""2025-06-04"", ""effective_date"": ""2025-06-04"", ""reason"": ""candidate"", ""lifecycle_id"": ""941e8a91-ce18-5988-b548-0b422233a086""}",historical-blind-v1-20261002-diagnostic-v2:P09
P09,2025-06-05,S0,False,candidate_failed,941e8a91-ce18-5988-b548-0b422233a086,"{""from_state"": ""S1"", ""to_state"": ""S0"", ""trigger_rule"": ""candidate_failed"", ""trigger_date"": ""2025-06-05"", ""effective_date"": ""2025-06-05"", ""reason"": ""candidate_failed"", ""lifecycle_id"": ""941e8a91-ce18-5988-b548-0b422233a086""}",historical-blind-v1-20261002-diagnostic-v2:P09
P09,2025-06-06,S1,False,candidate,fa672170-0a7f-5b89-bff5-5f255b8a6986,"{""from_state"": ""S0"", ""to_state"": ""S1"", ""trigger_rule"": ""candidate"", ""trigger_date"": ""2025-06-06"", ""effective_date"": ""2025-06-06"", ""reason"": ""candidate"", ""lifecycle_id"": ""fa672170-0a7f-5b89-bff5-5f255b8a6986""}",historical-blind-v1-20261002-diagnostic-v2:P09
P09,2025-06-09,S1,False,no_legal_transition_triggered,fa672170-0a7f-5b89-bff5-5f255b8a6986,NULL,historical-blind-v1-20261002-diagnostic-v2:P09
P09,2025-06-10,S1,False,no_legal_transition_triggered,fa672170-0a7f-5b89-bff5-5f255b8a6986,NULL,historical-blind-v1-20261002-diagnostic-v2:P09
P09,2025-06-11,S1,False,no_legal_transition_triggered,fa672170-0a7f-5b89-bff5-5f255b8a6986,NULL,historical-blind-v1-20261002-diagnostic-v2:P09
P09,2025-06-12,S1,False,no_legal_transition_triggered,fa672170-0a7f-5b89-bff5-5f255b8a6986,NULL,historical-blind-v1-20261002-diagnostic-v2:P09
P09,2025-06-13,S1,False,no_legal_transition_triggered,fa672170-0a7f-5b89-bff5-5f255b8a6986,NULL,historical-blind-v1-20261002-diagnostic-v2:P09
P09,2025-06-16,S1,False,no_legal_transition_triggered,fa672170-0a7f-5b89-bff5-5f255b8a6986,NULL,historical-blind-v1-20261002-diagnostic-v2:P09
P09,2025-06-17,S1,False,no_legal_transition_triggered,fa672170-0a7f-5b89-bff5-5f255b8a6986,NULL,historical-blind-v1-20261002-diagnostic-v2:P09
P09,2025-06-18,S0,False,candidate_failed,fa672170-0a7f-5b89-bff5-5f255b8a6986,"{""from_state"": ""S1"", ""to_state"": ""S0"", ""trigger_rule"": ""candidate_failed"", ""trigger_date"": ""2025-06-18"", ""effective_date"": ""2025-06-18"", ""reason"": ""candidate_failed"", ""lifecycle_id"": ""fa672170-0a7f-5b89-bff5-5f255b8a6986""}",historical-blind-v1-20261002-diagnostic-v2:P09
P09,2025-06-19,S0,False,no_legal_transition_triggered,fa672170-0a7f-5b89-bff5-5f255b8a6986,NULL,historical-blind-v1-20261002-diagnostic-v2:P09
P09,2025-06-20,S0,False,no_legal_transition_triggered,fa672170-0a7f-5b89-bff5-5f255b8a6986,NULL,historical-blind-v1-20261002-diagnostic-v2:P09
P09,2025-06-23,S0,False,no_legal_transition_triggered,fa672170-0a7f-5b89-bff5-5f255b8a6986,NULL,historical-blind-v1-20261002-diagnostic-v2:P09
P09,2025-06-24,S0,False,no_legal_transition_triggered,fa672170-0a7f-5b89-bff5-5f255b8a6986,NULL,historical-blind-v1-20261002-diagnostic-v2:P09
P09,2025-06-25,S0,False,no_legal_transition_triggered,fa672170-0a7f-5b89-bff5-5f255b8a6986,NULL,historical-blind-v1-20261002-diagnostic-v2:P09
P09,2025-06-26,S0,False,no_legal_transition_triggered,fa672170-0a7f-5b89-bff5-5f255b8a6986,NULL,historical-blind-v1-20261002-diagnostic-v2:P09
P09,2025-06-27,S0,False,no_legal_transition_triggered,fa672170-0a7f-5b89-bff5-5f255b8a6986,NULL,historical-blind-v1-20261002-diagnostic-v2:P09
P09,2025-06-30,S0,False,no_legal_transition_triggered,fa672170-0a7f-5b89-bff5-5f255b8a6986,NULL,historical-blind-v1-20261002-diagnostic-v2:P09
P10,2025-03-19,S3,False,no_legal_transition_triggered,b75bbc8e-a151-5a67-bce8-c0a75e838c8c,NULL,historical-blind-v1-20261002-diagnostic-v2:P10
P10,2025-03-20,S3,False,no_legal_transition_triggered,b75bbc8e-a151-5a67-bce8-c0a75e838c8c,NULL,historical-blind-v1-20261002-diagnostic-v2:P10
P10,2025-03-21,S3,False,no_legal_transition_triggered,b75bbc8e-a151-5a67-bce8-c0a75e838c8c,NULL,historical-blind-v1-20261002-diagnostic-v2:P10
P10,2025-03-24,S3,False,recover_requires_two_or_retire_requires_three_sessions,b75bbc8e-a151-5a67-bce8-c0a75e838c8c,NULL,historical-blind-v1-20261002-diagnostic-v2:P10
P10,2025-03-25,S3,False,recover_requires_two_or_retire_requires_three_sessions,b75bbc8e-a151-5a67-bce8-c0a75e838c8c,NULL,historical-blind-v1-20261002-diagnostic-v2:P10
P10,2025-03-26,S4,False,retire,b75bbc8e-a151-5a67-bce8-c0a75e838c8c,"{""from_state"": ""S3"", ""to_state"": ""S4"", ""trigger_rule"": ""retire"", ""trigger_date"": ""2025-03-26"", ""effective_date"": ""2025-03-26"", ""reason"": ""retire"", ""lifecycle_id"": ""b75bbc8e-a151-5a67-bce8-c0a75e838c8c""}",historical-blind-v1-20261002-diagnostic-v2:P10
P10,2025-03-27,S4,False,no_legal_transition_triggered,b75bbc8e-a151-5a67-bce8-c0a75e838c8c,NULL,historical-blind-v1-20261002-diagnostic-v2:P10
P10,2025-03-28,S4,False,no_legal_transition_triggered,b75bbc8e-a151-5a67-bce8-c0a75e838c8c,NULL,historical-blind-v1-20261002-diagnostic-v2:P10
P10,2025-03-31,S4,False,no_legal_transition_triggered,b75bbc8e-a151-5a67-bce8-c0a75e838c8c,NULL,historical-blind-v1-20261002-diagnostic-v2:P10
P10,2025-04-01,S1,False,new_lifecycle_reentry,0ff8c295-f02b-5b8d-a89e-a57308bac057,"{""from_state"": ""S4"", ""to_state"": ""S1"", ""trigger_rule"": ""new_lifecycle_reentry"", ""trigger_date"": ""2025-04-01"", ""effective_date"": ""2025-04-01"", ""reason"": ""new_lifecycle_reentry"", ""lifecycle_id"": ""0ff8c295-f02b-5b8d-a89e-a57308bac057""}",historical-blind-v1-20261002-diagnostic-v2:P10
P10,2025-04-02,S0,False,candidate_failed,0ff8c295-f02b-5b8d-a89e-a57308bac057,"{""from_state"": ""S1"", ""to_state"": ""S0"", ""trigger_rule"": ""candidate_failed"", ""trigger_date"": ""2025-04-02"", ""effective_date"": ""2025-04-02"", ""reason"": ""candidate_failed"", ""lifecycle_id"": ""0ff8c295-f02b-5b8d-a89e-a57308bac057""}",historical-blind-v1-20261002-diagnostic-v2:P10
P10,2025-04-03,S0,False,no_legal_transition_triggered,0ff8c295-f02b-5b8d-a89e-a57308bac057,NULL,historical-blind-v1-20261002-diagnostic-v2:P10
P10,2025-04-07,S0,False,no_legal_transition_triggered,0ff8c295-f02b-5b8d-a89e-a57308bac057,NULL,historical-blind-v1-20261002-diagnostic-v2:P10
P10,2025-04-08,S0,False,no_legal_transition_triggered,0ff8c295-f02b-5b8d-a89e-a57308bac057,NULL,historical-blind-v1-20261002-diagnostic-v2:P10
P10,2025-04-09,S1,False,candidate,69ff8341-7d9f-57b3-9503-000a34ae654b,"{""from_state"": ""S0"", ""to_state"": ""S1"", ""trigger_rule"": ""candidate"", ""trigger_date"": ""2025-04-09"", ""effective_date"": ""2025-04-09"", ""reason"": ""candidate"", ""lifecycle_id"": ""69ff8341-7d9f-57b3-9503-000a34ae654b""}",historical-blind-v1-20261002-diagnostic-v2:P10
P10,2025-04-10,S1,False,no_legal_transition_triggered,69ff8341-7d9f-57b3-9503-000a34ae654b,NULL,historical-blind-v1-20261002-diagnostic-v2:P10
P10,2025-04-11,S1,False,no_legal_transition_triggered,69ff8341-7d9f-57b3-9503-000a34ae654b,NULL,historical-blind-v1-20261002-diagnostic-v2:P10
P10,2025-04-14,S1,False,no_legal_transition_triggered,69ff8341-7d9f-57b3-9503-000a34ae654b,NULL,historical-blind-v1-20261002-diagnostic-v2:P10
P10,2025-04-15,S1,False,no_legal_transition_triggered,69ff8341-7d9f-57b3-9503-000a34ae654b,NULL,historical-blind-v1-20261002-diagnostic-v2:P10
P10,2025-04-16,S1,False,no_legal_transition_triggered,69ff8341-7d9f-57b3-9503-000a34ae654b,NULL,historical-blind-v1-20261002-diagnostic-v2:P10
P10,2025-04-17,S0,False,candidate_failed,69ff8341-7d9f-57b3-9503-000a34ae654b,"{""from_state"": ""S1"", ""to_state"": ""S0"", ""trigger_rule"": ""candidate_failed"", ""trigger_date"": ""2025-04-17"", ""effective_date"": ""2025-04-17"", ""reason"": ""candidate_failed"", ""lifecycle_id"": ""69ff8341-7d9f-57b3-9503-000a34ae654b""}",historical-blind-v1-20261002-diagnostic-v2:P10
P10,2025-04-18,S0,False,no_legal_transition_triggered,69ff8341-7d9f-57b3-9503-000a34ae654b,NULL,historical-blind-v1-20261002-diagnostic-v2:P10
P10,2025-04-21,S1,False,candidate,49f6ac32-856f-5e61-a9da-8be5e278d9e7,"{""from_state"": ""S0"", ""to_state"": ""S1"", ""trigger_rule"": ""candidate"", ""trigger_date"": ""2025-04-21"", ""effective_date"": ""2025-04-21"", ""reason"": ""candidate"", ""lifecycle_id"": ""49f6ac32-856f-5e61-a9da-8be5e278d9e7""}",historical-blind-v1-20261002-diagnostic-v2:P10
P10,2025-04-22,S0,False,candidate_failed,49f6ac32-856f-5e61-a9da-8be5e278d9e7,"{""from_state"": ""S1"", ""to_state"": ""S0"", ""trigger_rule"": ""candidate_failed"", ""trigger_date"": ""2025-04-22"", ""effective_date"": ""2025-04-22"", ""reason"": ""candidate_failed"", ""lifecycle_id"": ""49f6ac32-856f-5e61-a9da-8be5e278d9e7""}",historical-blind-v1-20261002-diagnostic-v2:P10
P10,2025-04-23,S0,False,no_legal_transition_triggered,49f6ac32-856f-5e61-a9da-8be5e278d9e7,NULL,historical-blind-v1-20261002-diagnostic-v2:P10
P10,2025-04-24,S0,False,no_legal_transition_triggered,49f6ac32-856f-5e61-a9da-8be5e278d9e7,NULL,historical-blind-v1-20261002-diagnostic-v2:P10
P10,2025-04-25,S0,False,no_legal_transition_triggered,49f6ac32-856f-5e61-a9da-8be5e278d9e7,NULL,historical-blind-v1-20261002-diagnostic-v2:P10
P10,2025-04-28,S0,False,no_legal_transition_triggered,49f6ac32-856f-5e61-a9da-8be5e278d9e7,NULL,historical-blind-v1-20261002-diagnostic-v2:P10
P10,2025-04-29,S0,False,no_legal_transition_triggered,49f6ac32-856f-5e61-a9da-8be5e278d9e7,NULL,historical-blind-v1-20261002-diagnostic-v2:P10
P10,2025-04-30,S0,False,no_legal_transition_triggered,49f6ac32-856f-5e61-a9da-8be5e278d9e7,NULL,historical-blind-v1-20261002-diagnostic-v2:P10
P10,2025-05-06,S0,False,no_legal_transition_triggered,49f6ac32-856f-5e61-a9da-8be5e278d9e7,NULL,historical-blind-v1-20261002-diagnostic-v2:P10
P10,2025-05-07,S1,False,candidate,6598b9d0-aab5-5dab-8c0f-ae96be4f6566,"{""from_state"": ""S0"", ""to_state"": ""S1"", ""trigger_rule"": ""candidate"", ""trigger_date"": ""2025-05-07"", ""effective_date"": ""2025-05-07"", ""reason"": ""candidate"", ""lifecycle_id"": ""6598b9d0-aab5-5dab-8c0f-ae96be4f6566""}",historical-blind-v1-20261002-diagnostic-v2:P10
P10,2025-05-08,S1,False,no_legal_transition_triggered,6598b9d0-aab5-5dab-8c0f-ae96be4f6566,NULL,historical-blind-v1-20261002-diagnostic-v2:P10
P10,2025-05-09,S1,False,no_legal_transition_triggered,6598b9d0-aab5-5dab-8c0f-ae96be4f6566,NULL,historical-blind-v1-20261002-diagnostic-v2:P10
P10,2025-05-12,S1,False,no_legal_transition_triggered,6598b9d0-aab5-5dab-8c0f-ae96be4f6566,NULL,historical-blind-v1-20261002-diagnostic-v2:P10
P10,2025-05-13,S1,False,no_legal_transition_triggered,6598b9d0-aab5-5dab-8c0f-ae96be4f6566,NULL,historical-blind-v1-20261002-diagnostic-v2:P10
P10,2025-05-14,S1,False,no_legal_transition_triggered,6598b9d0-aab5-5dab-8c0f-ae96be4f6566,NULL,historical-blind-v1-20261002-diagnostic-v2:P10
P10,2025-05-15,S1,False,no_legal_transition_triggered,6598b9d0-aab5-5dab-8c0f-ae96be4f6566,NULL,historical-blind-v1-20261002-diagnostic-v2:P10
P10,2025-05-16,S0,False,candidate_failed,6598b9d0-aab5-5dab-8c0f-ae96be4f6566,"{""from_state"": ""S1"", ""to_state"": ""S0"", ""trigger_rule"": ""candidate_failed"", ""trigger_date"": ""2025-05-16"", ""effective_date"": ""2025-05-16"", ""reason"": ""candidate_failed"", ""lifecycle_id"": ""6598b9d0-aab5-5dab-8c0f-ae96be4f6566""}",historical-blind-v1-20261002-diagnostic-v2:P10
P10,2025-05-19,S1,False,candidate,c77b4b3c-a758-5ad5-9658-8a0b11e60ef6,"{""from_state"": ""S0"", ""to_state"": ""S1"", ""trigger_rule"": ""candidate"", ""trigger_date"": ""2025-05-19"", ""effective_date"": ""2025-05-19"", ""reason"": ""candidate"", ""lifecycle_id"": ""c77b4b3c-a758-5ad5-9658-8a0b11e60ef6""}",historical-blind-v1-20261002-diagnostic-v2:P10
P10,2025-05-20,S0,False,candidate_failed,c77b4b3c-a758-5ad5-9658-8a0b11e60ef6,"{""from_state"": ""S1"", ""to_state"": ""S0"", ""trigger_rule"": ""candidate_failed"", ""trigger_date"": ""2025-05-20"", ""effective_date"": ""2025-05-20"", ""reason"": ""candidate_failed"", ""lifecycle_id"": ""c77b4b3c-a758-5ad5-9658-8a0b11e60ef6""}",historical-blind-v1-20261002-diagnostic-v2:P10
P10,2025-05-21,S0,False,no_legal_transition_triggered,c77b4b3c-a758-5ad5-9658-8a0b11e60ef6,NULL,historical-blind-v1-20261002-diagnostic-v2:P10
P10,2025-05-22,S0,False,no_legal_transition_triggered,c77b4b3c-a758-5ad5-9658-8a0b11e60ef6,NULL,historical-blind-v1-20261002-diagnostic-v2:P10
P10,2025-05-23,S0,False,no_legal_transition_triggered,c77b4b3c-a758-5ad5-9658-8a0b11e60ef6,NULL,historical-blind-v1-20261002-diagnostic-v2:P10
P10,2025-05-26,S0,False,no_legal_transition_triggered,c77b4b3c-a758-5ad5-9658-8a0b11e60ef6,NULL,historical-blind-v1-20261002-diagnostic-v2:P10
P10,2025-05-27,S0,False,no_legal_transition_triggered,c77b4b3c-a758-5ad5-9658-8a0b11e60ef6,NULL,historical-blind-v1-20261002-diagnostic-v2:P10
P10,2025-05-28,S0,False,no_legal_transition_triggered,c77b4b3c-a758-5ad5-9658-8a0b11e60ef6,NULL,historical-blind-v1-20261002-diagnostic-v2:P10
P10,2025-05-29,S0,False,no_legal_transition_triggered,c77b4b3c-a758-5ad5-9658-8a0b11e60ef6,NULL,historical-blind-v1-20261002-diagnostic-v2:P10
P10,2025-05-30,S1,False,candidate,eacf15a4-d202-5b0e-a0ed-d4bac41dcf81,"{""from_state"": ""S0"", ""to_state"": ""S1"", ""trigger_rule"": ""candidate"", ""trigger_date"": ""2025-05-30"", ""effective_date"": ""2025-05-30"", ""reason"": ""candidate"", ""lifecycle_id"": ""eacf15a4-d202-5b0e-a0ed-d4bac41dcf81""}",historical-blind-v1-20261002-diagnostic-v2:P10
P10,2025-06-03,S1,False,no_legal_transition_triggered,eacf15a4-d202-5b0e-a0ed-d4bac41dcf81,NULL,historical-blind-v1-20261002-diagnostic-v2:P10
P10,2025-06-04,S1,False,no_legal_transition_triggered,eacf15a4-d202-5b0e-a0ed-d4bac41dcf81,NULL,historical-blind-v1-20261002-diagnostic-v2:P10
P10,2025-06-05,S1,False,no_legal_transition_triggered,eacf15a4-d202-5b0e-a0ed-d4bac41dcf81,NULL,historical-blind-v1-20261002-diagnostic-v2:P10
P10,2025-06-06,S0,False,candidate_failed,eacf15a4-d202-5b0e-a0ed-d4bac41dcf81,"{""from_state"": ""S1"", ""to_state"": ""S0"", ""trigger_rule"": ""candidate_failed"", ""trigger_date"": ""2025-06-06"", ""effective_date"": ""2025-06-06"", ""reason"": ""candidate_failed"", ""lifecycle_id"": ""eacf15a4-d202-5b0e-a0ed-d4bac41dcf81""}",historical-blind-v1-20261002-diagnostic-v2:P10
P10,2025-06-09,S0,False,no_legal_transition_triggered,eacf15a4-d202-5b0e-a0ed-d4bac41dcf81,NULL,historical-blind-v1-20261002-diagnostic-v2:P10
P10,2025-06-10,S0,False,no_legal_transition_triggered,eacf15a4-d202-5b0e-a0ed-d4bac41dcf81,NULL,historical-blind-v1-20261002-diagnostic-v2:P10
P10,2025-06-11,S0,False,no_legal_transition_triggered,eacf15a4-d202-5b0e-a0ed-d4bac41dcf81,NULL,historical-blind-v1-20261002-diagnostic-v2:P10
P10,2025-06-12,S0,False,no_legal_transition_triggered,eacf15a4-d202-5b0e-a0ed-d4bac41dcf81,NULL,historical-blind-v1-20261002-diagnostic-v2:P10
P10,2025-06-13,S1,False,candidate,1df225af-68de-5df8-b74b-c2f36a3d5411,"{""from_state"": ""S0"", ""to_state"": ""S1"", ""trigger_rule"": ""candidate"", ""trigger_date"": ""2025-06-13"", ""effective_date"": ""2025-06-13"", ""reason"": ""candidate"", ""lifecycle_id"": ""1df225af-68de-5df8-b74b-c2f36a3d5411""}",historical-blind-v1-20261002-diagnostic-v2:P10
P10,2025-06-16,S1,False,no_legal_transition_triggered,1df225af-68de-5df8-b74b-c2f36a3d5411,NULL,historical-blind-v1-20261002-diagnostic-v2:P10
P10,2025-06-17,S1,False,no_legal_transition_triggered,1df225af-68de-5df8-b74b-c2f36a3d5411,NULL,historical-blind-v1-20261002-diagnostic-v2:P10
P10,2025-06-18,S1,False,no_legal_transition_triggered,1df225af-68de-5df8-b74b-c2f36a3d5411,NULL,historical-blind-v1-20261002-diagnostic-v2:P10
P10,2025-06-19,S1,False,no_legal_transition_triggered,1df225af-68de-5df8-b74b-c2f36a3d5411,NULL,historical-blind-v1-20261002-diagnostic-v2:P10
P10,2025-06-20,S1,False,no_legal_transition_triggered,1df225af-68de-5df8-b74b-c2f36a3d5411,NULL,historical-blind-v1-20261002-diagnostic-v2:P10
P10,2025-06-23,S1,False,no_legal_transition_triggered,1df225af-68de-5df8-b74b-c2f36a3d5411,NULL,historical-blind-v1-20261002-diagnostic-v2:P10
P10,2025-06-24,S1,False,no_legal_transition_triggered,1df225af-68de-5df8-b74b-c2f36a3d5411,NULL,historical-blind-v1-20261002-diagnostic-v2:P10
P10,2025-06-25,S1,False,no_legal_transition_triggered,1df225af-68de-5df8-b74b-c2f36a3d5411,NULL,historical-blind-v1-20261002-diagnostic-v2:P10
P10,2025-06-26,S1,False,no_legal_transition_triggered,1df225af-68de-5df8-b74b-c2f36a3d5411,NULL,historical-blind-v1-20261002-diagnostic-v2:P10
P10,2025-06-27,S2,False,confirm,1df225af-68de-5df8-b74b-c2f36a3d5411,"{""from_state"": ""S1"", ""to_state"": ""S2"", ""trigger_rule"": ""confirm"", ""trigger_date"": ""2025-06-27"", ""effective_date"": ""2025-06-27"", ""reason"": ""confirm"", ""lifecycle_id"": ""1df225af-68de-5df8-b74b-c2f36a3d5411""}",historical-blind-v1-20261002-diagnostic-v2:P10
P10,2025-06-30,S2,False,no_legal_transition_triggered,1df225af-68de-5df8-b74b-c2f36a3d5411,NULL,historical-blind-v1-20261002-diagnostic-v2:P10
N01,2024-09-02,S0,True,rule_evidence_unavailable:candidate,NULL,NULL,historical-blind-v1-20261002-diagnostic-v2:N01
N01,2024-09-03,S0,True,rule_evidence_unavailable:candidate,NULL,NULL,historical-blind-v1-20261002-diagnostic-v2:N01
N01,2024-09-04,S0,True,rule_evidence_unavailable:candidate,NULL,NULL,historical-blind-v1-20261002-diagnostic-v2:N01
N01,2024-09-05,S0,False,freeze_recovery_first_session_no_transition,NULL,NULL,historical-blind-v1-20261002-diagnostic-v2:N01
N01,2024-09-06,S0,False,no_legal_transition_triggered,NULL,NULL,historical-blind-v1-20261002-diagnostic-v2:N01
N01,2024-09-09,S0,True,rule_evidence_unavailable:candidate,NULL,NULL,historical-blind-v1-20261002-diagnostic-v2:N01
N01,2024-09-10,S0,False,freeze_recovery_first_session_no_transition,NULL,NULL,historical-blind-v1-20261002-diagnostic-v2:N01
N01,2024-09-11,S0,True,rule_evidence_unavailable:candidate,NULL,NULL,historical-blind-v1-20261002-diagnostic-v2:N01
N01,2024-09-12,S0,False,freeze_recovery_first_session_no_transition,NULL,NULL,historical-blind-v1-20261002-diagnostic-v2:N01
N01,2024-09-13,S0,True,rule_evidence_unavailable:candidate,NULL,NULL,historical-blind-v1-20261002-diagnostic-v2:N01
N01,2024-09-18,S0,False,freeze_recovery_first_session_no_transition,NULL,NULL,historical-blind-v1-20261002-diagnostic-v2:N01
N01,2024-09-19,S1,False,candidate,4b5f3650-1fa8-5a88-b3c6-9bfe3f64d2ac,"{""from_state"": ""S0"", ""to_state"": ""S1"", ""trigger_rule"": ""candidate"", ""trigger_date"": ""2024-09-19"", ""effective_date"": ""2024-09-19"", ""reason"": ""candidate"", ""lifecycle_id"": ""4b5f3650-1fa8-5a88-b3c6-9bfe3f64d2ac""}",historical-blind-v1-20261002-diagnostic-v2:N01
N01,2024-09-20,S0,False,candidate_failed,4b5f3650-1fa8-5a88-b3c6-9bfe3f64d2ac,"{""from_state"": ""S1"", ""to_state"": ""S0"", ""trigger_rule"": ""candidate_failed"", ""trigger_date"": ""2024-09-20"", ""effective_date"": ""2024-09-20"", ""reason"": ""candidate_failed"", ""lifecycle_id"": ""4b5f3650-1fa8-5a88-b3c6-9bfe3f64d2ac""}",historical-blind-v1-20261002-diagnostic-v2:N01
N01,2024-09-23,S0,False,no_legal_transition_triggered,4b5f3650-1fa8-5a88-b3c6-9bfe3f64d2ac,NULL,historical-blind-v1-20261002-diagnostic-v2:N01
N01,2024-09-24,S0,False,no_legal_transition_triggered,4b5f3650-1fa8-5a88-b3c6-9bfe3f64d2ac,NULL,historical-blind-v1-20261002-diagnostic-v2:N01
N01,2024-09-25,S0,False,no_legal_transition_triggered,4b5f3650-1fa8-5a88-b3c6-9bfe3f64d2ac,NULL,historical-blind-v1-20261002-diagnostic-v2:N01
N01,2024-09-26,S1,False,candidate,c6673feb-7f02-5b18-a042-4dfacf9c65ae,"{""from_state"": ""S0"", ""to_state"": ""S1"", ""trigger_rule"": ""candidate"", ""trigger_date"": ""2024-09-26"", ""effective_date"": ""2024-09-26"", ""reason"": ""candidate"", ""lifecycle_id"": ""c6673feb-7f02-5b18-a042-4dfacf9c65ae""}",historical-blind-v1-20261002-diagnostic-v2:N01
N01,2024-09-27,S1,False,no_legal_transition_triggered,c6673feb-7f02-5b18-a042-4dfacf9c65ae,NULL,historical-blind-v1-20261002-diagnostic-v2:N01
N01,2024-09-30,S1,False,no_legal_transition_triggered,c6673feb-7f02-5b18-a042-4dfacf9c65ae,NULL,historical-blind-v1-20261002-diagnostic-v2:N01
N01,2024-10-08,S1,False,no_legal_transition_triggered,c6673feb-7f02-5b18-a042-4dfacf9c65ae,NULL,historical-blind-v1-20261002-diagnostic-v2:N01
N01,2024-10-09,S0,False,candidate_failed,c6673feb-7f02-5b18-a042-4dfacf9c65ae,"{""from_state"": ""S1"", ""to_state"": ""S0"", ""trigger_rule"": ""candidate_failed"", ""trigger_date"": ""2024-10-09"", ""effective_date"": ""2024-10-09"", ""reason"": ""candidate_failed"", ""lifecycle_id"": ""c6673feb-7f02-5b18-a042-4dfacf9c65ae""}",historical-blind-v1-20261002-diagnostic-v2:N01
N01,2024-10-10,S0,False,no_legal_transition_triggered,c6673feb-7f02-5b18-a042-4dfacf9c65ae,NULL,historical-blind-v1-20261002-diagnostic-v2:N01
N01,2024-10-11,S1,False,candidate,30bfc027-eee4-56d3-930d-dcfe17fb744e,"{""from_state"": ""S0"", ""to_state"": ""S1"", ""trigger_rule"": ""candidate"", ""trigger_date"": ""2024-10-11"", ""effective_date"": ""2024-10-11"", ""reason"": ""candidate"", ""lifecycle_id"": ""30bfc027-eee4-56d3-930d-dcfe17fb744e""}",historical-blind-v1-20261002-diagnostic-v2:N01
N01,2024-10-14,S1,False,no_legal_transition_triggered,30bfc027-eee4-56d3-930d-dcfe17fb744e,NULL,historical-blind-v1-20261002-diagnostic-v2:N01
N01,2024-10-15,S0,False,candidate_failed,30bfc027-eee4-56d3-930d-dcfe17fb744e,"{""from_state"": ""S1"", ""to_state"": ""S0"", ""trigger_rule"": ""candidate_failed"", ""trigger_date"": ""2024-10-15"", ""effective_date"": ""2024-10-15"", ""reason"": ""candidate_failed"", ""lifecycle_id"": ""30bfc027-eee4-56d3-930d-dcfe17fb744e""}",historical-blind-v1-20261002-diagnostic-v2:N01
N01,2024-10-16,S0,False,no_legal_transition_triggered,30bfc027-eee4-56d3-930d-dcfe17fb744e,NULL,historical-blind-v1-20261002-diagnostic-v2:N01
N01,2024-10-17,S0,False,no_legal_transition_triggered,30bfc027-eee4-56d3-930d-dcfe17fb744e,NULL,historical-blind-v1-20261002-diagnostic-v2:N01
N01,2024-10-18,S0,False,no_legal_transition_triggered,30bfc027-eee4-56d3-930d-dcfe17fb744e,NULL,historical-blind-v1-20261002-diagnostic-v2:N01
N01,2024-10-21,S0,False,no_legal_transition_triggered,30bfc027-eee4-56d3-930d-dcfe17fb744e,NULL,historical-blind-v1-20261002-diagnostic-v2:N01
N01,2024-10-22,S0,False,no_legal_transition_triggered,30bfc027-eee4-56d3-930d-dcfe17fb744e,NULL,historical-blind-v1-20261002-diagnostic-v2:N01
N01,2024-10-23,S0,False,no_legal_transition_triggered,30bfc027-eee4-56d3-930d-dcfe17fb744e,NULL,historical-blind-v1-20261002-diagnostic-v2:N01
N01,2024-10-24,S0,False,no_legal_transition_triggered,30bfc027-eee4-56d3-930d-dcfe17fb744e,NULL,historical-blind-v1-20261002-diagnostic-v2:N01
N01,2024-10-25,S0,False,no_legal_transition_triggered,30bfc027-eee4-56d3-930d-dcfe17fb744e,NULL,historical-blind-v1-20261002-diagnostic-v2:N01
N01,2024-10-28,S1,False,candidate,4b04cb83-ce7d-51b2-9ad1-d763bde16499,"{""from_state"": ""S0"", ""to_state"": ""S1"", ""trigger_rule"": ""candidate"", ""trigger_date"": ""2024-10-28"", ""effective_date"": ""2024-10-28"", ""reason"": ""candidate"", ""lifecycle_id"": ""4b04cb83-ce7d-51b2-9ad1-d763bde16499""}",historical-blind-v1-20261002-diagnostic-v2:N01
N01,2024-10-29,S0,False,candidate_failed,4b04cb83-ce7d-51b2-9ad1-d763bde16499,"{""from_state"": ""S1"", ""to_state"": ""S0"", ""trigger_rule"": ""candidate_failed"", ""trigger_date"": ""2024-10-29"", ""effective_date"": ""2024-10-29"", ""reason"": ""candidate_failed"", ""lifecycle_id"": ""4b04cb83-ce7d-51b2-9ad1-d763bde16499""}",historical-blind-v1-20261002-diagnostic-v2:N01
N01,2024-10-30,S1,False,candidate,3d38eac5-b9d5-5501-be1d-5b94d28c6c45,"{""from_state"": ""S0"", ""to_state"": ""S1"", ""trigger_rule"": ""candidate"", ""trigger_date"": ""2024-10-30"", ""effective_date"": ""2024-10-30"", ""reason"": ""candidate"", ""lifecycle_id"": ""3d38eac5-b9d5-5501-be1d-5b94d28c6c45""}",historical-blind-v1-20261002-diagnostic-v2:N01
N01,2024-10-31,S0,False,candidate_failed,3d38eac5-b9d5-5501-be1d-5b94d28c6c45,"{""from_state"": ""S1"", ""to_state"": ""S0"", ""trigger_rule"": ""candidate_failed"", ""trigger_date"": ""2024-10-31"", ""effective_date"": ""2024-10-31"", ""reason"": ""candidate_failed"", ""lifecycle_id"": ""3d38eac5-b9d5-5501-be1d-5b94d28c6c45""}",historical-blind-v1-20261002-diagnostic-v2:N01
N01,2024-11-01,S1,False,candidate,cc6a21ea-874f-5ea4-b9d3-58417704d1ef,"{""from_state"": ""S0"", ""to_state"": ""S1"", ""trigger_rule"": ""candidate"", ""trigger_date"": ""2024-11-01"", ""effective_date"": ""2024-11-01"", ""reason"": ""candidate"", ""lifecycle_id"": ""cc6a21ea-874f-5ea4-b9d3-58417704d1ef""}",historical-blind-v1-20261002-diagnostic-v2:N01
N01,2024-11-04,S0,False,candidate_failed,cc6a21ea-874f-5ea4-b9d3-58417704d1ef,"{""from_state"": ""S1"", ""to_state"": ""S0"", ""trigger_rule"": ""candidate_failed"", ""trigger_date"": ""2024-11-04"", ""effective_date"": ""2024-11-04"", ""reason"": ""candidate_failed"", ""lifecycle_id"": ""cc6a21ea-874f-5ea4-b9d3-58417704d1ef""}",historical-blind-v1-20261002-diagnostic-v2:N01
N01,2024-11-05,S0,False,no_legal_transition_triggered,cc6a21ea-874f-5ea4-b9d3-58417704d1ef,NULL,historical-blind-v1-20261002-diagnostic-v2:N01
N01,2024-11-06,S0,False,no_legal_transition_triggered,cc6a21ea-874f-5ea4-b9d3-58417704d1ef,NULL,historical-blind-v1-20261002-diagnostic-v2:N01
N01,2024-11-07,S0,False,no_legal_transition_triggered,cc6a21ea-874f-5ea4-b9d3-58417704d1ef,NULL,historical-blind-v1-20261002-diagnostic-v2:N01
N01,2024-11-08,S0,False,no_legal_transition_triggered,cc6a21ea-874f-5ea4-b9d3-58417704d1ef,NULL,historical-blind-v1-20261002-diagnostic-v2:N01
N02,2024-09-02,S0,False,no_legal_transition_triggered,NULL,NULL,historical-blind-v1-20261002-diagnostic-v2:N02
N02,2024-09-03,S0,True,rule_evidence_unavailable:candidate,NULL,NULL,historical-blind-v1-20261002-diagnostic-v2:N02
N02,2024-09-04,S0,True,rule_evidence_unavailable:candidate,NULL,NULL,historical-blind-v1-20261002-diagnostic-v2:N02
N02,2024-09-05,S0,False,freeze_recovery_first_session_no_transition,NULL,NULL,historical-blind-v1-20261002-diagnostic-v2:N02
N02,2024-09-06,S1,False,candidate,62208c85-204e-5d8f-89bf-dc4371b30418,"{""from_state"": ""S0"", ""to_state"": ""S1"", ""trigger_rule"": ""candidate"", ""trigger_date"": ""2024-09-06"", ""effective_date"": ""2024-09-06"", ""reason"": ""candidate"", ""lifecycle_id"": ""62208c85-204e-5d8f-89bf-dc4371b30418""}",historical-blind-v1-20261002-diagnostic-v2:N02
N02,2024-09-09,S1,False,no_legal_transition_triggered,62208c85-204e-5d8f-89bf-dc4371b30418,NULL,historical-blind-v1-20261002-diagnostic-v2:N02
N02,2024-09-10,S1,False,no_legal_transition_triggered,62208c85-204e-5d8f-89bf-dc4371b30418,NULL,historical-blind-v1-20261002-diagnostic-v2:N02
N02,2024-09-11,S1,False,no_legal_transition_triggered,62208c85-204e-5d8f-89bf-dc4371b30418,NULL,historical-blind-v1-20261002-diagnostic-v2:N02
N02,2024-09-12,S1,False,no_legal_transition_triggered,62208c85-204e-5d8f-89bf-dc4371b30418,NULL,historical-blind-v1-20261002-diagnostic-v2:N02
N02,2024-09-13,S1,True,rule_evidence_unavailable:confirm,62208c85-204e-5d8f-89bf-dc4371b30418,NULL,historical-blind-v1-20261002-diagnostic-v2:N02
N02,2024-09-18,S1,True,rule_evidence_unavailable:confirm,62208c85-204e-5d8f-89bf-dc4371b30418,NULL,historical-blind-v1-20261002-diagnostic-v2:N02
N02,2024-09-19,S1,True,rule_evidence_unavailable:confirm,62208c85-204e-5d8f-89bf-dc4371b30418,NULL,historical-blind-v1-20261002-diagnostic-v2:N02
N02,2024-09-20,S1,True,rule_evidence_unavailable:confirm,62208c85-204e-5d8f-89bf-dc4371b30418,NULL,historical-blind-v1-20261002-diagnostic-v2:N02
N02,2024-09-23,S1,True,rule_evidence_unavailable:confirm,62208c85-204e-5d8f-89bf-dc4371b30418,NULL,historical-blind-v1-20261002-diagnostic-v2:N02
N02,2024-09-24,S1,False,freeze_recovery_first_session_no_transition,62208c85-204e-5d8f-89bf-dc4371b30418,NULL,historical-blind-v1-20261002-diagnostic-v2:N02
N02,2024-09-25,S1,True,rule_evidence_unavailable:confirm,62208c85-204e-5d8f-89bf-dc4371b30418,NULL,historical-blind-v1-20261002-diagnostic-v2:N02
N02,2024-09-26,S1,True,rule_evidence_unavailable:confirm,62208c85-204e-5d8f-89bf-dc4371b30418,NULL,historical-blind-v1-20261002-diagnostic-v2:N02
N02,2024-09-27,S1,True,rule_evidence_unavailable:confirm,62208c85-204e-5d8f-89bf-dc4371b30418,NULL,historical-blind-v1-20261002-diagnostic-v2:N02
N02,2024-09-30,S1,False,freeze_recovery_first_session_no_transition,62208c85-204e-5d8f-89bf-dc4371b30418,NULL,historical-blind-v1-20261002-diagnostic-v2:N02
N02,2024-10-08,S1,False,no_legal_transition_triggered,62208c85-204e-5d8f-89bf-dc4371b30418,NULL,historical-blind-v1-20261002-diagnostic-v2:N02
N02,2024-10-09,S0,False,candidate_failed,62208c85-204e-5d8f-89bf-dc4371b30418,"{""from_state"": ""S1"", ""to_state"": ""S0"", ""trigger_rule"": ""candidate_failed"", ""trigger_date"": ""2024-10-09"", ""effective_date"": ""2024-10-09"", ""reason"": ""candidate_failed"", ""lifecycle_id"": ""62208c85-204e-5d8f-89bf-dc4371b30418""}",historical-blind-v1-20261002-diagnostic-v2:N02
N02,2024-10-10,S0,False,no_legal_transition_triggered,62208c85-204e-5d8f-89bf-dc4371b30418,NULL,historical-blind-v1-20261002-diagnostic-v2:N02
N02,2024-10-11,S0,False,no_legal_transition_triggered,62208c85-204e-5d8f-89bf-dc4371b30418,NULL,historical-blind-v1-20261002-diagnostic-v2:N02
N02,2024-10-14,S0,False,no_legal_transition_triggered,62208c85-204e-5d8f-89bf-dc4371b30418,NULL,historical-blind-v1-20261002-diagnostic-v2:N02
N02,2024-10-15,S0,False,no_legal_transition_triggered,62208c85-204e-5d8f-89bf-dc4371b30418,NULL,historical-blind-v1-20261002-diagnostic-v2:N02
N02,2024-10-16,S1,False,candidate,f0a25483-7df9-52ab-8927-7fd445fb510f,"{""from_state"": ""S0"", ""to_state"": ""S1"", ""trigger_rule"": ""candidate"", ""trigger_date"": ""2024-10-16"", ""effective_date"": ""2024-10-16"", ""reason"": ""candidate"", ""lifecycle_id"": ""f0a25483-7df9-52ab-8927-7fd445fb510f""}",historical-blind-v1-20261002-diagnostic-v2:N02
N02,2024-10-17,S1,False,no_legal_transition_triggered,f0a25483-7df9-52ab-8927-7fd445fb510f,NULL,historical-blind-v1-20261002-diagnostic-v2:N02
N02,2024-10-18,S0,False,candidate_failed,f0a25483-7df9-52ab-8927-7fd445fb510f,"{""from_state"": ""S1"", ""to_state"": ""S0"", ""trigger_rule"": ""candidate_failed"", ""trigger_date"": ""2024-10-18"", ""effective_date"": ""2024-10-18"", ""reason"": ""candidate_failed"", ""lifecycle_id"": ""f0a25483-7df9-52ab-8927-7fd445fb510f""}",historical-blind-v1-20261002-diagnostic-v2:N02
N02,2024-10-21,S0,False,no_legal_transition_triggered,f0a25483-7df9-52ab-8927-7fd445fb510f,NULL,historical-blind-v1-20261002-diagnostic-v2:N02
N02,2024-10-22,S0,False,no_legal_transition_triggered,f0a25483-7df9-52ab-8927-7fd445fb510f,NULL,historical-blind-v1-20261002-diagnostic-v2:N02
N02,2024-10-23,S0,False,no_legal_transition_triggered,f0a25483-7df9-52ab-8927-7fd445fb510f,NULL,historical-blind-v1-20261002-diagnostic-v2:N02
N02,2024-10-24,S1,False,candidate,d1079171-b0a3-5900-9f46-33a9417fe7ef,"{""from_state"": ""S0"", ""to_state"": ""S1"", ""trigger_rule"": ""candidate"", ""trigger_date"": ""2024-10-24"", ""effective_date"": ""2024-10-24"", ""reason"": ""candidate"", ""lifecycle_id"": ""d1079171-b0a3-5900-9f46-33a9417fe7ef""}",historical-blind-v1-20261002-diagnostic-v2:N02
N02,2024-10-25,S0,False,candidate_failed,d1079171-b0a3-5900-9f46-33a9417fe7ef,"{""from_state"": ""S1"", ""to_state"": ""S0"", ""trigger_rule"": ""candidate_failed"", ""trigger_date"": ""2024-10-25"", ""effective_date"": ""2024-10-25"", ""reason"": ""candidate_failed"", ""lifecycle_id"": ""d1079171-b0a3-5900-9f46-33a9417fe7ef""}",historical-blind-v1-20261002-diagnostic-v2:N02
N02,2024-10-28,S1,False,candidate,c8cf7dd8-633b-59d9-aabc-a73761d7f542,"{""from_state"": ""S0"", ""to_state"": ""S1"", ""trigger_rule"": ""candidate"", ""trigger_date"": ""2024-10-28"", ""effective_date"": ""2024-10-28"", ""reason"": ""candidate"", ""lifecycle_id"": ""c8cf7dd8-633b-59d9-aabc-a73761d7f542""}",historical-blind-v1-20261002-diagnostic-v2:N02
N02,2024-10-29,S0,False,candidate_failed,c8cf7dd8-633b-59d9-aabc-a73761d7f542,"{""from_state"": ""S1"", ""to_state"": ""S0"", ""trigger_rule"": ""candidate_failed"", ""trigger_date"": ""2024-10-29"", ""effective_date"": ""2024-10-29"", ""reason"": ""candidate_failed"", ""lifecycle_id"": ""c8cf7dd8-633b-59d9-aabc-a73761d7f542""}",historical-blind-v1-20261002-diagnostic-v2:N02
N02,2024-10-30,S1,False,candidate,a36b507c-c7ae-5a1c-916d-4d2a518b7cbd,"{""from_state"": ""S0"", ""to_state"": ""S1"", ""trigger_rule"": ""candidate"", ""trigger_date"": ""2024-10-30"", ""effective_date"": ""2024-10-30"", ""reason"": ""candidate"", ""lifecycle_id"": ""a36b507c-c7ae-5a1c-916d-4d2a518b7cbd""}",historical-blind-v1-20261002-diagnostic-v2:N02
N02,2024-10-31,S1,True,rule_evidence_unavailable:confirm,a36b507c-c7ae-5a1c-916d-4d2a518b7cbd,NULL,historical-blind-v1-20261002-diagnostic-v2:N02
N02,2024-11-01,S1,True,rule_evidence_unavailable:confirm,a36b507c-c7ae-5a1c-916d-4d2a518b7cbd,NULL,historical-blind-v1-20261002-diagnostic-v2:N02
N02,2024-11-04,S1,False,freeze_recovery_first_session_no_transition,a36b507c-c7ae-5a1c-916d-4d2a518b7cbd,NULL,historical-blind-v1-20261002-diagnostic-v2:N02
N02,2024-11-05,S1,False,no_legal_transition_triggered,a36b507c-c7ae-5a1c-916d-4d2a518b7cbd,NULL,historical-blind-v1-20261002-diagnostic-v2:N02
N02,2024-11-06,S1,False,no_legal_transition_triggered,a36b507c-c7ae-5a1c-916d-4d2a518b7cbd,NULL,historical-blind-v1-20261002-diagnostic-v2:N02
N02,2024-11-07,S2,False,confirm,a36b507c-c7ae-5a1c-916d-4d2a518b7cbd,"{""from_state"": ""S1"", ""to_state"": ""S2"", ""trigger_rule"": ""confirm"", ""trigger_date"": ""2024-11-07"", ""effective_date"": ""2024-11-07"", ""reason"": ""confirm"", ""lifecycle_id"": ""a36b507c-c7ae-5a1c-916d-4d2a518b7cbd""}",historical-blind-v1-20261002-diagnostic-v2:N02
N02,2024-11-08,S2,False,no_legal_transition_triggered,a36b507c-c7ae-5a1c-916d-4d2a518b7cbd,NULL,historical-blind-v1-20261002-diagnostic-v2:N02
N03,2024-09-02,S0,False,no_legal_transition_triggered,NULL,NULL,historical-blind-v1-20261002-diagnostic-v2:N03
N03,2024-09-03,S0,True,rule_evidence_unavailable:candidate,NULL,NULL,historical-blind-v1-20261002-diagnostic-v2:N03
N03,2024-09-04,S0,True,rule_evidence_unavailable:candidate,NULL,NULL,historical-blind-v1-20261002-diagnostic-v2:N03
N03,2024-09-05,S0,False,freeze_recovery_first_session_no_transition,NULL,NULL,historical-blind-v1-20261002-diagnostic-v2:N03
N03,2024-09-06,S0,False,no_legal_transition_triggered,NULL,NULL,historical-blind-v1-20261002-diagnostic-v2:N03
N03,2024-09-09,S0,True,rule_evidence_unavailable:candidate,NULL,NULL,historical-blind-v1-20261002-diagnostic-v2:N03
N03,2024-09-10,S0,False,freeze_recovery_first_session_no_transition,NULL,NULL,historical-blind-v1-20261002-diagnostic-v2:N03
N03,2024-09-11,S0,False,no_legal_transition_triggered,NULL,NULL,historical-blind-v1-20261002-diagnostic-v2:N03
N03,2024-09-12,S0,False,no_legal_transition_triggered,NULL,NULL,historical-blind-v1-20261002-diagnostic-v2:N03
N03,2024-09-13,S0,False,no_legal_transition_triggered,NULL,NULL,historical-blind-v1-20261002-diagnostic-v2:N03
N03,2024-09-18,S0,False,no_legal_transition_triggered,NULL,NULL,historical-blind-v1-20261002-diagnostic-v2:N03
N03,2024-09-19,S1,False,candidate,8426d688-a257-5255-96c2-32b3dce7645e,"{""from_state"": ""S0"", ""to_state"": ""S1"", ""trigger_rule"": ""candidate"", ""trigger_date"": ""2024-09-19"", ""effective_date"": ""2024-09-19"", ""reason"": ""candidate"", ""lifecycle_id"": ""8426d688-a257-5255-96c2-32b3dce7645e""}",historical-blind-v1-20261002-diagnostic-v2:N03
N03,2024-09-20,S1,False,no_legal_transition_triggered,8426d688-a257-5255-96c2-32b3dce7645e,NULL,historical-blind-v1-20261002-diagnostic-v2:N03
N03,2024-09-23,S1,False,no_legal_transition_triggered,8426d688-a257-5255-96c2-32b3dce7645e,NULL,historical-blind-v1-20261002-diagnostic-v2:N03
N03,2024-09-24,S1,False,no_legal_transition_triggered,8426d688-a257-5255-96c2-32b3dce7645e,NULL,historical-blind-v1-20261002-diagnostic-v2:N03
N03,2024-09-25,S1,False,no_legal_transition_triggered,8426d688-a257-5255-96c2-32b3dce7645e,NULL,historical-blind-v1-20261002-diagnostic-v2:N03
N03,2024-09-26,S1,False,no_legal_transition_triggered,8426d688-a257-5255-96c2-32b3dce7645e,NULL,historical-blind-v1-20261002-diagnostic-v2:N03
N03,2024-09-27,S1,False,no_legal_transition_triggered,8426d688-a257-5255-96c2-32b3dce7645e,NULL,historical-blind-v1-20261002-diagnostic-v2:N03
N03,2024-09-30,S1,False,no_legal_transition_triggered,8426d688-a257-5255-96c2-32b3dce7645e,NULL,historical-blind-v1-20261002-diagnostic-v2:N03
N03,2024-10-08,S0,False,candidate_failed,8426d688-a257-5255-96c2-32b3dce7645e,"{""from_state"": ""S1"", ""to_state"": ""S0"", ""trigger_rule"": ""candidate_failed"", ""trigger_date"": ""2024-10-08"", ""effective_date"": ""2024-10-08"", ""reason"": ""candidate_failed"", ""lifecycle_id"": ""8426d688-a257-5255-96c2-32b3dce7645e""}",historical-blind-v1-20261002-diagnostic-v2:N03
N03,2024-10-09,S0,False,no_legal_transition_triggered,8426d688-a257-5255-96c2-32b3dce7645e,NULL,historical-blind-v1-20261002-diagnostic-v2:N03
N03,2024-10-10,S0,False,no_legal_transition_triggered,8426d688-a257-5255-96c2-32b3dce7645e,NULL,historical-blind-v1-20261002-diagnostic-v2:N03
N03,2024-10-11,S0,False,no_legal_transition_triggered,8426d688-a257-5255-96c2-32b3dce7645e,NULL,historical-blind-v1-20261002-diagnostic-v2:N03
N03,2024-10-14,S0,False,no_legal_transition_triggered,8426d688-a257-5255-96c2-32b3dce7645e,NULL,historical-blind-v1-20261002-diagnostic-v2:N03
N03,2024-10-15,S0,False,no_legal_transition_triggered,8426d688-a257-5255-96c2-32b3dce7645e,NULL,historical-blind-v1-20261002-diagnostic-v2:N03
N03,2024-10-16,S0,False,no_legal_transition_triggered,8426d688-a257-5255-96c2-32b3dce7645e,NULL,historical-blind-v1-20261002-diagnostic-v2:N03
N03,2024-10-17,S0,False,no_legal_transition_triggered,8426d688-a257-5255-96c2-32b3dce7645e,NULL,historical-blind-v1-20261002-diagnostic-v2:N03
N03,2024-10-18,S0,False,no_legal_transition_triggered,8426d688-a257-5255-96c2-32b3dce7645e,NULL,historical-blind-v1-20261002-diagnostic-v2:N03
N03,2024-10-21,S0,False,no_legal_transition_triggered,8426d688-a257-5255-96c2-32b3dce7645e,NULL,historical-blind-v1-20261002-diagnostic-v2:N03
N03,2024-10-22,S0,False,no_legal_transition_triggered,8426d688-a257-5255-96c2-32b3dce7645e,NULL,historical-blind-v1-20261002-diagnostic-v2:N03
N03,2024-10-23,S0,False,no_legal_transition_triggered,8426d688-a257-5255-96c2-32b3dce7645e,NULL,historical-blind-v1-20261002-diagnostic-v2:N03
N03,2024-10-24,S0,False,no_legal_transition_triggered,8426d688-a257-5255-96c2-32b3dce7645e,NULL,historical-blind-v1-20261002-diagnostic-v2:N03
N03,2024-10-25,S0,False,no_legal_transition_triggered,8426d688-a257-5255-96c2-32b3dce7645e,NULL,historical-blind-v1-20261002-diagnostic-v2:N03
N03,2024-10-28,S0,False,no_legal_transition_triggered,8426d688-a257-5255-96c2-32b3dce7645e,NULL,historical-blind-v1-20261002-diagnostic-v2:N03
N03,2024-10-29,S0,False,no_legal_transition_triggered,8426d688-a257-5255-96c2-32b3dce7645e,NULL,historical-blind-v1-20261002-diagnostic-v2:N03
N03,2024-10-30,S0,False,no_legal_transition_triggered,8426d688-a257-5255-96c2-32b3dce7645e,NULL,historical-blind-v1-20261002-diagnostic-v2:N03
N03,2024-10-31,S0,False,no_legal_transition_triggered,8426d688-a257-5255-96c2-32b3dce7645e,NULL,historical-blind-v1-20261002-diagnostic-v2:N03
N03,2024-11-01,S0,False,no_legal_transition_triggered,8426d688-a257-5255-96c2-32b3dce7645e,NULL,historical-blind-v1-20261002-diagnostic-v2:N03
N03,2024-11-04,S1,False,candidate,0680bed7-982b-5a62-8cb8-da82a84c67e7,"{""from_state"": ""S0"", ""to_state"": ""S1"", ""trigger_rule"": ""candidate"", ""trigger_date"": ""2024-11-04"", ""effective_date"": ""2024-11-04"", ""reason"": ""candidate"", ""lifecycle_id"": ""0680bed7-982b-5a62-8cb8-da82a84c67e7""}",historical-blind-v1-20261002-diagnostic-v2:N03
N03,2024-11-05,S0,False,candidate_failed,0680bed7-982b-5a62-8cb8-da82a84c67e7,"{""from_state"": ""S1"", ""to_state"": ""S0"", ""trigger_rule"": ""candidate_failed"", ""trigger_date"": ""2024-11-05"", ""effective_date"": ""2024-11-05"", ""reason"": ""candidate_failed"", ""lifecycle_id"": ""0680bed7-982b-5a62-8cb8-da82a84c67e7""}",historical-blind-v1-20261002-diagnostic-v2:N03
N03,2024-11-06,S1,False,candidate,594b29b3-25e9-5a58-871c-d89f4be734a9,"{""from_state"": ""S0"", ""to_state"": ""S1"", ""trigger_rule"": ""candidate"", ""trigger_date"": ""2024-11-06"", ""effective_date"": ""2024-11-06"", ""reason"": ""candidate"", ""lifecycle_id"": ""594b29b3-25e9-5a58-871c-d89f4be734a9""}",historical-blind-v1-20261002-diagnostic-v2:N03
N03,2024-11-07,S1,False,no_legal_transition_triggered,594b29b3-25e9-5a58-871c-d89f4be734a9,NULL,historical-blind-v1-20261002-diagnostic-v2:N03
N03,2024-11-08,S1,False,no_legal_transition_triggered,594b29b3-25e9-5a58-871c-d89f4be734a9,NULL,historical-blind-v1-20261002-diagnostic-v2:N03
N04,2024-10-29,S0,False,no_legal_transition_triggered,8426d688-a257-5255-96c2-32b3dce7645e,NULL,historical-blind-v1-20261002-diagnostic-v2:N04
N04,2024-10-30,S0,False,no_legal_transition_triggered,8426d688-a257-5255-96c2-32b3dce7645e,NULL,historical-blind-v1-20261002-diagnostic-v2:N04
N04,2024-10-31,S0,False,no_legal_transition_triggered,8426d688-a257-5255-96c2-32b3dce7645e,NULL,historical-blind-v1-20261002-diagnostic-v2:N04
N04,2024-11-01,S0,False,no_legal_transition_triggered,8426d688-a257-5255-96c2-32b3dce7645e,NULL,historical-blind-v1-20261002-diagnostic-v2:N04
N04,2024-11-04,S1,False,candidate,0680bed7-982b-5a62-8cb8-da82a84c67e7,"{""from_state"": ""S0"", ""to_state"": ""S1"", ""trigger_rule"": ""candidate"", ""trigger_date"": ""2024-11-04"", ""effective_date"": ""2024-11-04"", ""reason"": ""candidate"", ""lifecycle_id"": ""0680bed7-982b-5a62-8cb8-da82a84c67e7""}",historical-blind-v1-20261002-diagnostic-v2:N04
N04,2024-11-05,S0,False,candidate_failed,0680bed7-982b-5a62-8cb8-da82a84c67e7,"{""from_state"": ""S1"", ""to_state"": ""S0"", ""trigger_rule"": ""candidate_failed"", ""trigger_date"": ""2024-11-05"", ""effective_date"": ""2024-11-05"", ""reason"": ""candidate_failed"", ""lifecycle_id"": ""0680bed7-982b-5a62-8cb8-da82a84c67e7""}",historical-blind-v1-20261002-diagnostic-v2:N04
N04,2024-11-06,S1,False,candidate,594b29b3-25e9-5a58-871c-d89f4be734a9,"{""from_state"": ""S0"", ""to_state"": ""S1"", ""trigger_rule"": ""candidate"", ""trigger_date"": ""2024-11-06"", ""effective_date"": ""2024-11-06"", ""reason"": ""candidate"", ""lifecycle_id"": ""594b29b3-25e9-5a58-871c-d89f4be734a9""}",historical-blind-v1-20261002-diagnostic-v2:N04
N04,2024-11-07,S1,False,no_legal_transition_triggered,594b29b3-25e9-5a58-871c-d89f4be734a9,NULL,historical-blind-v1-20261002-diagnostic-v2:N04
N04,2024-11-08,S1,False,no_legal_transition_triggered,594b29b3-25e9-5a58-871c-d89f4be734a9,NULL,historical-blind-v1-20261002-diagnostic-v2:N04
N04,2024-11-11,S0,False,candidate_failed,594b29b3-25e9-5a58-871c-d89f4be734a9,"{""from_state"": ""S1"", ""to_state"": ""S0"", ""trigger_rule"": ""candidate_failed"", ""trigger_date"": ""2024-11-11"", ""effective_date"": ""2024-11-11"", ""reason"": ""candidate_failed"", ""lifecycle_id"": ""594b29b3-25e9-5a58-871c-d89f4be734a9""}",historical-blind-v1-20261002-diagnostic-v2:N04
N04,2024-11-12,S0,False,no_legal_transition_triggered,594b29b3-25e9-5a58-871c-d89f4be734a9,NULL,historical-blind-v1-20261002-diagnostic-v2:N04
N04,2024-11-13,S0,False,no_legal_transition_triggered,594b29b3-25e9-5a58-871c-d89f4be734a9,NULL,historical-blind-v1-20261002-diagnostic-v2:N04
N04,2024-11-14,S0,False,no_legal_transition_triggered,594b29b3-25e9-5a58-871c-d89f4be734a9,NULL,historical-blind-v1-20261002-diagnostic-v2:N04
N04,2024-11-15,S0,False,no_legal_transition_triggered,594b29b3-25e9-5a58-871c-d89f4be734a9,NULL,historical-blind-v1-20261002-diagnostic-v2:N04
N04,2024-11-18,S0,False,no_legal_transition_triggered,594b29b3-25e9-5a58-871c-d89f4be734a9,NULL,historical-blind-v1-20261002-diagnostic-v2:N04
N04,2024-11-19,S0,False,no_legal_transition_triggered,594b29b3-25e9-5a58-871c-d89f4be734a9,NULL,historical-blind-v1-20261002-diagnostic-v2:N04
N04,2024-11-20,S0,False,no_legal_transition_triggered,594b29b3-25e9-5a58-871c-d89f4be734a9,NULL,historical-blind-v1-20261002-diagnostic-v2:N04
N04,2024-11-21,S0,False,no_legal_transition_triggered,594b29b3-25e9-5a58-871c-d89f4be734a9,NULL,historical-blind-v1-20261002-diagnostic-v2:N04
N04,2024-11-22,S0,False,no_legal_transition_triggered,594b29b3-25e9-5a58-871c-d89f4be734a9,NULL,historical-blind-v1-20261002-diagnostic-v2:N04
N04,2024-11-25,S0,False,no_legal_transition_triggered,594b29b3-25e9-5a58-871c-d89f4be734a9,NULL,historical-blind-v1-20261002-diagnostic-v2:N04
N04,2024-11-26,S1,False,candidate,0de1462f-9332-5249-9ef9-23adfe85e7c0,"{""from_state"": ""S0"", ""to_state"": ""S1"", ""trigger_rule"": ""candidate"", ""trigger_date"": ""2024-11-26"", ""effective_date"": ""2024-11-26"", ""reason"": ""candidate"", ""lifecycle_id"": ""0de1462f-9332-5249-9ef9-23adfe85e7c0""}",historical-blind-v1-20261002-diagnostic-v2:N04
N04,2024-11-27,S1,False,no_legal_transition_triggered,0de1462f-9332-5249-9ef9-23adfe85e7c0,NULL,historical-blind-v1-20261002-diagnostic-v2:N04
N04,2024-11-28,S1,False,no_legal_transition_triggered,0de1462f-9332-5249-9ef9-23adfe85e7c0,NULL,historical-blind-v1-20261002-diagnostic-v2:N04
N04,2024-11-29,S1,False,no_legal_transition_triggered,0de1462f-9332-5249-9ef9-23adfe85e7c0,NULL,historical-blind-v1-20261002-diagnostic-v2:N04
N04,2024-12-02,S1,False,no_legal_transition_triggered,0de1462f-9332-5249-9ef9-23adfe85e7c0,NULL,historical-blind-v1-20261002-diagnostic-v2:N04
N04,2024-12-03,S1,False,no_legal_transition_triggered,0de1462f-9332-5249-9ef9-23adfe85e7c0,NULL,historical-blind-v1-20261002-diagnostic-v2:N04
N04,2024-12-04,S1,False,no_legal_transition_triggered,0de1462f-9332-5249-9ef9-23adfe85e7c0,NULL,historical-blind-v1-20261002-diagnostic-v2:N04
N04,2024-12-05,S0,False,candidate_failed,0de1462f-9332-5249-9ef9-23adfe85e7c0,"{""from_state"": ""S1"", ""to_state"": ""S0"", ""trigger_rule"": ""candidate_failed"", ""trigger_date"": ""2024-12-05"", ""effective_date"": ""2024-12-05"", ""reason"": ""candidate_failed"", ""lifecycle_id"": ""0de1462f-9332-5249-9ef9-23adfe85e7c0""}",historical-blind-v1-20261002-diagnostic-v2:N04
N04,2024-12-06,S0,False,no_legal_transition_triggered,0de1462f-9332-5249-9ef9-23adfe85e7c0,NULL,historical-blind-v1-20261002-diagnostic-v2:N04
N04,2024-12-09,S1,False,candidate,0a0ee4c9-e71c-5b16-874d-39430444811b,"{""from_state"": ""S0"", ""to_state"": ""S1"", ""trigger_rule"": ""candidate"", ""trigger_date"": ""2024-12-09"", ""effective_date"": ""2024-12-09"", ""reason"": ""candidate"", ""lifecycle_id"": ""0a0ee4c9-e71c-5b16-874d-39430444811b""}",historical-blind-v1-20261002-diagnostic-v2:N04
N04,2024-12-10,S1,False,no_legal_transition_triggered,0a0ee4c9-e71c-5b16-874d-39430444811b,NULL,historical-blind-v1-20261002-diagnostic-v2:N04
N04,2024-12-11,S1,False,no_legal_transition_triggered,0a0ee4c9-e71c-5b16-874d-39430444811b,NULL,historical-blind-v1-20261002-diagnostic-v2:N04
N04,2024-12-12,S1,False,no_legal_transition_triggered,0a0ee4c9-e71c-5b16-874d-39430444811b,NULL,historical-blind-v1-20261002-diagnostic-v2:N04
N04,2024-12-13,S1,False,no_legal_transition_triggered,0a0ee4c9-e71c-5b16-874d-39430444811b,NULL,historical-blind-v1-20261002-diagnostic-v2:N04
N04,2024-12-16,S1,False,no_legal_transition_triggered,0a0ee4c9-e71c-5b16-874d-39430444811b,NULL,historical-blind-v1-20261002-diagnostic-v2:N04
N04,2024-12-17,S1,False,no_legal_transition_triggered,0a0ee4c9-e71c-5b16-874d-39430444811b,NULL,historical-blind-v1-20261002-diagnostic-v2:N04
N04,2024-12-18,S1,False,no_legal_transition_triggered,0a0ee4c9-e71c-5b16-874d-39430444811b,NULL,historical-blind-v1-20261002-diagnostic-v2:N04
N04,2024-12-19,S1,False,no_legal_transition_triggered,0a0ee4c9-e71c-5b16-874d-39430444811b,NULL,historical-blind-v1-20261002-diagnostic-v2:N04
N04,2024-12-20,S0,False,candidate_failed,0a0ee4c9-e71c-5b16-874d-39430444811b,"{""from_state"": ""S1"", ""to_state"": ""S0"", ""trigger_rule"": ""candidate_failed"", ""trigger_date"": ""2024-12-20"", ""effective_date"": ""2024-12-20"", ""reason"": ""candidate_failed"", ""lifecycle_id"": ""0a0ee4c9-e71c-5b16-874d-39430444811b""}",historical-blind-v1-20261002-diagnostic-v2:N04
N04,2024-12-23,S0,False,no_legal_transition_triggered,0a0ee4c9-e71c-5b16-874d-39430444811b,NULL,historical-blind-v1-20261002-diagnostic-v2:N04
N04,2024-12-24,S1,False,candidate,3c01e07e-92fe-58a3-8193-9b313a3dc32d,"{""from_state"": ""S0"", ""to_state"": ""S1"", ""trigger_rule"": ""candidate"", ""trigger_date"": ""2024-12-24"", ""effective_date"": ""2024-12-24"", ""reason"": ""candidate"", ""lifecycle_id"": ""3c01e07e-92fe-58a3-8193-9b313a3dc32d""}",historical-blind-v1-20261002-diagnostic-v2:N04
N04,2024-12-25,S1,False,no_legal_transition_triggered,3c01e07e-92fe-58a3-8193-9b313a3dc32d,NULL,historical-blind-v1-20261002-diagnostic-v2:N04
N04,2024-12-26,S1,False,no_legal_transition_triggered,3c01e07e-92fe-58a3-8193-9b313a3dc32d,NULL,historical-blind-v1-20261002-diagnostic-v2:N04
N04,2024-12-27,S0,False,candidate_failed,3c01e07e-92fe-58a3-8193-9b313a3dc32d,"{""from_state"": ""S1"", ""to_state"": ""S0"", ""trigger_rule"": ""candidate_failed"", ""trigger_date"": ""2024-12-27"", ""effective_date"": ""2024-12-27"", ""reason"": ""candidate_failed"", ""lifecycle_id"": ""3c01e07e-92fe-58a3-8193-9b313a3dc32d""}",historical-blind-v1-20261002-diagnostic-v2:N04
N04,2024-12-30,S0,False,no_legal_transition_triggered,3c01e07e-92fe-58a3-8193-9b313a3dc32d,NULL,historical-blind-v1-20261002-diagnostic-v2:N04
N04,2024-12-31,S0,False,no_legal_transition_triggered,3c01e07e-92fe-58a3-8193-9b313a3dc32d,NULL,historical-blind-v1-20261002-diagnostic-v2:N04
N04,2025-01-02,S1,False,candidate,08309b7c-cd05-5249-8e5b-8facdc0e36bf,"{""from_state"": ""S0"", ""to_state"": ""S1"", ""trigger_rule"": ""candidate"", ""trigger_date"": ""2025-01-02"", ""effective_date"": ""2025-01-02"", ""reason"": ""candidate"", ""lifecycle_id"": ""08309b7c-cd05-5249-8e5b-8facdc0e36bf""}",historical-blind-v1-20261002-diagnostic-v2:N04
N04,2025-01-03,S1,False,no_legal_transition_triggered,08309b7c-cd05-5249-8e5b-8facdc0e36bf,NULL,historical-blind-v1-20261002-diagnostic-v2:N04
N04,2025-01-06,S1,False,no_legal_transition_triggered,08309b7c-cd05-5249-8e5b-8facdc0e36bf,NULL,historical-blind-v1-20261002-diagnostic-v2:N04
N04,2025-01-07,S0,False,candidate_failed,08309b7c-cd05-5249-8e5b-8facdc0e36bf,"{""from_state"": ""S1"", ""to_state"": ""S0"", ""trigger_rule"": ""candidate_failed"", ""trigger_date"": ""2025-01-07"", ""effective_date"": ""2025-01-07"", ""reason"": ""candidate_failed"", ""lifecycle_id"": ""08309b7c-cd05-5249-8e5b-8facdc0e36bf""}",historical-blind-v1-20261002-diagnostic-v2:N04
N04,2025-01-08,S0,False,no_legal_transition_triggered,08309b7c-cd05-5249-8e5b-8facdc0e36bf,NULL,historical-blind-v1-20261002-diagnostic-v2:N04
N04,2025-01-09,S0,False,no_legal_transition_triggered,08309b7c-cd05-5249-8e5b-8facdc0e36bf,NULL,historical-blind-v1-20261002-diagnostic-v2:N04
N04,2025-01-10,S0,False,no_legal_transition_triggered,08309b7c-cd05-5249-8e5b-8facdc0e36bf,NULL,historical-blind-v1-20261002-diagnostic-v2:N04
N04,2025-01-13,S1,False,candidate,e5bcc722-1b80-5639-9d3f-b80ef7fd032e,"{""from_state"": ""S0"", ""to_state"": ""S1"", ""trigger_rule"": ""candidate"", ""trigger_date"": ""2025-01-13"", ""effective_date"": ""2025-01-13"", ""reason"": ""candidate"", ""lifecycle_id"": ""e5bcc722-1b80-5639-9d3f-b80ef7fd032e""}",historical-blind-v1-20261002-diagnostic-v2:N04
N04,2025-01-14,S0,False,candidate_failed,e5bcc722-1b80-5639-9d3f-b80ef7fd032e,"{""from_state"": ""S1"", ""to_state"": ""S0"", ""trigger_rule"": ""candidate_failed"", ""trigger_date"": ""2025-01-14"", ""effective_date"": ""2025-01-14"", ""reason"": ""candidate_failed"", ""lifecycle_id"": ""e5bcc722-1b80-5639-9d3f-b80ef7fd032e""}",historical-blind-v1-20261002-diagnostic-v2:N04
N04,2025-01-15,S0,False,no_legal_transition_triggered,e5bcc722-1b80-5639-9d3f-b80ef7fd032e,NULL,historical-blind-v1-20261002-diagnostic-v2:N04
N04,2025-01-16,S0,False,no_legal_transition_triggered,e5bcc722-1b80-5639-9d3f-b80ef7fd032e,NULL,historical-blind-v1-20261002-diagnostic-v2:N04
N04,2025-01-17,S1,False,candidate,61632fe5-b8f5-5b5a-9e0e-3a1b85991f91,"{""from_state"": ""S0"", ""to_state"": ""S1"", ""trigger_rule"": ""candidate"", ""trigger_date"": ""2025-01-17"", ""effective_date"": ""2025-01-17"", ""reason"": ""candidate"", ""lifecycle_id"": ""61632fe5-b8f5-5b5a-9e0e-3a1b85991f91""}",historical-blind-v1-20261002-diagnostic-v2:N04
N04,2025-01-20,S0,False,candidate_failed,61632fe5-b8f5-5b5a-9e0e-3a1b85991f91,"{""from_state"": ""S1"", ""to_state"": ""S0"", ""trigger_rule"": ""candidate_failed"", ""trigger_date"": ""2025-01-20"", ""effective_date"": ""2025-01-20"", ""reason"": ""candidate_failed"", ""lifecycle_id"": ""61632fe5-b8f5-5b5a-9e0e-3a1b85991f91""}",historical-blind-v1-20261002-diagnostic-v2:N04
N04,2025-01-21,S0,False,no_legal_transition_triggered,61632fe5-b8f5-5b5a-9e0e-3a1b85991f91,NULL,historical-blind-v1-20261002-diagnostic-v2:N04
N04,2025-01-22,S0,False,no_legal_transition_triggered,61632fe5-b8f5-5b5a-9e0e-3a1b85991f91,NULL,historical-blind-v1-20261002-diagnostic-v2:N04
N04,2025-01-23,S0,False,no_legal_transition_triggered,61632fe5-b8f5-5b5a-9e0e-3a1b85991f91,NULL,historical-blind-v1-20261002-diagnostic-v2:N04
N04,2025-01-24,S0,False,no_legal_transition_triggered,61632fe5-b8f5-5b5a-9e0e-3a1b85991f91,NULL,historical-blind-v1-20261002-diagnostic-v2:N04
N04,2025-01-27,S0,False,no_legal_transition_triggered,61632fe5-b8f5-5b5a-9e0e-3a1b85991f91,NULL,historical-blind-v1-20261002-diagnostic-v2:N04
N05,2024-12-26,S4,False,no_legal_transition_triggered,7c96dd04-78f8-592c-86e6-8414aaf96670,NULL,historical-blind-v1-20261002-diagnostic-v2:N05
N05,2024-12-27,S4,False,no_legal_transition_triggered,7c96dd04-78f8-592c-86e6-8414aaf96670,NULL,historical-blind-v1-20261002-diagnostic-v2:N05
N05,2024-12-30,S4,False,no_legal_transition_triggered,7c96dd04-78f8-592c-86e6-8414aaf96670,NULL,historical-blind-v1-20261002-diagnostic-v2:N05
N05,2024-12-31,S4,False,no_legal_transition_triggered,7c96dd04-78f8-592c-86e6-8414aaf96670,NULL,historical-blind-v1-20261002-diagnostic-v2:N05
N05,2025-01-02,S4,False,no_legal_transition_triggered,7c96dd04-78f8-592c-86e6-8414aaf96670,NULL,historical-blind-v1-20261002-diagnostic-v2:N05
N05,2025-01-03,S4,False,no_legal_transition_triggered,7c96dd04-78f8-592c-86e6-8414aaf96670,NULL,historical-blind-v1-20261002-diagnostic-v2:N05
N05,2025-01-06,S4,False,no_legal_transition_triggered,7c96dd04-78f8-592c-86e6-8414aaf96670,NULL,historical-blind-v1-20261002-diagnostic-v2:N05
N05,2025-01-07,S4,False,no_legal_transition_triggered,7c96dd04-78f8-592c-86e6-8414aaf96670,NULL,historical-blind-v1-20261002-diagnostic-v2:N05
N05,2025-01-08,S4,False,no_legal_transition_triggered,7c96dd04-78f8-592c-86e6-8414aaf96670,NULL,historical-blind-v1-20261002-diagnostic-v2:N05
N05,2025-01-09,S4,False,no_legal_transition_triggered,7c96dd04-78f8-592c-86e6-8414aaf96670,NULL,historical-blind-v1-20261002-diagnostic-v2:N05
N05,2025-01-10,S4,False,no_legal_transition_triggered,7c96dd04-78f8-592c-86e6-8414aaf96670,NULL,historical-blind-v1-20261002-diagnostic-v2:N05
N05,2025-01-13,S4,False,no_legal_transition_triggered,7c96dd04-78f8-592c-86e6-8414aaf96670,NULL,historical-blind-v1-20261002-diagnostic-v2:N05
N05,2025-01-14,S1,False,new_lifecycle_reentry,7a297c18-ace7-5820-8bb6-6085445d9d9a,"{""from_state"": ""S4"", ""to_state"": ""S1"", ""trigger_rule"": ""new_lifecycle_reentry"", ""trigger_date"": ""2025-01-14"", ""effective_date"": ""2025-01-14"", ""reason"": ""new_lifecycle_reentry"", ""lifecycle_id"": ""7a297c18-ace7-5820-8bb6-6085445d9d9a""}",historical-blind-v1-20261002-diagnostic-v2:N05
N05,2025-01-15,S1,False,no_legal_transition_triggered,7a297c18-ace7-5820-8bb6-6085445d9d9a,NULL,historical-blind-v1-20261002-diagnostic-v2:N05
N05,2025-01-16,S1,False,no_legal_transition_triggered,7a297c18-ace7-5820-8bb6-6085445d9d9a,NULL,historical-blind-v1-20261002-diagnostic-v2:N05
N05,2025-01-17,S1,False,no_legal_transition_triggered,7a297c18-ace7-5820-8bb6-6085445d9d9a,NULL,historical-blind-v1-20261002-diagnostic-v2:N05
N05,2025-01-20,S1,False,no_legal_transition_triggered,7a297c18-ace7-5820-8bb6-6085445d9d9a,NULL,historical-blind-v1-20261002-diagnostic-v2:N05
N05,2025-01-21,S1,False,no_legal_transition_triggered,7a297c18-ace7-5820-8bb6-6085445d9d9a,NULL,historical-blind-v1-20261002-diagnostic-v2:N05
N05,2025-01-22,S0,False,candidate_failed,7a297c18-ace7-5820-8bb6-6085445d9d9a,"{""from_state"": ""S1"", ""to_state"": ""S0"", ""trigger_rule"": ""candidate_failed"", ""trigger_date"": ""2025-01-22"", ""effective_date"": ""2025-01-22"", ""reason"": ""candidate_failed"", ""lifecycle_id"": ""7a297c18-ace7-5820-8bb6-6085445d9d9a""}",historical-blind-v1-20261002-diagnostic-v2:N05
N05,2025-01-23,S0,False,no_legal_transition_triggered,7a297c18-ace7-5820-8bb6-6085445d9d9a,NULL,historical-blind-v1-20261002-diagnostic-v2:N05
N05,2025-01-24,S1,False,candidate,73b55693-b19b-5cfd-9b38-c1e14baa0c5b,"{""from_state"": ""S0"", ""to_state"": ""S1"", ""trigger_rule"": ""candidate"", ""trigger_date"": ""2025-01-24"", ""effective_date"": ""2025-01-24"", ""reason"": ""candidate"", ""lifecycle_id"": ""73b55693-b19b-5cfd-9b38-c1e14baa0c5b""}",historical-blind-v1-20261002-diagnostic-v2:N05
N05,2025-01-27,S1,False,no_legal_transition_triggered,73b55693-b19b-5cfd-9b38-c1e14baa0c5b,NULL,historical-blind-v1-20261002-diagnostic-v2:N05
N05,2025-02-05,S1,False,no_legal_transition_triggered,73b55693-b19b-5cfd-9b38-c1e14baa0c5b,NULL,historical-blind-v1-20261002-diagnostic-v2:N05
N05,2025-02-06,S2,False,confirm,73b55693-b19b-5cfd-9b38-c1e14baa0c5b,"{""from_state"": ""S1"", ""to_state"": ""S2"", ""trigger_rule"": ""confirm"", ""trigger_date"": ""2025-02-06"", ""effective_date"": ""2025-02-06"", ""reason"": ""confirm"", ""lifecycle_id"": ""73b55693-b19b-5cfd-9b38-c1e14baa0c5b""}",historical-blind-v1-20261002-diagnostic-v2:N05
N05,2025-02-07,S2,False,no_legal_transition_triggered,73b55693-b19b-5cfd-9b38-c1e14baa0c5b,NULL,historical-blind-v1-20261002-diagnostic-v2:N05
N05,2025-02-10,S2,False,no_legal_transition_triggered,73b55693-b19b-5cfd-9b38-c1e14baa0c5b,NULL,historical-blind-v1-20261002-diagnostic-v2:N05
N05,2025-02-11,S2,False,no_legal_transition_triggered,73b55693-b19b-5cfd-9b38-c1e14baa0c5b,NULL,historical-blind-v1-20261002-diagnostic-v2:N05
N05,2025-02-12,S2,False,no_legal_transition_triggered,73b55693-b19b-5cfd-9b38-c1e14baa0c5b,NULL,historical-blind-v1-20261002-diagnostic-v2:N05
N05,2025-02-13,S2,False,no_legal_transition_triggered,73b55693-b19b-5cfd-9b38-c1e14baa0c5b,NULL,historical-blind-v1-20261002-diagnostic-v2:N05
N05,2025-02-14,S2,False,no_legal_transition_triggered,73b55693-b19b-5cfd-9b38-c1e14baa0c5b,NULL,historical-blind-v1-20261002-diagnostic-v2:N05
N05,2025-02-17,S2,False,no_legal_transition_triggered,73b55693-b19b-5cfd-9b38-c1e14baa0c5b,NULL,historical-blind-v1-20261002-diagnostic-v2:N05
N05,2025-02-18,S2,False,no_legal_transition_triggered,73b55693-b19b-5cfd-9b38-c1e14baa0c5b,NULL,historical-blind-v1-20261002-diagnostic-v2:N05
N05,2025-02-19,S3,False,weaken,73b55693-b19b-5cfd-9b38-c1e14baa0c5b,"{""from_state"": ""S2"", ""to_state"": ""S3"", ""trigger_rule"": ""weaken"", ""trigger_date"": ""2025-02-19"", ""effective_date"": ""2025-02-19"", ""reason"": ""weaken"", ""lifecycle_id"": ""73b55693-b19b-5cfd-9b38-c1e14baa0c5b""}",historical-blind-v1-20261002-diagnostic-v2:N05
N05,2025-02-20,S3,False,no_legal_transition_triggered,73b55693-b19b-5cfd-9b38-c1e14baa0c5b,NULL,historical-blind-v1-20261002-diagnostic-v2:N05
N05,2025-02-21,S3,False,no_legal_transition_triggered,73b55693-b19b-5cfd-9b38-c1e14baa0c5b,NULL,historical-blind-v1-20261002-diagnostic-v2:N05
N05,2025-02-24,S3,False,no_legal_transition_triggered,73b55693-b19b-5cfd-9b38-c1e14baa0c5b,NULL,historical-blind-v1-20261002-diagnostic-v2:N05
N05,2025-02-25,S3,False,recover_requires_two_or_retire_requires_three_sessions,73b55693-b19b-5cfd-9b38-c1e14baa0c5b,NULL,historical-blind-v1-20261002-diagnostic-v2:N05
N05,2025-02-26,S3,False,recover_requires_two_or_retire_requires_three_sessions,73b55693-b19b-5cfd-9b38-c1e14baa0c5b,NULL,historical-blind-v1-20261002-diagnostic-v2:N05
N05,2025-02-27,S4,False,retire,73b55693-b19b-5cfd-9b38-c1e14baa0c5b,"{""from_state"": ""S3"", ""to_state"": ""S4"", ""trigger_rule"": ""retire"", ""trigger_date"": ""2025-02-27"", ""effective_date"": ""2025-02-27"", ""reason"": ""retire"", ""lifecycle_id"": ""73b55693-b19b-5cfd-9b38-c1e14baa0c5b""}",historical-blind-v1-20261002-diagnostic-v2:N05
N05,2025-02-28,S4,False,no_legal_transition_triggered,73b55693-b19b-5cfd-9b38-c1e14baa0c5b,NULL,historical-blind-v1-20261002-diagnostic-v2:N05
N05,2025-03-03,S4,False,no_legal_transition_triggered,73b55693-b19b-5cfd-9b38-c1e14baa0c5b,NULL,historical-blind-v1-20261002-diagnostic-v2:N05
N05,2025-03-04,S4,False,no_legal_transition_triggered,73b55693-b19b-5cfd-9b38-c1e14baa0c5b,NULL,historical-blind-v1-20261002-diagnostic-v2:N05
N05,2025-03-05,S4,False,no_legal_transition_triggered,73b55693-b19b-5cfd-9b38-c1e14baa0c5b,NULL,historical-blind-v1-20261002-diagnostic-v2:N05
N05,2025-03-06,S4,False,no_legal_transition_triggered,73b55693-b19b-5cfd-9b38-c1e14baa0c5b,NULL,historical-blind-v1-20261002-diagnostic-v2:N05
N05,2025-03-07,S4,False,no_legal_transition_triggered,73b55693-b19b-5cfd-9b38-c1e14baa0c5b,NULL,historical-blind-v1-20261002-diagnostic-v2:N05
N05,2025-03-10,S4,False,no_legal_transition_triggered,73b55693-b19b-5cfd-9b38-c1e14baa0c5b,NULL,historical-blind-v1-20261002-diagnostic-v2:N05
N05,2025-03-11,S4,False,no_legal_transition_triggered,73b55693-b19b-5cfd-9b38-c1e14baa0c5b,NULL,historical-blind-v1-20261002-diagnostic-v2:N05
N05,2025-03-12,S1,False,new_lifecycle_reentry,aaed8d4e-045d-5347-a7b5-a646ae458a5d,"{""from_state"": ""S4"", ""to_state"": ""S1"", ""trigger_rule"": ""new_lifecycle_reentry"", ""trigger_date"": ""2025-03-12"", ""effective_date"": ""2025-03-12"", ""reason"": ""new_lifecycle_reentry"", ""lifecycle_id"": ""aaed8d4e-045d-5347-a7b5-a646ae458a5d""}",historical-blind-v1-20261002-diagnostic-v2:N05
N05,2025-03-13,S0,False,candidate_failed,aaed8d4e-045d-5347-a7b5-a646ae458a5d,"{""from_state"": ""S1"", ""to_state"": ""S0"", ""trigger_rule"": ""candidate_failed"", ""trigger_date"": ""2025-03-13"", ""effective_date"": ""2025-03-13"", ""reason"": ""candidate_failed"", ""lifecycle_id"": ""aaed8d4e-045d-5347-a7b5-a646ae458a5d""}",historical-blind-v1-20261002-diagnostic-v2:N05
N05,2025-03-14,S1,False,candidate,8e99d80d-b9ca-5919-a065-bb67cb525c45,"{""from_state"": ""S0"", ""to_state"": ""S1"", ""trigger_rule"": ""candidate"", ""trigger_date"": ""2025-03-14"", ""effective_date"": ""2025-03-14"", ""reason"": ""candidate"", ""lifecycle_id"": ""8e99d80d-b9ca-5919-a065-bb67cb525c45""}",historical-blind-v1-20261002-diagnostic-v2:N05
N05,2025-03-17,S0,False,candidate_failed,8e99d80d-b9ca-5919-a065-bb67cb525c45,"{""from_state"": ""S1"", ""to_state"": ""S0"", ""trigger_rule"": ""candidate_failed"", ""trigger_date"": ""2025-03-17"", ""effective_date"": ""2025-03-17"", ""reason"": ""candidate_failed"", ""lifecycle_id"": ""8e99d80d-b9ca-5919-a065-bb67cb525c45""}",historical-blind-v1-20261002-diagnostic-v2:N05
N05,2025-03-18,S0,False,no_legal_transition_triggered,8e99d80d-b9ca-5919-a065-bb67cb525c45,NULL,historical-blind-v1-20261002-diagnostic-v2:N05
N05,2025-03-19,S0,False,no_legal_transition_triggered,8e99d80d-b9ca-5919-a065-bb67cb525c45,NULL,historical-blind-v1-20261002-diagnostic-v2:N05
N05,2025-03-20,S0,False,no_legal_transition_triggered,8e99d80d-b9ca-5919-a065-bb67cb525c45,NULL,historical-blind-v1-20261002-diagnostic-v2:N05
N05,2025-03-21,S0,False,no_legal_transition_triggered,8e99d80d-b9ca-5919-a065-bb67cb525c45,NULL,historical-blind-v1-20261002-diagnostic-v2:N05
N05,2025-03-24,S0,False,no_legal_transition_triggered,8e99d80d-b9ca-5919-a065-bb67cb525c45,NULL,historical-blind-v1-20261002-diagnostic-v2:N05
N05,2025-03-25,S0,False,no_legal_transition_triggered,8e99d80d-b9ca-5919-a065-bb67cb525c45,NULL,historical-blind-v1-20261002-diagnostic-v2:N05
N05,2025-03-26,S0,False,no_legal_transition_triggered,8e99d80d-b9ca-5919-a065-bb67cb525c45,NULL,historical-blind-v1-20261002-diagnostic-v2:N05
N05,2025-03-27,S0,False,no_legal_transition_triggered,8e99d80d-b9ca-5919-a065-bb67cb525c45,NULL,historical-blind-v1-20261002-diagnostic-v2:N05
N05,2025-03-28,S1,False,candidate,5ef17f97-b038-5fd6-b2d1-76688202651e,"{""from_state"": ""S0"", ""to_state"": ""S1"", ""trigger_rule"": ""candidate"", ""trigger_date"": ""2025-03-28"", ""effective_date"": ""2025-03-28"", ""reason"": ""candidate"", ""lifecycle_id"": ""5ef17f97-b038-5fd6-b2d1-76688202651e""}",historical-blind-v1-20261002-diagnostic-v2:N05
N05,2025-03-31,S0,False,candidate_failed,5ef17f97-b038-5fd6-b2d1-76688202651e,"{""from_state"": ""S1"", ""to_state"": ""S0"", ""trigger_rule"": ""candidate_failed"", ""trigger_date"": ""2025-03-31"", ""effective_date"": ""2025-03-31"", ""reason"": ""candidate_failed"", ""lifecycle_id"": ""5ef17f97-b038-5fd6-b2d1-76688202651e""}",historical-blind-v1-20261002-diagnostic-v2:N05
N05,2025-04-01,S0,False,no_legal_transition_triggered,5ef17f97-b038-5fd6-b2d1-76688202651e,NULL,historical-blind-v1-20261002-diagnostic-v2:N05
N05,2025-04-02,S1,False,candidate,f5ba2249-9430-5eb0-a027-d5ccc4a58744,"{""from_state"": ""S0"", ""to_state"": ""S1"", ""trigger_rule"": ""candidate"", ""trigger_date"": ""2025-04-02"", ""effective_date"": ""2025-04-02"", ""reason"": ""candidate"", ""lifecycle_id"": ""f5ba2249-9430-5eb0-a027-d5ccc4a58744""}",historical-blind-v1-20261002-diagnostic-v2:N05
N05,2025-04-03,S1,False,no_legal_transition_triggered,f5ba2249-9430-5eb0-a027-d5ccc4a58744,NULL,historical-blind-v1-20261002-diagnostic-v2:N05
N05,2025-04-07,S0,False,candidate_failed,f5ba2249-9430-5eb0-a027-d5ccc4a58744,"{""from_state"": ""S1"", ""to_state"": ""S0"", ""trigger_rule"": ""candidate_failed"", ""trigger_date"": ""2025-04-07"", ""effective_date"": ""2025-04-07"", ""reason"": ""candidate_failed"", ""lifecycle_id"": ""f5ba2249-9430-5eb0-a027-d5ccc4a58744""}",historical-blind-v1-20261002-diagnostic-v2:N05
N06,2024-11-04,S0,False,no_legal_transition_triggered,6d0ceccb-9242-5521-ba3a-d6ef0a8981fc,NULL,historical-blind-v1-20261002-diagnostic-v2:N06
N06,2024-11-05,S0,False,no_legal_transition_triggered,6d0ceccb-9242-5521-ba3a-d6ef0a8981fc,NULL,historical-blind-v1-20261002-diagnostic-v2:N06
N06,2024-11-06,S0,False,no_legal_transition_triggered,6d0ceccb-9242-5521-ba3a-d6ef0a8981fc,NULL,historical-blind-v1-20261002-diagnostic-v2:N06
N06,2024-11-07,S0,False,no_legal_transition_triggered,6d0ceccb-9242-5521-ba3a-d6ef0a8981fc,NULL,historical-blind-v1-20261002-diagnostic-v2:N06
N06,2024-11-08,S0,False,no_legal_transition_triggered,6d0ceccb-9242-5521-ba3a-d6ef0a8981fc,NULL,historical-blind-v1-20261002-diagnostic-v2:N06
N06,2024-11-11,S0,False,no_legal_transition_triggered,6d0ceccb-9242-5521-ba3a-d6ef0a8981fc,NULL,historical-blind-v1-20261002-diagnostic-v2:N06
N06,2024-11-12,S0,False,no_legal_transition_triggered,6d0ceccb-9242-5521-ba3a-d6ef0a8981fc,NULL,historical-blind-v1-20261002-diagnostic-v2:N06
N06,2024-11-13,S0,False,no_legal_transition_triggered,6d0ceccb-9242-5521-ba3a-d6ef0a8981fc,NULL,historical-blind-v1-20261002-diagnostic-v2:N06
N06,2024-11-14,S0,False,no_legal_transition_triggered,6d0ceccb-9242-5521-ba3a-d6ef0a8981fc,NULL,historical-blind-v1-20261002-diagnostic-v2:N06
N06,2024-11-15,S0,False,no_legal_transition_triggered,6d0ceccb-9242-5521-ba3a-d6ef0a8981fc,NULL,historical-blind-v1-20261002-diagnostic-v2:N06
N06,2024-11-18,S1,False,candidate,db883bdc-8b8b-555e-9d51-7d935ccf761b,"{""from_state"": ""S0"", ""to_state"": ""S1"", ""trigger_rule"": ""candidate"", ""trigger_date"": ""2024-11-18"", ""effective_date"": ""2024-11-18"", ""reason"": ""candidate"", ""lifecycle_id"": ""db883bdc-8b8b-555e-9d51-7d935ccf761b""}",historical-blind-v1-20261002-diagnostic-v2:N06
N06,2024-11-19,S1,False,no_legal_transition_triggered,db883bdc-8b8b-555e-9d51-7d935ccf761b,NULL,historical-blind-v1-20261002-diagnostic-v2:N06
N06,2024-11-20,S1,False,no_legal_transition_triggered,db883bdc-8b8b-555e-9d51-7d935ccf761b,NULL,historical-blind-v1-20261002-diagnostic-v2:N06
N06,2024-11-21,S1,False,no_legal_transition_triggered,db883bdc-8b8b-555e-9d51-7d935ccf761b,NULL,historical-blind-v1-20261002-diagnostic-v2:N06
N06,2024-11-22,S1,False,no_legal_transition_triggered,db883bdc-8b8b-555e-9d51-7d935ccf761b,NULL,historical-blind-v1-20261002-diagnostic-v2:N06
N06,2024-11-25,S1,False,no_legal_transition_triggered,db883bdc-8b8b-555e-9d51-7d935ccf761b,NULL,historical-blind-v1-20261002-diagnostic-v2:N06
N06,2024-11-26,S2,False,confirm,db883bdc-8b8b-555e-9d51-7d935ccf761b,"{""from_state"": ""S1"", ""to_state"": ""S2"", ""trigger_rule"": ""confirm"", ""trigger_date"": ""2024-11-26"", ""effective_date"": ""2024-11-26"", ""reason"": ""confirm"", ""lifecycle_id"": ""db883bdc-8b8b-555e-9d51-7d935ccf761b""}",historical-blind-v1-20261002-diagnostic-v2:N06
N06,2024-11-27,S2,False,no_legal_transition_triggered,db883bdc-8b8b-555e-9d51-7d935ccf761b,NULL,historical-blind-v1-20261002-diagnostic-v2:N06
N06,2024-11-28,S2,False,no_legal_transition_triggered,db883bdc-8b8b-555e-9d51-7d935ccf761b,NULL,historical-blind-v1-20261002-diagnostic-v2:N06
N06,2024-11-29,S2,False,no_legal_transition_triggered,db883bdc-8b8b-555e-9d51-7d935ccf761b,NULL,historical-blind-v1-20261002-diagnostic-v2:N06
N06,2024-12-02,S2,False,no_legal_transition_triggered,db883bdc-8b8b-555e-9d51-7d935ccf761b,NULL,historical-blind-v1-20261002-diagnostic-v2:N06
N06,2024-12-03,S2,False,no_legal_transition_triggered,db883bdc-8b8b-555e-9d51-7d935ccf761b,NULL,historical-blind-v1-20261002-diagnostic-v2:N06
N06,2024-12-04,S2,False,no_legal_transition_triggered,db883bdc-8b8b-555e-9d51-7d935ccf761b,NULL,historical-blind-v1-20261002-diagnostic-v2:N06
N06,2024-12-05,S3,False,weaken,db883bdc-8b8b-555e-9d51-7d935ccf761b,"{""from_state"": ""S2"", ""to_state"": ""S3"", ""trigger_rule"": ""weaken"", ""trigger_date"": ""2024-12-05"", ""effective_date"": ""2024-12-05"", ""reason"": ""weaken"", ""lifecycle_id"": ""db883bdc-8b8b-555e-9d51-7d935ccf761b""}",historical-blind-v1-20261002-diagnostic-v2:N06
N06,2024-12-06,S3,False,no_legal_transition_triggered,db883bdc-8b8b-555e-9d51-7d935ccf761b,NULL,historical-blind-v1-20261002-diagnostic-v2:N06
N06,2024-12-09,S3,False,no_legal_transition_triggered,db883bdc-8b8b-555e-9d51-7d935ccf761b,NULL,historical-blind-v1-20261002-diagnostic-v2:N06
N06,2024-12-10,S3,False,no_legal_transition_triggered,db883bdc-8b8b-555e-9d51-7d935ccf761b,NULL,historical-blind-v1-20261002-diagnostic-v2:N06
N06,2024-12-11,S3,False,no_legal_transition_triggered,db883bdc-8b8b-555e-9d51-7d935ccf761b,NULL,historical-blind-v1-20261002-diagnostic-v2:N06
N06,2024-12-12,S3,False,no_legal_transition_triggered,db883bdc-8b8b-555e-9d51-7d935ccf761b,NULL,historical-blind-v1-20261002-diagnostic-v2:N06
N06,2024-12-13,S3,False,no_legal_transition_triggered,db883bdc-8b8b-555e-9d51-7d935ccf761b,NULL,historical-blind-v1-20261002-diagnostic-v2:N06
N06,2024-12-16,S3,True,rule_evidence_unavailable:recover,db883bdc-8b8b-555e-9d51-7d935ccf761b,NULL,historical-blind-v1-20261002-diagnostic-v2:N06
N06,2024-12-17,S3,False,freeze_recovery_first_session_no_transition,db883bdc-8b8b-555e-9d51-7d935ccf761b,NULL,historical-blind-v1-20261002-diagnostic-v2:N06
N06,2024-12-18,S3,False,no_legal_transition_triggered,db883bdc-8b8b-555e-9d51-7d935ccf761b,NULL,historical-blind-v1-20261002-diagnostic-v2:N06
N06,2024-12-19,S3,False,no_legal_transition_triggered,db883bdc-8b8b-555e-9d51-7d935ccf761b,NULL,historical-blind-v1-20261002-diagnostic-v2:N06
N06,2024-12-20,S3,False,no_legal_transition_triggered,db883bdc-8b8b-555e-9d51-7d935ccf761b,NULL,historical-blind-v1-20261002-diagnostic-v2:N06
N06,2024-12-23,S3,False,no_legal_transition_triggered,db883bdc-8b8b-555e-9d51-7d935ccf761b,NULL,historical-blind-v1-20261002-diagnostic-v2:N06
N06,2024-12-24,S3,False,no_legal_transition_triggered,db883bdc-8b8b-555e-9d51-7d935ccf761b,NULL,historical-blind-v1-20261002-diagnostic-v2:N06
N06,2024-12-25,S3,False,recover_requires_two_or_retire_requires_three_sessions,db883bdc-8b8b-555e-9d51-7d935ccf761b,NULL,historical-blind-v1-20261002-diagnostic-v2:N06
N06,2024-12-26,S3,False,recover_requires_two_or_retire_requires_three_sessions,db883bdc-8b8b-555e-9d51-7d935ccf761b,NULL,historical-blind-v1-20261002-diagnostic-v2:N06
N06,2024-12-27,S4,False,retire,db883bdc-8b8b-555e-9d51-7d935ccf761b,"{""from_state"": ""S3"", ""to_state"": ""S4"", ""trigger_rule"": ""retire"", ""trigger_date"": ""2024-12-27"", ""effective_date"": ""2024-12-27"", ""reason"": ""retire"", ""lifecycle_id"": ""db883bdc-8b8b-555e-9d51-7d935ccf761b""}",historical-blind-v1-20261002-diagnostic-v2:N06
N06,2024-12-30,S4,False,no_legal_transition_triggered,db883bdc-8b8b-555e-9d51-7d935ccf761b,NULL,historical-blind-v1-20261002-diagnostic-v2:N06
N06,2024-12-31,S4,False,no_legal_transition_triggered,db883bdc-8b8b-555e-9d51-7d935ccf761b,NULL,historical-blind-v1-20261002-diagnostic-v2:N06
N06,2025-01-02,S1,False,new_lifecycle_reentry,760105c0-7358-563a-b58b-427c394b0ce9,"{""from_state"": ""S4"", ""to_state"": ""S1"", ""trigger_rule"": ""new_lifecycle_reentry"", ""trigger_date"": ""2025-01-02"", ""effective_date"": ""2025-01-02"", ""reason"": ""new_lifecycle_reentry"", ""lifecycle_id"": ""760105c0-7358-563a-b58b-427c394b0ce9""}",historical-blind-v1-20261002-diagnostic-v2:N06
N06,2025-01-03,S1,False,no_legal_transition_triggered,760105c0-7358-563a-b58b-427c394b0ce9,NULL,historical-blind-v1-20261002-diagnostic-v2:N06
N06,2025-01-06,S1,False,no_legal_transition_triggered,760105c0-7358-563a-b58b-427c394b0ce9,NULL,historical-blind-v1-20261002-diagnostic-v2:N06
N06,2025-01-07,S1,False,no_legal_transition_triggered,760105c0-7358-563a-b58b-427c394b0ce9,NULL,historical-blind-v1-20261002-diagnostic-v2:N06
N06,2025-01-08,S1,False,no_legal_transition_triggered,760105c0-7358-563a-b58b-427c394b0ce9,NULL,historical-blind-v1-20261002-diagnostic-v2:N06
N06,2025-01-09,S1,False,no_legal_transition_triggered,760105c0-7358-563a-b58b-427c394b0ce9,NULL,historical-blind-v1-20261002-diagnostic-v2:N06
N06,2025-01-10,S0,False,candidate_failed,760105c0-7358-563a-b58b-427c394b0ce9,"{""from_state"": ""S1"", ""to_state"": ""S0"", ""trigger_rule"": ""candidate_failed"", ""trigger_date"": ""2025-01-10"", ""effective_date"": ""2025-01-10"", ""reason"": ""candidate_failed"", ""lifecycle_id"": ""760105c0-7358-563a-b58b-427c394b0ce9""}",historical-blind-v1-20261002-diagnostic-v2:N06
N06,2025-01-13,S0,False,no_legal_transition_triggered,760105c0-7358-563a-b58b-427c394b0ce9,NULL,historical-blind-v1-20261002-diagnostic-v2:N06
N06,2025-01-14,S0,False,no_legal_transition_triggered,760105c0-7358-563a-b58b-427c394b0ce9,NULL,historical-blind-v1-20261002-diagnostic-v2:N06
N06,2025-01-15,S0,False,no_legal_transition_triggered,760105c0-7358-563a-b58b-427c394b0ce9,NULL,historical-blind-v1-20261002-diagnostic-v2:N06
N06,2025-01-16,S0,False,no_legal_transition_triggered,760105c0-7358-563a-b58b-427c394b0ce9,NULL,historical-blind-v1-20261002-diagnostic-v2:N06
N06,2025-01-17,S0,False,no_legal_transition_triggered,760105c0-7358-563a-b58b-427c394b0ce9,NULL,historical-blind-v1-20261002-diagnostic-v2:N06
N06,2025-01-20,S0,False,no_legal_transition_triggered,760105c0-7358-563a-b58b-427c394b0ce9,NULL,historical-blind-v1-20261002-diagnostic-v2:N06
N06,2025-01-21,S0,False,no_legal_transition_triggered,760105c0-7358-563a-b58b-427c394b0ce9,NULL,historical-blind-v1-20261002-diagnostic-v2:N06
N06,2025-01-22,S0,False,no_legal_transition_triggered,760105c0-7358-563a-b58b-427c394b0ce9,NULL,historical-blind-v1-20261002-diagnostic-v2:N06
N06,2025-01-23,S0,False,no_legal_transition_triggered,760105c0-7358-563a-b58b-427c394b0ce9,NULL,historical-blind-v1-20261002-diagnostic-v2:N06
N06,2025-01-24,S0,False,no_legal_transition_triggered,760105c0-7358-563a-b58b-427c394b0ce9,NULL,historical-blind-v1-20261002-diagnostic-v2:N06
N06,2025-01-27,S1,False,candidate,597da98a-2eb9-5620-9242-bec8fe2eba3c,"{""from_state"": ""S0"", ""to_state"": ""S1"", ""trigger_rule"": ""candidate"", ""trigger_date"": ""2025-01-27"", ""effective_date"": ""2025-01-27"", ""reason"": ""candidate"", ""lifecycle_id"": ""597da98a-2eb9-5620-9242-bec8fe2eba3c""}",historical-blind-v1-20261002-diagnostic-v2:N06
N07,2024-11-04,S0,False,candidate_failed,15efb219-ac4c-5aa8-bcdd-206adb413974,"{""from_state"": ""S1"", ""to_state"": ""S0"", ""trigger_rule"": ""candidate_failed"", ""trigger_date"": ""2024-11-04"", ""effective_date"": ""2024-11-04"", ""reason"": ""candidate_failed"", ""lifecycle_id"": ""15efb219-ac4c-5aa8-bcdd-206adb413974""}",historical-blind-v1-20261002-diagnostic-v2:N07
N07,2024-11-05,S0,False,no_legal_transition_triggered,15efb219-ac4c-5aa8-bcdd-206adb413974,NULL,historical-blind-v1-20261002-diagnostic-v2:N07
N07,2024-11-06,S0,False,no_legal_transition_triggered,15efb219-ac4c-5aa8-bcdd-206adb413974,NULL,historical-blind-v1-20261002-diagnostic-v2:N07
N07,2024-11-07,S1,False,candidate,a899d17e-6b24-5c28-a024-73ec2d1a8cb9,"{""from_state"": ""S0"", ""to_state"": ""S1"", ""trigger_rule"": ""candidate"", ""trigger_date"": ""2024-11-07"", ""effective_date"": ""2024-11-07"", ""reason"": ""candidate"", ""lifecycle_id"": ""a899d17e-6b24-5c28-a024-73ec2d1a8cb9""}",historical-blind-v1-20261002-diagnostic-v2:N07
N07,2024-11-08,S1,False,no_legal_transition_triggered,a899d17e-6b24-5c28-a024-73ec2d1a8cb9,NULL,historical-blind-v1-20261002-diagnostic-v2:N07
N07,2024-11-11,S0,False,candidate_failed,a899d17e-6b24-5c28-a024-73ec2d1a8cb9,"{""from_state"": ""S1"", ""to_state"": ""S0"", ""trigger_rule"": ""candidate_failed"", ""trigger_date"": ""2024-11-11"", ""effective_date"": ""2024-11-11"", ""reason"": ""candidate_failed"", ""lifecycle_id"": ""a899d17e-6b24-5c28-a024-73ec2d1a8cb9""}",historical-blind-v1-20261002-diagnostic-v2:N07
N07,2024-11-12,S0,False,no_legal_transition_triggered,a899d17e-6b24-5c28-a024-73ec2d1a8cb9,NULL,historical-blind-v1-20261002-diagnostic-v2:N07
N07,2024-11-13,S0,False,no_legal_transition_triggered,a899d17e-6b24-5c28-a024-73ec2d1a8cb9,NULL,historical-blind-v1-20261002-diagnostic-v2:N07
N07,2024-11-14,S0,False,no_legal_transition_triggered,a899d17e-6b24-5c28-a024-73ec2d1a8cb9,NULL,historical-blind-v1-20261002-diagnostic-v2:N07
N07,2024-11-15,S1,False,candidate,4ff5ca1e-a9ca-520b-899f-3e8a6f1ebbcd,"{""from_state"": ""S0"", ""to_state"": ""S1"", ""trigger_rule"": ""candidate"", ""trigger_date"": ""2024-11-15"", ""effective_date"": ""2024-11-15"", ""reason"": ""candidate"", ""lifecycle_id"": ""4ff5ca1e-a9ca-520b-899f-3e8a6f1ebbcd""}",historical-blind-v1-20261002-diagnostic-v2:N07
N07,2024-11-18,S0,False,candidate_failed,4ff5ca1e-a9ca-520b-899f-3e8a6f1ebbcd,"{""from_state"": ""S1"", ""to_state"": ""S0"", ""trigger_rule"": ""candidate_failed"", ""trigger_date"": ""2024-11-18"", ""effective_date"": ""2024-11-18"", ""reason"": ""candidate_failed"", ""lifecycle_id"": ""4ff5ca1e-a9ca-520b-899f-3e8a6f1ebbcd""}",historical-blind-v1-20261002-diagnostic-v2:N07
N07,2024-11-19,S0,False,no_legal_transition_triggered,4ff5ca1e-a9ca-520b-899f-3e8a6f1ebbcd,NULL,historical-blind-v1-20261002-diagnostic-v2:N07
N07,2024-11-20,S0,False,no_legal_transition_triggered,4ff5ca1e-a9ca-520b-899f-3e8a6f1ebbcd,NULL,historical-blind-v1-20261002-diagnostic-v2:N07
N07,2024-11-21,S0,False,no_legal_transition_triggered,4ff5ca1e-a9ca-520b-899f-3e8a6f1ebbcd,NULL,historical-blind-v1-20261002-diagnostic-v2:N07
N07,2024-11-22,S0,False,no_legal_transition_triggered,4ff5ca1e-a9ca-520b-899f-3e8a6f1ebbcd,NULL,historical-blind-v1-20261002-diagnostic-v2:N07
N07,2024-11-25,S1,False,candidate,e40551e8-94cf-5976-bb17-b3ed077980ca,"{""from_state"": ""S0"", ""to_state"": ""S1"", ""trigger_rule"": ""candidate"", ""trigger_date"": ""2024-11-25"", ""effective_date"": ""2024-11-25"", ""reason"": ""candidate"", ""lifecycle_id"": ""e40551e8-94cf-5976-bb17-b3ed077980ca""}",historical-blind-v1-20261002-diagnostic-v2:N07
N07,2024-11-26,S1,False,no_legal_transition_triggered,e40551e8-94cf-5976-bb17-b3ed077980ca,NULL,historical-blind-v1-20261002-diagnostic-v2:N07
N07,2024-11-27,S1,False,no_legal_transition_triggered,e40551e8-94cf-5976-bb17-b3ed077980ca,NULL,historical-blind-v1-20261002-diagnostic-v2:N07
N07,2024-11-28,S1,False,no_legal_transition_triggered,e40551e8-94cf-5976-bb17-b3ed077980ca,NULL,historical-blind-v1-20261002-diagnostic-v2:N07
N07,2024-11-29,S0,False,candidate_failed,e40551e8-94cf-5976-bb17-b3ed077980ca,"{""from_state"": ""S1"", ""to_state"": ""S0"", ""trigger_rule"": ""candidate_failed"", ""trigger_date"": ""2024-11-29"", ""effective_date"": ""2024-11-29"", ""reason"": ""candidate_failed"", ""lifecycle_id"": ""e40551e8-94cf-5976-bb17-b3ed077980ca""}",historical-blind-v1-20261002-diagnostic-v2:N07
N07,2024-12-02,S1,False,candidate,b53fbf88-5e41-5b7c-93e2-cf67b34bddb4,"{""from_state"": ""S0"", ""to_state"": ""S1"", ""trigger_rule"": ""candidate"", ""trigger_date"": ""2024-12-02"", ""effective_date"": ""2024-12-02"", ""reason"": ""candidate"", ""lifecycle_id"": ""b53fbf88-5e41-5b7c-93e2-cf67b34bddb4""}",historical-blind-v1-20261002-diagnostic-v2:N07
N07,2024-12-03,S1,False,no_legal_transition_triggered,b53fbf88-5e41-5b7c-93e2-cf67b34bddb4,NULL,historical-blind-v1-20261002-diagnostic-v2:N07
N07,2024-12-04,S0,False,candidate_failed,b53fbf88-5e41-5b7c-93e2-cf67b34bddb4,"{""from_state"": ""S1"", ""to_state"": ""S0"", ""trigger_rule"": ""candidate_failed"", ""trigger_date"": ""2024-12-04"", ""effective_date"": ""2024-12-04"", ""reason"": ""candidate_failed"", ""lifecycle_id"": ""b53fbf88-5e41-5b7c-93e2-cf67b34bddb4""}",historical-blind-v1-20261002-diagnostic-v2:N07
N07,2024-12-05,S1,False,candidate,5eea48eb-26c5-5b50-a9c9-8678ca48f998,"{""from_state"": ""S0"", ""to_state"": ""S1"", ""trigger_rule"": ""candidate"", ""trigger_date"": ""2024-12-05"", ""effective_date"": ""2024-12-05"", ""reason"": ""candidate"", ""lifecycle_id"": ""5eea48eb-26c5-5b50-a9c9-8678ca48f998""}",historical-blind-v1-20261002-diagnostic-v2:N07
N07,2024-12-06,S1,False,no_legal_transition_triggered,5eea48eb-26c5-5b50-a9c9-8678ca48f998,NULL,historical-blind-v1-20261002-diagnostic-v2:N07
N07,2024-12-09,S1,False,no_legal_transition_triggered,5eea48eb-26c5-5b50-a9c9-8678ca48f998,NULL,historical-blind-v1-20261002-diagnostic-v2:N07
N07,2024-12-10,S1,False,no_legal_transition_triggered,5eea48eb-26c5-5b50-a9c9-8678ca48f998,NULL,historical-blind-v1-20261002-diagnostic-v2:N07
N07,2024-12-11,S1,False,no_legal_transition_triggered,5eea48eb-26c5-5b50-a9c9-8678ca48f998,NULL,historical-blind-v1-20261002-diagnostic-v2:N07
N07,2024-12-12,S1,False,no_legal_transition_triggered,5eea48eb-26c5-5b50-a9c9-8678ca48f998,NULL,historical-blind-v1-20261002-diagnostic-v2:N07
N07,2024-12-13,S2,False,confirm,5eea48eb-26c5-5b50-a9c9-8678ca48f998,"{""from_state"": ""S1"", ""to_state"": ""S2"", ""trigger_rule"": ""confirm"", ""trigger_date"": ""2024-12-13"", ""effective_date"": ""2024-12-13"", ""reason"": ""confirm"", ""lifecycle_id"": ""5eea48eb-26c5-5b50-a9c9-8678ca48f998""}",historical-blind-v1-20261002-diagnostic-v2:N07
N07,2024-12-16,S2,False,no_legal_transition_triggered,5eea48eb-26c5-5b50-a9c9-8678ca48f998,NULL,historical-blind-v1-20261002-diagnostic-v2:N07
N07,2024-12-17,S2,False,no_legal_transition_triggered,5eea48eb-26c5-5b50-a9c9-8678ca48f998,NULL,historical-blind-v1-20261002-diagnostic-v2:N07
N07,2024-12-18,S2,False,no_legal_transition_triggered,5eea48eb-26c5-5b50-a9c9-8678ca48f998,NULL,historical-blind-v1-20261002-diagnostic-v2:N07
N07,2024-12-19,S2,False,no_legal_transition_triggered,5eea48eb-26c5-5b50-a9c9-8678ca48f998,NULL,historical-blind-v1-20261002-diagnostic-v2:N07
N07,2024-12-20,S3,False,weaken,5eea48eb-26c5-5b50-a9c9-8678ca48f998,"{""from_state"": ""S2"", ""to_state"": ""S3"", ""trigger_rule"": ""weaken"", ""trigger_date"": ""2024-12-20"", ""effective_date"": ""2024-12-20"", ""reason"": ""weaken"", ""lifecycle_id"": ""5eea48eb-26c5-5b50-a9c9-8678ca48f998""}",historical-blind-v1-20261002-diagnostic-v2:N07
N07,2024-12-23,S3,False,no_legal_transition_triggered,5eea48eb-26c5-5b50-a9c9-8678ca48f998,NULL,historical-blind-v1-20261002-diagnostic-v2:N07
N07,2024-12-24,S3,False,recover_requires_two_or_retire_requires_three_sessions,5eea48eb-26c5-5b50-a9c9-8678ca48f998,NULL,historical-blind-v1-20261002-diagnostic-v2:N07
N07,2024-12-25,S3,False,recover_requires_two_or_retire_requires_three_sessions,5eea48eb-26c5-5b50-a9c9-8678ca48f998,NULL,historical-blind-v1-20261002-diagnostic-v2:N07
N07,2024-12-26,S4,False,retire,5eea48eb-26c5-5b50-a9c9-8678ca48f998,"{""from_state"": ""S3"", ""to_state"": ""S4"", ""trigger_rule"": ""retire"", ""trigger_date"": ""2024-12-26"", ""effective_date"": ""2024-12-26"", ""reason"": ""retire"", ""lifecycle_id"": ""5eea48eb-26c5-5b50-a9c9-8678ca48f998""}",historical-blind-v1-20261002-diagnostic-v2:N07
N07,2024-12-27,S4,False,no_legal_transition_triggered,5eea48eb-26c5-5b50-a9c9-8678ca48f998,NULL,historical-blind-v1-20261002-diagnostic-v2:N07
N07,2024-12-30,S4,False,no_legal_transition_triggered,5eea48eb-26c5-5b50-a9c9-8678ca48f998,NULL,historical-blind-v1-20261002-diagnostic-v2:N07
N07,2024-12-31,S4,False,no_legal_transition_triggered,5eea48eb-26c5-5b50-a9c9-8678ca48f998,NULL,historical-blind-v1-20261002-diagnostic-v2:N07
N07,2025-01-02,S1,False,new_lifecycle_reentry,0b230575-6556-52bb-ab24-4a6bfbb634ae,"{""from_state"": ""S4"", ""to_state"": ""S1"", ""trigger_rule"": ""new_lifecycle_reentry"", ""trigger_date"": ""2025-01-02"", ""effective_date"": ""2025-01-02"", ""reason"": ""new_lifecycle_reentry"", ""lifecycle_id"": ""0b230575-6556-52bb-ab24-4a6bfbb634ae""}",historical-blind-v1-20261002-diagnostic-v2:N07
N07,2025-01-03,S0,False,candidate_failed,0b230575-6556-52bb-ab24-4a6bfbb634ae,"{""from_state"": ""S1"", ""to_state"": ""S0"", ""trigger_rule"": ""candidate_failed"", ""trigger_date"": ""2025-01-03"", ""effective_date"": ""2025-01-03"", ""reason"": ""candidate_failed"", ""lifecycle_id"": ""0b230575-6556-52bb-ab24-4a6bfbb634ae""}",historical-blind-v1-20261002-diagnostic-v2:N07
N07,2025-01-06,S0,False,no_legal_transition_triggered,0b230575-6556-52bb-ab24-4a6bfbb634ae,NULL,historical-blind-v1-20261002-diagnostic-v2:N07
N07,2025-01-07,S0,False,no_legal_transition_triggered,0b230575-6556-52bb-ab24-4a6bfbb634ae,NULL,historical-blind-v1-20261002-diagnostic-v2:N07
N07,2025-01-08,S0,False,no_legal_transition_triggered,0b230575-6556-52bb-ab24-4a6bfbb634ae,NULL,historical-blind-v1-20261002-diagnostic-v2:N07
N07,2025-01-09,S0,False,no_legal_transition_triggered,0b230575-6556-52bb-ab24-4a6bfbb634ae,NULL,historical-blind-v1-20261002-diagnostic-v2:N07
N07,2025-01-10,S0,False,no_legal_transition_triggered,0b230575-6556-52bb-ab24-4a6bfbb634ae,NULL,historical-blind-v1-20261002-diagnostic-v2:N07
N07,2025-01-13,S0,False,no_legal_transition_triggered,0b230575-6556-52bb-ab24-4a6bfbb634ae,NULL,historical-blind-v1-20261002-diagnostic-v2:N07
N07,2025-01-14,S0,False,no_legal_transition_triggered,0b230575-6556-52bb-ab24-4a6bfbb634ae,NULL,historical-blind-v1-20261002-diagnostic-v2:N07
N07,2025-01-15,S0,False,no_legal_transition_triggered,0b230575-6556-52bb-ab24-4a6bfbb634ae,NULL,historical-blind-v1-20261002-diagnostic-v2:N07
N07,2025-01-16,S1,False,candidate,0324f1e0-f478-5a08-b7b2-fb46166d52a8,"{""from_state"": ""S0"", ""to_state"": ""S1"", ""trigger_rule"": ""candidate"", ""trigger_date"": ""2025-01-16"", ""effective_date"": ""2025-01-16"", ""reason"": ""candidate"", ""lifecycle_id"": ""0324f1e0-f478-5a08-b7b2-fb46166d52a8""}",historical-blind-v1-20261002-diagnostic-v2:N07
N07,2025-01-17,S0,False,candidate_failed,0324f1e0-f478-5a08-b7b2-fb46166d52a8,"{""from_state"": ""S1"", ""to_state"": ""S0"", ""trigger_rule"": ""candidate_failed"", ""trigger_date"": ""2025-01-17"", ""effective_date"": ""2025-01-17"", ""reason"": ""candidate_failed"", ""lifecycle_id"": ""0324f1e0-f478-5a08-b7b2-fb46166d52a8""}",historical-blind-v1-20261002-diagnostic-v2:N07
N07,2025-01-20,S1,False,candidate,ef5af049-dfe7-56fb-b132-0cd1183d2ae2,"{""from_state"": ""S0"", ""to_state"": ""S1"", ""trigger_rule"": ""candidate"", ""trigger_date"": ""2025-01-20"", ""effective_date"": ""2025-01-20"", ""reason"": ""candidate"", ""lifecycle_id"": ""ef5af049-dfe7-56fb-b132-0cd1183d2ae2""}",historical-blind-v1-20261002-diagnostic-v2:N07
N07,2025-01-21,S0,False,candidate_failed,ef5af049-dfe7-56fb-b132-0cd1183d2ae2,"{""from_state"": ""S1"", ""to_state"": ""S0"", ""trigger_rule"": ""candidate_failed"", ""trigger_date"": ""2025-01-21"", ""effective_date"": ""2025-01-21"", ""reason"": ""candidate_failed"", ""lifecycle_id"": ""ef5af049-dfe7-56fb-b132-0cd1183d2ae2""}",historical-blind-v1-20261002-diagnostic-v2:N07
N07,2025-01-22,S0,False,no_legal_transition_triggered,ef5af049-dfe7-56fb-b132-0cd1183d2ae2,NULL,historical-blind-v1-20261002-diagnostic-v2:N07
N07,2025-01-23,S0,False,no_legal_transition_triggered,ef5af049-dfe7-56fb-b132-0cd1183d2ae2,NULL,historical-blind-v1-20261002-diagnostic-v2:N07
N07,2025-01-24,S0,False,no_legal_transition_triggered,ef5af049-dfe7-56fb-b132-0cd1183d2ae2,NULL,historical-blind-v1-20261002-diagnostic-v2:N07
N07,2025-01-27,S0,False,no_legal_transition_triggered,ef5af049-dfe7-56fb-b132-0cd1183d2ae2,NULL,historical-blind-v1-20261002-diagnostic-v2:N07
N08,2024-11-18,S1,False,candidate,87286599-c7f2-5862-b5db-0f368345dae3,"{""from_state"": ""S0"", ""to_state"": ""S1"", ""trigger_rule"": ""candidate"", ""trigger_date"": ""2024-11-18"", ""effective_date"": ""2024-11-18"", ""reason"": ""candidate"", ""lifecycle_id"": ""87286599-c7f2-5862-b5db-0f368345dae3""}",historical-blind-v1-20261002-diagnostic-v2:N08
N08,2024-11-19,S1,False,no_legal_transition_triggered,87286599-c7f2-5862-b5db-0f368345dae3,NULL,historical-blind-v1-20261002-diagnostic-v2:N08
N08,2024-11-20,S1,False,no_legal_transition_triggered,87286599-c7f2-5862-b5db-0f368345dae3,NULL,historical-blind-v1-20261002-diagnostic-v2:N08
N08,2024-11-21,S0,False,candidate_failed,87286599-c7f2-5862-b5db-0f368345dae3,"{""from_state"": ""S1"", ""to_state"": ""S0"", ""trigger_rule"": ""candidate_failed"", ""trigger_date"": ""2024-11-21"", ""effective_date"": ""2024-11-21"", ""reason"": ""candidate_failed"", ""lifecycle_id"": ""87286599-c7f2-5862-b5db-0f368345dae3""}",historical-blind-v1-20261002-diagnostic-v2:N08
N08,2024-11-22,S0,False,no_legal_transition_triggered,87286599-c7f2-5862-b5db-0f368345dae3,NULL,historical-blind-v1-20261002-diagnostic-v2:N08
N08,2024-11-25,S0,False,no_legal_transition_triggered,87286599-c7f2-5862-b5db-0f368345dae3,NULL,historical-blind-v1-20261002-diagnostic-v2:N08
N08,2024-11-26,S0,False,no_legal_transition_triggered,87286599-c7f2-5862-b5db-0f368345dae3,NULL,historical-blind-v1-20261002-diagnostic-v2:N08
N08,2024-11-27,S0,False,no_legal_transition_triggered,87286599-c7f2-5862-b5db-0f368345dae3,NULL,historical-blind-v1-20261002-diagnostic-v2:N08
N08,2024-11-28,S0,False,no_legal_transition_triggered,87286599-c7f2-5862-b5db-0f368345dae3,NULL,historical-blind-v1-20261002-diagnostic-v2:N08
N08,2024-11-29,S0,False,no_legal_transition_triggered,87286599-c7f2-5862-b5db-0f368345dae3,NULL,historical-blind-v1-20261002-diagnostic-v2:N08
N08,2024-12-02,S0,False,no_legal_transition_triggered,87286599-c7f2-5862-b5db-0f368345dae3,NULL,historical-blind-v1-20261002-diagnostic-v2:N08
N08,2024-12-03,S0,False,no_legal_transition_triggered,87286599-c7f2-5862-b5db-0f368345dae3,NULL,historical-blind-v1-20261002-diagnostic-v2:N08
N08,2024-12-04,S0,False,no_legal_transition_triggered,87286599-c7f2-5862-b5db-0f368345dae3,NULL,historical-blind-v1-20261002-diagnostic-v2:N08
N08,2024-12-05,S1,False,candidate,1741a781-81b5-5365-9e47-04b3c47c8937,"{""from_state"": ""S0"", ""to_state"": ""S1"", ""trigger_rule"": ""candidate"", ""trigger_date"": ""2024-12-05"", ""effective_date"": ""2024-12-05"", ""reason"": ""candidate"", ""lifecycle_id"": ""1741a781-81b5-5365-9e47-04b3c47c8937""}",historical-blind-v1-20261002-diagnostic-v2:N08
N08,2024-12-06,S1,False,no_legal_transition_triggered,1741a781-81b5-5365-9e47-04b3c47c8937,NULL,historical-blind-v1-20261002-diagnostic-v2:N08
N08,2024-12-09,S1,False,no_legal_transition_triggered,1741a781-81b5-5365-9e47-04b3c47c8937,NULL,historical-blind-v1-20261002-diagnostic-v2:N08
N08,2024-12-10,S0,False,candidate_failed,1741a781-81b5-5365-9e47-04b3c47c8937,"{""from_state"": ""S1"", ""to_state"": ""S0"", ""trigger_rule"": ""candidate_failed"", ""trigger_date"": ""2024-12-10"", ""effective_date"": ""2024-12-10"", ""reason"": ""candidate_failed"", ""lifecycle_id"": ""1741a781-81b5-5365-9e47-04b3c47c8937""}",historical-blind-v1-20261002-diagnostic-v2:N08
N08,2024-12-11,S1,False,candidate,1ac4fdb0-26db-5fa2-9055-cb4304d3c507,"{""from_state"": ""S0"", ""to_state"": ""S1"", ""trigger_rule"": ""candidate"", ""trigger_date"": ""2024-12-11"", ""effective_date"": ""2024-12-11"", ""reason"": ""candidate"", ""lifecycle_id"": ""1ac4fdb0-26db-5fa2-9055-cb4304d3c507""}",historical-blind-v1-20261002-diagnostic-v2:N08
N08,2024-12-12,S1,False,no_legal_transition_triggered,1ac4fdb0-26db-5fa2-9055-cb4304d3c507,NULL,historical-blind-v1-20261002-diagnostic-v2:N08
N08,2024-12-13,S0,False,candidate_failed,1ac4fdb0-26db-5fa2-9055-cb4304d3c507,"{""from_state"": ""S1"", ""to_state"": ""S0"", ""trigger_rule"": ""candidate_failed"", ""trigger_date"": ""2024-12-13"", ""effective_date"": ""2024-12-13"", ""reason"": ""candidate_failed"", ""lifecycle_id"": ""1ac4fdb0-26db-5fa2-9055-cb4304d3c507""}",historical-blind-v1-20261002-diagnostic-v2:N08
N08,2024-12-16,S1,False,candidate,6bc17e89-8404-533a-9637-6b995f9f9cc5,"{""from_state"": ""S0"", ""to_state"": ""S1"", ""trigger_rule"": ""candidate"", ""trigger_date"": ""2024-12-16"", ""effective_date"": ""2024-12-16"", ""reason"": ""candidate"", ""lifecycle_id"": ""6bc17e89-8404-533a-9637-6b995f9f9cc5""}",historical-blind-v1-20261002-diagnostic-v2:N08
N08,2024-12-17,S1,False,no_legal_transition_triggered,6bc17e89-8404-533a-9637-6b995f9f9cc5,NULL,historical-blind-v1-20261002-diagnostic-v2:N08
N08,2024-12-18,S1,False,no_legal_transition_triggered,6bc17e89-8404-533a-9637-6b995f9f9cc5,NULL,historical-blind-v1-20261002-diagnostic-v2:N08
N08,2024-12-19,S0,False,candidate_failed,6bc17e89-8404-533a-9637-6b995f9f9cc5,"{""from_state"": ""S1"", ""to_state"": ""S0"", ""trigger_rule"": ""candidate_failed"", ""trigger_date"": ""2024-12-19"", ""effective_date"": ""2024-12-19"", ""reason"": ""candidate_failed"", ""lifecycle_id"": ""6bc17e89-8404-533a-9637-6b995f9f9cc5""}",historical-blind-v1-20261002-diagnostic-v2:N08
N08,2024-12-20,S0,False,no_legal_transition_triggered,6bc17e89-8404-533a-9637-6b995f9f9cc5,NULL,historical-blind-v1-20261002-diagnostic-v2:N08
N08,2024-12-23,S0,False,no_legal_transition_triggered,6bc17e89-8404-533a-9637-6b995f9f9cc5,NULL,historical-blind-v1-20261002-diagnostic-v2:N08
N08,2024-12-24,S0,False,no_legal_transition_triggered,6bc17e89-8404-533a-9637-6b995f9f9cc5,NULL,historical-blind-v1-20261002-diagnostic-v2:N08
N08,2024-12-25,S1,False,candidate,75f62dd4-4ccd-56e3-913f-ea292e3c0018,"{""from_state"": ""S0"", ""to_state"": ""S1"", ""trigger_rule"": ""candidate"", ""trigger_date"": ""2024-12-25"", ""effective_date"": ""2024-12-25"", ""reason"": ""candidate"", ""lifecycle_id"": ""75f62dd4-4ccd-56e3-913f-ea292e3c0018""}",historical-blind-v1-20261002-diagnostic-v2:N08
N08,2024-12-26,S0,False,candidate_failed,75f62dd4-4ccd-56e3-913f-ea292e3c0018,"{""from_state"": ""S1"", ""to_state"": ""S0"", ""trigger_rule"": ""candidate_failed"", ""trigger_date"": ""2024-12-26"", ""effective_date"": ""2024-12-26"", ""reason"": ""candidate_failed"", ""lifecycle_id"": ""75f62dd4-4ccd-56e3-913f-ea292e3c0018""}",historical-blind-v1-20261002-diagnostic-v2:N08
N08,2024-12-27,S1,False,candidate,9d28427e-2585-5502-a930-95f1b54f034f,"{""from_state"": ""S0"", ""to_state"": ""S1"", ""trigger_rule"": ""candidate"", ""trigger_date"": ""2024-12-27"", ""effective_date"": ""2024-12-27"", ""reason"": ""candidate"", ""lifecycle_id"": ""9d28427e-2585-5502-a930-95f1b54f034f""}",historical-blind-v1-20261002-diagnostic-v2:N08
N08,2024-12-30,S1,False,no_legal_transition_triggered,9d28427e-2585-5502-a930-95f1b54f034f,NULL,historical-blind-v1-20261002-diagnostic-v2:N08
N08,2024-12-31,S1,False,no_legal_transition_triggered,9d28427e-2585-5502-a930-95f1b54f034f,NULL,historical-blind-v1-20261002-diagnostic-v2:N08
N08,2025-01-02,S1,False,no_legal_transition_triggered,9d28427e-2585-5502-a930-95f1b54f034f,NULL,historical-blind-v1-20261002-diagnostic-v2:N08
N08,2025-01-03,S1,False,no_legal_transition_triggered,9d28427e-2585-5502-a930-95f1b54f034f,NULL,historical-blind-v1-20261002-diagnostic-v2:N08
N08,2025-01-06,S1,False,no_legal_transition_triggered,9d28427e-2585-5502-a930-95f1b54f034f,NULL,historical-blind-v1-20261002-diagnostic-v2:N08
N08,2025-01-07,S1,False,no_legal_transition_triggered,9d28427e-2585-5502-a930-95f1b54f034f,NULL,historical-blind-v1-20261002-diagnostic-v2:N08
N08,2025-01-08,S0,False,candidate_failed,9d28427e-2585-5502-a930-95f1b54f034f,"{""from_state"": ""S1"", ""to_state"": ""S0"", ""trigger_rule"": ""candidate_failed"", ""trigger_date"": ""2025-01-08"", ""effective_date"": ""2025-01-08"", ""reason"": ""candidate_failed"", ""lifecycle_id"": ""9d28427e-2585-5502-a930-95f1b54f034f""}",historical-blind-v1-20261002-diagnostic-v2:N08
N08,2025-01-09,S0,False,no_legal_transition_triggered,9d28427e-2585-5502-a930-95f1b54f034f,NULL,historical-blind-v1-20261002-diagnostic-v2:N08
N08,2025-01-10,S0,False,no_legal_transition_triggered,9d28427e-2585-5502-a930-95f1b54f034f,NULL,historical-blind-v1-20261002-diagnostic-v2:N08
N08,2025-01-13,S0,False,no_legal_transition_triggered,9d28427e-2585-5502-a930-95f1b54f034f,NULL,historical-blind-v1-20261002-diagnostic-v2:N08
N08,2025-01-14,S0,False,no_legal_transition_triggered,9d28427e-2585-5502-a930-95f1b54f034f,NULL,historical-blind-v1-20261002-diagnostic-v2:N08
N08,2025-01-15,S0,False,no_legal_transition_triggered,9d28427e-2585-5502-a930-95f1b54f034f,NULL,historical-blind-v1-20261002-diagnostic-v2:N08
N08,2025-01-16,S0,False,no_legal_transition_triggered,9d28427e-2585-5502-a930-95f1b54f034f,NULL,historical-blind-v1-20261002-diagnostic-v2:N08
N08,2025-01-17,S0,False,no_legal_transition_triggered,9d28427e-2585-5502-a930-95f1b54f034f,NULL,historical-blind-v1-20261002-diagnostic-v2:N08
N08,2025-01-20,S0,False,no_legal_transition_triggered,9d28427e-2585-5502-a930-95f1b54f034f,NULL,historical-blind-v1-20261002-diagnostic-v2:N08
N08,2025-01-21,S0,False,no_legal_transition_triggered,9d28427e-2585-5502-a930-95f1b54f034f,NULL,historical-blind-v1-20261002-diagnostic-v2:N08
N08,2025-01-22,S0,False,no_legal_transition_triggered,9d28427e-2585-5502-a930-95f1b54f034f,NULL,historical-blind-v1-20261002-diagnostic-v2:N08
N08,2025-01-23,S0,False,no_legal_transition_triggered,9d28427e-2585-5502-a930-95f1b54f034f,NULL,historical-blind-v1-20261002-diagnostic-v2:N08
N08,2025-01-24,S0,False,no_legal_transition_triggered,9d28427e-2585-5502-a930-95f1b54f034f,NULL,historical-blind-v1-20261002-diagnostic-v2:N08
N08,2025-01-27,S1,False,candidate,2fc9c927-c9c5-5e12-941f-ec7ffc195539,"{""from_state"": ""S0"", ""to_state"": ""S1"", ""trigger_rule"": ""candidate"", ""trigger_date"": ""2025-01-27"", ""effective_date"": ""2025-01-27"", ""reason"": ""candidate"", ""lifecycle_id"": ""2fc9c927-c9c5-5e12-941f-ec7ffc195539""}",historical-blind-v1-20261002-diagnostic-v2:N08
N08,2025-02-05,S0,False,candidate_failed,2fc9c927-c9c5-5e12-941f-ec7ffc195539,"{""from_state"": ""S1"", ""to_state"": ""S0"", ""trigger_rule"": ""candidate_failed"", ""trigger_date"": ""2025-02-05"", ""effective_date"": ""2025-02-05"", ""reason"": ""candidate_failed"", ""lifecycle_id"": ""2fc9c927-c9c5-5e12-941f-ec7ffc195539""}",historical-blind-v1-20261002-diagnostic-v2:N08
N08,2025-02-06,S0,False,no_legal_transition_triggered,2fc9c927-c9c5-5e12-941f-ec7ffc195539,NULL,historical-blind-v1-20261002-diagnostic-v2:N08
N08,2025-02-07,S0,False,no_legal_transition_triggered,2fc9c927-c9c5-5e12-941f-ec7ffc195539,NULL,historical-blind-v1-20261002-diagnostic-v2:N08
N08,2025-02-10,S0,False,no_legal_transition_triggered,2fc9c927-c9c5-5e12-941f-ec7ffc195539,NULL,historical-blind-v1-20261002-diagnostic-v2:N08
N08,2025-02-11,S0,False,no_legal_transition_triggered,2fc9c927-c9c5-5e12-941f-ec7ffc195539,NULL,historical-blind-v1-20261002-diagnostic-v2:N08
N08,2025-02-12,S0,False,no_legal_transition_triggered,2fc9c927-c9c5-5e12-941f-ec7ffc195539,NULL,historical-blind-v1-20261002-diagnostic-v2:N08
N08,2025-02-13,S0,False,no_legal_transition_triggered,2fc9c927-c9c5-5e12-941f-ec7ffc195539,NULL,historical-blind-v1-20261002-diagnostic-v2:N08
N08,2025-02-14,S0,False,no_legal_transition_triggered,2fc9c927-c9c5-5e12-941f-ec7ffc195539,NULL,historical-blind-v1-20261002-diagnostic-v2:N08
N08,2025-02-17,S0,False,no_legal_transition_triggered,2fc9c927-c9c5-5e12-941f-ec7ffc195539,NULL,historical-blind-v1-20261002-diagnostic-v2:N08
N09,2024-11-18,S0,False,candidate_failed,9c4b13cb-7ccd-5ecb-ada4-8d72ccd610ba,"{""from_state"": ""S1"", ""to_state"": ""S0"", ""trigger_rule"": ""candidate_failed"", ""trigger_date"": ""2024-11-18"", ""effective_date"": ""2024-11-18"", ""reason"": ""candidate_failed"", ""lifecycle_id"": ""9c4b13cb-7ccd-5ecb-ada4-8d72ccd610ba""}",historical-blind-v1-20261002-diagnostic-v2:N09
N09,2024-11-19,S1,False,candidate,6c6a30e1-17e9-52e8-8ce1-e7ccd64aa0f4,"{""from_state"": ""S0"", ""to_state"": ""S1"", ""trigger_rule"": ""candidate"", ""trigger_date"": ""2024-11-19"", ""effective_date"": ""2024-11-19"", ""reason"": ""candidate"", ""lifecycle_id"": ""6c6a30e1-17e9-52e8-8ce1-e7ccd64aa0f4""}",historical-blind-v1-20261002-diagnostic-v2:N09
N09,2024-11-20,S1,False,no_legal_transition_triggered,6c6a30e1-17e9-52e8-8ce1-e7ccd64aa0f4,NULL,historical-blind-v1-20261002-diagnostic-v2:N09
N09,2024-11-21,S1,False,no_legal_transition_triggered,6c6a30e1-17e9-52e8-8ce1-e7ccd64aa0f4,NULL,historical-blind-v1-20261002-diagnostic-v2:N09
N09,2024-11-22,S0,False,candidate_failed,6c6a30e1-17e9-52e8-8ce1-e7ccd64aa0f4,"{""from_state"": ""S1"", ""to_state"": ""S0"", ""trigger_rule"": ""candidate_failed"", ""trigger_date"": ""2024-11-22"", ""effective_date"": ""2024-11-22"", ""reason"": ""candidate_failed"", ""lifecycle_id"": ""6c6a30e1-17e9-52e8-8ce1-e7ccd64aa0f4""}",historical-blind-v1-20261002-diagnostic-v2:N09
N09,2024-11-25,S0,False,no_legal_transition_triggered,6c6a30e1-17e9-52e8-8ce1-e7ccd64aa0f4,NULL,historical-blind-v1-20261002-diagnostic-v2:N09
N09,2024-11-26,S0,False,no_legal_transition_triggered,6c6a30e1-17e9-52e8-8ce1-e7ccd64aa0f4,NULL,historical-blind-v1-20261002-diagnostic-v2:N09
N09,2024-11-27,S0,False,no_legal_transition_triggered,6c6a30e1-17e9-52e8-8ce1-e7ccd64aa0f4,NULL,historical-blind-v1-20261002-diagnostic-v2:N09
N09,2024-11-28,S0,False,no_legal_transition_triggered,6c6a30e1-17e9-52e8-8ce1-e7ccd64aa0f4,NULL,historical-blind-v1-20261002-diagnostic-v2:N09
N09,2024-11-29,S0,False,no_legal_transition_triggered,6c6a30e1-17e9-52e8-8ce1-e7ccd64aa0f4,NULL,historical-blind-v1-20261002-diagnostic-v2:N09
N09,2024-12-02,S1,False,candidate,07f833ae-b144-5400-a708-4ab3588edecf,"{""from_state"": ""S0"", ""to_state"": ""S1"", ""trigger_rule"": ""candidate"", ""trigger_date"": ""2024-12-02"", ""effective_date"": ""2024-12-02"", ""reason"": ""candidate"", ""lifecycle_id"": ""07f833ae-b144-5400-a708-4ab3588edecf""}",historical-blind-v1-20261002-diagnostic-v2:N09
N09,2024-12-03,S0,False,candidate_failed,07f833ae-b144-5400-a708-4ab3588edecf,"{""from_state"": ""S1"", ""to_state"": ""S0"", ""trigger_rule"": ""candidate_failed"", ""trigger_date"": ""2024-12-03"", ""effective_date"": ""2024-12-03"", ""reason"": ""candidate_failed"", ""lifecycle_id"": ""07f833ae-b144-5400-a708-4ab3588edecf""}",historical-blind-v1-20261002-diagnostic-v2:N09
N09,2024-12-04,S0,False,no_legal_transition_triggered,07f833ae-b144-5400-a708-4ab3588edecf,NULL,historical-blind-v1-20261002-diagnostic-v2:N09
N09,2024-12-05,S0,False,no_legal_transition_triggered,07f833ae-b144-5400-a708-4ab3588edecf,NULL,historical-blind-v1-20261002-diagnostic-v2:N09
N09,2024-12-06,S0,False,no_legal_transition_triggered,07f833ae-b144-5400-a708-4ab3588edecf,NULL,historical-blind-v1-20261002-diagnostic-v2:N09
N09,2024-12-09,S0,False,no_legal_transition_triggered,07f833ae-b144-5400-a708-4ab3588edecf,NULL,historical-blind-v1-20261002-diagnostic-v2:N09
N09,2024-12-10,S0,False,no_legal_transition_triggered,07f833ae-b144-5400-a708-4ab3588edecf,NULL,historical-blind-v1-20261002-diagnostic-v2:N09
N09,2024-12-11,S1,False,candidate,0e795265-4723-53e7-b749-5426a208a543,"{""from_state"": ""S0"", ""to_state"": ""S1"", ""trigger_rule"": ""candidate"", ""trigger_date"": ""2024-12-11"", ""effective_date"": ""2024-12-11"", ""reason"": ""candidate"", ""lifecycle_id"": ""0e795265-4723-53e7-b749-5426a208a543""}",historical-blind-v1-20261002-diagnostic-v2:N09
N09,2024-12-12,S0,False,candidate_failed,0e795265-4723-53e7-b749-5426a208a543,"{""from_state"": ""S1"", ""to_state"": ""S0"", ""trigger_rule"": ""candidate_failed"", ""trigger_date"": ""2024-12-12"", ""effective_date"": ""2024-12-12"", ""reason"": ""candidate_failed"", ""lifecycle_id"": ""0e795265-4723-53e7-b749-5426a208a543""}",historical-blind-v1-20261002-diagnostic-v2:N09
N09,2024-12-13,S1,False,candidate,fd30e0cf-ee7e-5fac-9db7-4600074ee64c,"{""from_state"": ""S0"", ""to_state"": ""S1"", ""trigger_rule"": ""candidate"", ""trigger_date"": ""2024-12-13"", ""effective_date"": ""2024-12-13"", ""reason"": ""candidate"", ""lifecycle_id"": ""fd30e0cf-ee7e-5fac-9db7-4600074ee64c""}",historical-blind-v1-20261002-diagnostic-v2:N09
N09,2024-12-16,S1,False,no_legal_transition_triggered,fd30e0cf-ee7e-5fac-9db7-4600074ee64c,NULL,historical-blind-v1-20261002-diagnostic-v2:N09
N09,2024-12-17,S1,False,no_legal_transition_triggered,fd30e0cf-ee7e-5fac-9db7-4600074ee64c,NULL,historical-blind-v1-20261002-diagnostic-v2:N09
N09,2024-12-18,S1,False,no_legal_transition_triggered,fd30e0cf-ee7e-5fac-9db7-4600074ee64c,NULL,historical-blind-v1-20261002-diagnostic-v2:N09
N09,2024-12-19,S1,False,no_legal_transition_triggered,fd30e0cf-ee7e-5fac-9db7-4600074ee64c,NULL,historical-blind-v1-20261002-diagnostic-v2:N09
N09,2024-12-20,S2,False,confirm,fd30e0cf-ee7e-5fac-9db7-4600074ee64c,"{""from_state"": ""S1"", ""to_state"": ""S2"", ""trigger_rule"": ""confirm"", ""trigger_date"": ""2024-12-20"", ""effective_date"": ""2024-12-20"", ""reason"": ""confirm"", ""lifecycle_id"": ""fd30e0cf-ee7e-5fac-9db7-4600074ee64c""}",historical-blind-v1-20261002-diagnostic-v2:N09
N09,2024-12-23,S2,False,no_legal_transition_triggered,fd30e0cf-ee7e-5fac-9db7-4600074ee64c,NULL,historical-blind-v1-20261002-diagnostic-v2:N09
N09,2024-12-24,S2,False,no_legal_transition_triggered,fd30e0cf-ee7e-5fac-9db7-4600074ee64c,NULL,historical-blind-v1-20261002-diagnostic-v2:N09
N09,2024-12-25,S2,False,no_legal_transition_triggered,fd30e0cf-ee7e-5fac-9db7-4600074ee64c,NULL,historical-blind-v1-20261002-diagnostic-v2:N09
N09,2024-12-26,S2,False,no_legal_transition_triggered,fd30e0cf-ee7e-5fac-9db7-4600074ee64c,NULL,historical-blind-v1-20261002-diagnostic-v2:N09
N09,2024-12-27,S2,False,no_legal_transition_triggered,fd30e0cf-ee7e-5fac-9db7-4600074ee64c,NULL,historical-blind-v1-20261002-diagnostic-v2:N09
N09,2024-12-30,S2,False,no_legal_transition_triggered,fd30e0cf-ee7e-5fac-9db7-4600074ee64c,NULL,historical-blind-v1-20261002-diagnostic-v2:N09
N09,2024-12-31,S2,False,no_legal_transition_triggered,fd30e0cf-ee7e-5fac-9db7-4600074ee64c,NULL,historical-blind-v1-20261002-diagnostic-v2:N09
N09,2025-01-02,S3,False,weaken,fd30e0cf-ee7e-5fac-9db7-4600074ee64c,"{""from_state"": ""S2"", ""to_state"": ""S3"", ""trigger_rule"": ""weaken"", ""trigger_date"": ""2025-01-02"", ""effective_date"": ""2025-01-02"", ""reason"": ""weaken"", ""lifecycle_id"": ""fd30e0cf-ee7e-5fac-9db7-4600074ee64c""}",historical-blind-v1-20261002-diagnostic-v2:N09
N09,2025-01-03,S3,False,recover_requires_two_or_retire_requires_three_sessions,fd30e0cf-ee7e-5fac-9db7-4600074ee64c,NULL,historical-blind-v1-20261002-diagnostic-v2:N09
N09,2025-01-06,S3,False,recover_requires_two_or_retire_requires_three_sessions,fd30e0cf-ee7e-5fac-9db7-4600074ee64c,NULL,historical-blind-v1-20261002-diagnostic-v2:N09
N09,2025-01-07,S4,False,retire,fd30e0cf-ee7e-5fac-9db7-4600074ee64c,"{""from_state"": ""S3"", ""to_state"": ""S4"", ""trigger_rule"": ""retire"", ""trigger_date"": ""2025-01-07"", ""effective_date"": ""2025-01-07"", ""reason"": ""retire"", ""lifecycle_id"": ""fd30e0cf-ee7e-5fac-9db7-4600074ee64c""}",historical-blind-v1-20261002-diagnostic-v2:N09
N09,2025-01-08,S4,False,no_legal_transition_triggered,fd30e0cf-ee7e-5fac-9db7-4600074ee64c,NULL,historical-blind-v1-20261002-diagnostic-v2:N09
N09,2025-01-09,S1,False,new_lifecycle_reentry,cb305169-748b-56fc-9ba7-37130a469b0c,"{""from_state"": ""S4"", ""to_state"": ""S1"", ""trigger_rule"": ""new_lifecycle_reentry"", ""trigger_date"": ""2025-01-09"", ""effective_date"": ""2025-01-09"", ""reason"": ""new_lifecycle_reentry"", ""lifecycle_id"": ""cb305169-748b-56fc-9ba7-37130a469b0c""}",historical-blind-v1-20261002-diagnostic-v2:N09
N09,2025-01-10,S0,False,candidate_failed,cb305169-748b-56fc-9ba7-37130a469b0c,"{""from_state"": ""S1"", ""to_state"": ""S0"", ""trigger_rule"": ""candidate_failed"", ""trigger_date"": ""2025-01-10"", ""effective_date"": ""2025-01-10"", ""reason"": ""candidate_failed"", ""lifecycle_id"": ""cb305169-748b-56fc-9ba7-37130a469b0c""}",historical-blind-v1-20261002-diagnostic-v2:N09
N09,2025-01-13,S1,False,candidate,13ce38fe-cac3-5ab6-a863-5e2262ef3584,"{""from_state"": ""S0"", ""to_state"": ""S1"", ""trigger_rule"": ""candidate"", ""trigger_date"": ""2025-01-13"", ""effective_date"": ""2025-01-13"", ""reason"": ""candidate"", ""lifecycle_id"": ""13ce38fe-cac3-5ab6-a863-5e2262ef3584""}",historical-blind-v1-20261002-diagnostic-v2:N09
N09,2025-01-14,S1,False,no_legal_transition_triggered,13ce38fe-cac3-5ab6-a863-5e2262ef3584,NULL,historical-blind-v1-20261002-diagnostic-v2:N09
N09,2025-01-15,S0,False,candidate_failed,13ce38fe-cac3-5ab6-a863-5e2262ef3584,"{""from_state"": ""S1"", ""to_state"": ""S0"", ""trigger_rule"": ""candidate_failed"", ""trigger_date"": ""2025-01-15"", ""effective_date"": ""2025-01-15"", ""reason"": ""candidate_failed"", ""lifecycle_id"": ""13ce38fe-cac3-5ab6-a863-5e2262ef3584""}",historical-blind-v1-20261002-diagnostic-v2:N09
N09,2025-01-16,S0,False,no_legal_transition_triggered,13ce38fe-cac3-5ab6-a863-5e2262ef3584,NULL,historical-blind-v1-20261002-diagnostic-v2:N09
N09,2025-01-17,S1,False,candidate,3b6ba472-1f1f-5278-b637-2fe1abffdcb8,"{""from_state"": ""S0"", ""to_state"": ""S1"", ""trigger_rule"": ""candidate"", ""trigger_date"": ""2025-01-17"", ""effective_date"": ""2025-01-17"", ""reason"": ""candidate"", ""lifecycle_id"": ""3b6ba472-1f1f-5278-b637-2fe1abffdcb8""}",historical-blind-v1-20261002-diagnostic-v2:N09
N09,2025-01-20,S1,False,no_legal_transition_triggered,3b6ba472-1f1f-5278-b637-2fe1abffdcb8,NULL,historical-blind-v1-20261002-diagnostic-v2:N09
N09,2025-01-21,S1,False,no_legal_transition_triggered,3b6ba472-1f1f-5278-b637-2fe1abffdcb8,NULL,historical-blind-v1-20261002-diagnostic-v2:N09
N09,2025-01-22,S1,False,no_legal_transition_triggered,3b6ba472-1f1f-5278-b637-2fe1abffdcb8,NULL,historical-blind-v1-20261002-diagnostic-v2:N09
N09,2025-01-23,S1,False,no_legal_transition_triggered,3b6ba472-1f1f-5278-b637-2fe1abffdcb8,NULL,historical-blind-v1-20261002-diagnostic-v2:N09
N09,2025-01-24,S1,False,no_legal_transition_triggered,3b6ba472-1f1f-5278-b637-2fe1abffdcb8,NULL,historical-blind-v1-20261002-diagnostic-v2:N09
N09,2025-01-27,S1,False,no_legal_transition_triggered,3b6ba472-1f1f-5278-b637-2fe1abffdcb8,NULL,historical-blind-v1-20261002-diagnostic-v2:N09
N09,2025-02-05,S1,False,no_legal_transition_triggered,3b6ba472-1f1f-5278-b637-2fe1abffdcb8,NULL,historical-blind-v1-20261002-diagnostic-v2:N09
N09,2025-02-06,S1,False,no_legal_transition_triggered,3b6ba472-1f1f-5278-b637-2fe1abffdcb8,NULL,historical-blind-v1-20261002-diagnostic-v2:N09
N09,2025-02-07,S1,False,no_legal_transition_triggered,3b6ba472-1f1f-5278-b637-2fe1abffdcb8,NULL,historical-blind-v1-20261002-diagnostic-v2:N09
N09,2025-02-10,S1,False,no_legal_transition_triggered,3b6ba472-1f1f-5278-b637-2fe1abffdcb8,NULL,historical-blind-v1-20261002-diagnostic-v2:N09
N09,2025-02-11,S1,False,no_legal_transition_triggered,3b6ba472-1f1f-5278-b637-2fe1abffdcb8,NULL,historical-blind-v1-20261002-diagnostic-v2:N09
N09,2025-02-12,S1,False,no_legal_transition_triggered,3b6ba472-1f1f-5278-b637-2fe1abffdcb8,NULL,historical-blind-v1-20261002-diagnostic-v2:N09
N09,2025-02-13,S1,False,no_legal_transition_triggered,3b6ba472-1f1f-5278-b637-2fe1abffdcb8,NULL,historical-blind-v1-20261002-diagnostic-v2:N09
N09,2025-02-14,S1,False,no_legal_transition_triggered,3b6ba472-1f1f-5278-b637-2fe1abffdcb8,NULL,historical-blind-v1-20261002-diagnostic-v2:N09
N09,2025-02-17,S2,False,confirm,3b6ba472-1f1f-5278-b637-2fe1abffdcb8,"{""from_state"": ""S1"", ""to_state"": ""S2"", ""trigger_rule"": ""confirm"", ""trigger_date"": ""2025-02-17"", ""effective_date"": ""2025-02-17"", ""reason"": ""confirm"", ""lifecycle_id"": ""3b6ba472-1f1f-5278-b637-2fe1abffdcb8""}",historical-blind-v1-20261002-diagnostic-v2:N09
N10,2024-09-13,S1,True,rule_evidence_unavailable:confirm,62208c85-204e-5d8f-89bf-dc4371b30418,NULL,historical-blind-v1-20261002-diagnostic-v2:N10
N10,2024-09-18,S1,True,rule_evidence_unavailable:confirm,62208c85-204e-5d8f-89bf-dc4371b30418,NULL,historical-blind-v1-20261002-diagnostic-v2:N10
N10,2024-09-19,S1,True,rule_evidence_unavailable:confirm,62208c85-204e-5d8f-89bf-dc4371b30418,NULL,historical-blind-v1-20261002-diagnostic-v2:N10
N10,2024-09-20,S1,True,rule_evidence_unavailable:confirm,62208c85-204e-5d8f-89bf-dc4371b30418,NULL,historical-blind-v1-20261002-diagnostic-v2:N10
N10,2024-09-23,S1,True,rule_evidence_unavailable:confirm,62208c85-204e-5d8f-89bf-dc4371b30418,NULL,historical-blind-v1-20261002-diagnostic-v2:N10
N10,2024-09-24,S1,False,freeze_recovery_first_session_no_transition,62208c85-204e-5d8f-89bf-dc4371b30418,NULL,historical-blind-v1-20261002-diagnostic-v2:N10
N10,2024-09-25,S1,True,rule_evidence_unavailable:confirm,62208c85-204e-5d8f-89bf-dc4371b30418,NULL,historical-blind-v1-20261002-diagnostic-v2:N10
N10,2024-09-26,S1,True,rule_evidence_unavailable:confirm,62208c85-204e-5d8f-89bf-dc4371b30418,NULL,historical-blind-v1-20261002-diagnostic-v2:N10
N10,2024-09-27,S1,True,rule_evidence_unavailable:confirm,62208c85-204e-5d8f-89bf-dc4371b30418,NULL,historical-blind-v1-20261002-diagnostic-v2:N10
N10,2024-09-30,S1,False,freeze_recovery_first_session_no_transition,62208c85-204e-5d8f-89bf-dc4371b30418,NULL,historical-blind-v1-20261002-diagnostic-v2:N10
N10,2024-10-08,S1,False,no_legal_transition_triggered,62208c85-204e-5d8f-89bf-dc4371b30418,NULL,historical-blind-v1-20261002-diagnostic-v2:N10
N10,2024-10-09,S0,False,candidate_failed,62208c85-204e-5d8f-89bf-dc4371b30418,"{""from_state"": ""S1"", ""to_state"": ""S0"", ""trigger_rule"": ""candidate_failed"", ""trigger_date"": ""2024-10-09"", ""effective_date"": ""2024-10-09"", ""reason"": ""candidate_failed"", ""lifecycle_id"": ""62208c85-204e-5d8f-89bf-dc4371b30418""}",historical-blind-v1-20261002-diagnostic-v2:N10
N10,2024-10-10,S0,False,no_legal_transition_triggered,62208c85-204e-5d8f-89bf-dc4371b30418,NULL,historical-blind-v1-20261002-diagnostic-v2:N10
N10,2024-10-11,S0,False,no_legal_transition_triggered,62208c85-204e-5d8f-89bf-dc4371b30418,NULL,historical-blind-v1-20261002-diagnostic-v2:N10
N10,2024-10-14,S0,False,no_legal_transition_triggered,62208c85-204e-5d8f-89bf-dc4371b30418,NULL,historical-blind-v1-20261002-diagnostic-v2:N10
N10,2024-10-15,S0,False,no_legal_transition_triggered,62208c85-204e-5d8f-89bf-dc4371b30418,NULL,historical-blind-v1-20261002-diagnostic-v2:N10
N10,2024-10-16,S1,False,candidate,f0a25483-7df9-52ab-8927-7fd445fb510f,"{""from_state"": ""S0"", ""to_state"": ""S1"", ""trigger_rule"": ""candidate"", ""trigger_date"": ""2024-10-16"", ""effective_date"": ""2024-10-16"", ""reason"": ""candidate"", ""lifecycle_id"": ""f0a25483-7df9-52ab-8927-7fd445fb510f""}",historical-blind-v1-20261002-diagnostic-v2:N10
N10,2024-10-17,S1,False,no_legal_transition_triggered,f0a25483-7df9-52ab-8927-7fd445fb510f,NULL,historical-blind-v1-20261002-diagnostic-v2:N10
N10,2024-10-18,S0,False,candidate_failed,f0a25483-7df9-52ab-8927-7fd445fb510f,"{""from_state"": ""S1"", ""to_state"": ""S0"", ""trigger_rule"": ""candidate_failed"", ""trigger_date"": ""2024-10-18"", ""effective_date"": ""2024-10-18"", ""reason"": ""candidate_failed"", ""lifecycle_id"": ""f0a25483-7df9-52ab-8927-7fd445fb510f""}",historical-blind-v1-20261002-diagnostic-v2:N10
N10,2024-10-21,S0,False,no_legal_transition_triggered,f0a25483-7df9-52ab-8927-7fd445fb510f,NULL,historical-blind-v1-20261002-diagnostic-v2:N10
N10,2024-10-22,S0,False,no_legal_transition_triggered,f0a25483-7df9-52ab-8927-7fd445fb510f,NULL,historical-blind-v1-20261002-diagnostic-v2:N10
N10,2024-10-23,S0,False,no_legal_transition_triggered,f0a25483-7df9-52ab-8927-7fd445fb510f,NULL,historical-blind-v1-20261002-diagnostic-v2:N10
N10,2024-10-24,S1,False,candidate,d1079171-b0a3-5900-9f46-33a9417fe7ef,"{""from_state"": ""S0"", ""to_state"": ""S1"", ""trigger_rule"": ""candidate"", ""trigger_date"": ""2024-10-24"", ""effective_date"": ""2024-10-24"", ""reason"": ""candidate"", ""lifecycle_id"": ""d1079171-b0a3-5900-9f46-33a9417fe7ef""}",historical-blind-v1-20261002-diagnostic-v2:N10
N10,2024-10-25,S0,False,candidate_failed,d1079171-b0a3-5900-9f46-33a9417fe7ef,"{""from_state"": ""S1"", ""to_state"": ""S0"", ""trigger_rule"": ""candidate_failed"", ""trigger_date"": ""2024-10-25"", ""effective_date"": ""2024-10-25"", ""reason"": ""candidate_failed"", ""lifecycle_id"": ""d1079171-b0a3-5900-9f46-33a9417fe7ef""}",historical-blind-v1-20261002-diagnostic-v2:N10
N10,2024-10-28,S1,False,candidate,c8cf7dd8-633b-59d9-aabc-a73761d7f542,"{""from_state"": ""S0"", ""to_state"": ""S1"", ""trigger_rule"": ""candidate"", ""trigger_date"": ""2024-10-28"", ""effective_date"": ""2024-10-28"", ""reason"": ""candidate"", ""lifecycle_id"": ""c8cf7dd8-633b-59d9-aabc-a73761d7f542""}",historical-blind-v1-20261002-diagnostic-v2:N10
N10,2024-10-29,S0,False,candidate_failed,c8cf7dd8-633b-59d9-aabc-a73761d7f542,"{""from_state"": ""S1"", ""to_state"": ""S0"", ""trigger_rule"": ""candidate_failed"", ""trigger_date"": ""2024-10-29"", ""effective_date"": ""2024-10-29"", ""reason"": ""candidate_failed"", ""lifecycle_id"": ""c8cf7dd8-633b-59d9-aabc-a73761d7f542""}",historical-blind-v1-20261002-diagnostic-v2:N10
N10,2024-10-30,S1,False,candidate,a36b507c-c7ae-5a1c-916d-4d2a518b7cbd,"{""from_state"": ""S0"", ""to_state"": ""S1"", ""trigger_rule"": ""candidate"", ""trigger_date"": ""2024-10-30"", ""effective_date"": ""2024-10-30"", ""reason"": ""candidate"", ""lifecycle_id"": ""a36b507c-c7ae-5a1c-916d-4d2a518b7cbd""}",historical-blind-v1-20261002-diagnostic-v2:N10
N10,2024-10-31,S1,True,rule_evidence_unavailable:confirm,a36b507c-c7ae-5a1c-916d-4d2a518b7cbd,NULL,historical-blind-v1-20261002-diagnostic-v2:N10
N10,2024-11-01,S1,True,rule_evidence_unavailable:confirm,a36b507c-c7ae-5a1c-916d-4d2a518b7cbd,NULL,historical-blind-v1-20261002-diagnostic-v2:N10
N10,2024-11-04,S1,False,freeze_recovery_first_session_no_transition,a36b507c-c7ae-5a1c-916d-4d2a518b7cbd,NULL,historical-blind-v1-20261002-diagnostic-v2:N10
N10,2024-11-05,S1,False,no_legal_transition_triggered,a36b507c-c7ae-5a1c-916d-4d2a518b7cbd,NULL,historical-blind-v1-20261002-diagnostic-v2:N10
N10,2024-11-06,S1,False,no_legal_transition_triggered,a36b507c-c7ae-5a1c-916d-4d2a518b7cbd,NULL,historical-blind-v1-20261002-diagnostic-v2:N10
N10,2024-11-07,S2,False,confirm,a36b507c-c7ae-5a1c-916d-4d2a518b7cbd,"{""from_state"": ""S1"", ""to_state"": ""S2"", ""trigger_rule"": ""confirm"", ""trigger_date"": ""2024-11-07"", ""effective_date"": ""2024-11-07"", ""reason"": ""confirm"", ""lifecycle_id"": ""a36b507c-c7ae-5a1c-916d-4d2a518b7cbd""}",historical-blind-v1-20261002-diagnostic-v2:N10
N10,2024-11-08,S2,False,no_legal_transition_triggered,a36b507c-c7ae-5a1c-916d-4d2a518b7cbd,NULL,historical-blind-v1-20261002-diagnostic-v2:N10
N10,2024-11-11,S2,False,no_legal_transition_triggered,a36b507c-c7ae-5a1c-916d-4d2a518b7cbd,NULL,historical-blind-v1-20261002-diagnostic-v2:N10
N10,2024-11-12,S3,False,weaken,a36b507c-c7ae-5a1c-916d-4d2a518b7cbd,"{""from_state"": ""S2"", ""to_state"": ""S3"", ""trigger_rule"": ""weaken"", ""trigger_date"": ""2024-11-12"", ""effective_date"": ""2024-11-12"", ""reason"": ""weaken"", ""lifecycle_id"": ""a36b507c-c7ae-5a1c-916d-4d2a518b7cbd""}",historical-blind-v1-20261002-diagnostic-v2:N10
N10,2024-11-13,S3,False,recover_requires_two_or_retire_requires_three_sessions,a36b507c-c7ae-5a1c-916d-4d2a518b7cbd,NULL,historical-blind-v1-20261002-diagnostic-v2:N10
N10,2024-11-14,S3,False,recover_requires_two_or_retire_requires_three_sessions,a36b507c-c7ae-5a1c-916d-4d2a518b7cbd,NULL,historical-blind-v1-20261002-diagnostic-v2:N10
N10,2024-11-15,S4,False,retire,a36b507c-c7ae-5a1c-916d-4d2a518b7cbd,"{""from_state"": ""S3"", ""to_state"": ""S4"", ""trigger_rule"": ""retire"", ""trigger_date"": ""2024-11-15"", ""effective_date"": ""2024-11-15"", ""reason"": ""retire"", ""lifecycle_id"": ""a36b507c-c7ae-5a1c-916d-4d2a518b7cbd""}",historical-blind-v1-20261002-diagnostic-v2:N10
N10,2024-11-18,S4,False,no_legal_transition_triggered,a36b507c-c7ae-5a1c-916d-4d2a518b7cbd,NULL,historical-blind-v1-20261002-diagnostic-v2:N10
N10,2024-11-19,S4,False,no_legal_transition_triggered,a36b507c-c7ae-5a1c-916d-4d2a518b7cbd,NULL,historical-blind-v1-20261002-diagnostic-v2:N10
N10,2024-11-20,S4,False,no_legal_transition_triggered,a36b507c-c7ae-5a1c-916d-4d2a518b7cbd,NULL,historical-blind-v1-20261002-diagnostic-v2:N10
N10,2024-11-21,S4,False,no_legal_transition_triggered,a36b507c-c7ae-5a1c-916d-4d2a518b7cbd,NULL,historical-blind-v1-20261002-diagnostic-v2:N10
N10,2024-11-22,S4,False,no_legal_transition_triggered,a36b507c-c7ae-5a1c-916d-4d2a518b7cbd,NULL,historical-blind-v1-20261002-diagnostic-v2:N10
N10,2024-11-25,S4,False,no_legal_transition_triggered,a36b507c-c7ae-5a1c-916d-4d2a518b7cbd,NULL,historical-blind-v1-20261002-diagnostic-v2:N10
N10,2024-11-26,S4,False,no_legal_transition_triggered,a36b507c-c7ae-5a1c-916d-4d2a518b7cbd,NULL,historical-blind-v1-20261002-diagnostic-v2:N10
N10,2024-11-27,S4,False,no_legal_transition_triggered,a36b507c-c7ae-5a1c-916d-4d2a518b7cbd,NULL,historical-blind-v1-20261002-diagnostic-v2:N10
N10,2024-11-28,S1,False,new_lifecycle_reentry,9a75c340-b6b9-5c5c-809c-b153f5dc78de,"{""from_state"": ""S4"", ""to_state"": ""S1"", ""trigger_rule"": ""new_lifecycle_reentry"", ""trigger_date"": ""2024-11-28"", ""effective_date"": ""2024-11-28"", ""reason"": ""new_lifecycle_reentry"", ""lifecycle_id"": ""9a75c340-b6b9-5c5c-809c-b153f5dc78de""}",historical-blind-v1-20261002-diagnostic-v2:N10
N10,2024-11-29,S0,False,candidate_failed,9a75c340-b6b9-5c5c-809c-b153f5dc78de,"{""from_state"": ""S1"", ""to_state"": ""S0"", ""trigger_rule"": ""candidate_failed"", ""trigger_date"": ""2024-11-29"", ""effective_date"": ""2024-11-29"", ""reason"": ""candidate_failed"", ""lifecycle_id"": ""9a75c340-b6b9-5c5c-809c-b153f5dc78de""}",historical-blind-v1-20261002-diagnostic-v2:N10
N10,2024-12-02,S1,False,candidate,7b49034a-dcbd-5bc5-9574-1a9099a9a016,"{""from_state"": ""S0"", ""to_state"": ""S1"", ""trigger_rule"": ""candidate"", ""trigger_date"": ""2024-12-02"", ""effective_date"": ""2024-12-02"", ""reason"": ""candidate"", ""lifecycle_id"": ""7b49034a-dcbd-5bc5-9574-1a9099a9a016""}",historical-blind-v1-20261002-diagnostic-v2:N10
N10,2024-12-03,S1,False,no_legal_transition_triggered,7b49034a-dcbd-5bc5-9574-1a9099a9a016,NULL,historical-blind-v1-20261002-diagnostic-v2:N10
N10,2024-12-04,S1,False,no_legal_transition_triggered,7b49034a-dcbd-5bc5-9574-1a9099a9a016,NULL,historical-blind-v1-20261002-diagnostic-v2:N10
N10,2024-12-05,S1,False,no_legal_transition_triggered,7b49034a-dcbd-5bc5-9574-1a9099a9a016,NULL,historical-blind-v1-20261002-diagnostic-v2:N10
N10,2024-12-06,S1,False,no_legal_transition_triggered,7b49034a-dcbd-5bc5-9574-1a9099a9a016,NULL,historical-blind-v1-20261002-diagnostic-v2:N10
N10,2024-12-09,S1,False,no_legal_transition_triggered,7b49034a-dcbd-5bc5-9574-1a9099a9a016,NULL,historical-blind-v1-20261002-diagnostic-v2:N10
N10,2024-12-10,S1,False,no_legal_transition_triggered,7b49034a-dcbd-5bc5-9574-1a9099a9a016,NULL,historical-blind-v1-20261002-diagnostic-v2:N10
N10,2024-12-11,S1,False,no_legal_transition_triggered,7b49034a-dcbd-5bc5-9574-1a9099a9a016,NULL,historical-blind-v1-20261002-diagnostic-v2:N10
N10,2024-12-12,S1,False,no_legal_transition_triggered,7b49034a-dcbd-5bc5-9574-1a9099a9a016,NULL,historical-blind-v1-20261002-diagnostic-v2:N10
N10,2024-12-13,S1,False,no_legal_transition_triggered,7b49034a-dcbd-5bc5-9574-1a9099a9a016,NULL,historical-blind-v1-20261002-diagnostic-v2:N10
A01,2024-12-16,S2,False,no_legal_transition_triggered,7c96dd04-78f8-592c-86e6-8414aaf96670,NULL,historical-blind-v1-20261002-diagnostic-v2:A01
A01,2024-12-17,S3,False,weaken,7c96dd04-78f8-592c-86e6-8414aaf96670,"{""from_state"": ""S2"", ""to_state"": ""S3"", ""trigger_rule"": ""weaken"", ""trigger_date"": ""2024-12-17"", ""effective_date"": ""2024-12-17"", ""reason"": ""weaken"", ""lifecycle_id"": ""7c96dd04-78f8-592c-86e6-8414aaf96670""}",historical-blind-v1-20261002-diagnostic-v2:A01
A01,2024-12-18,S3,False,no_legal_transition_triggered,7c96dd04-78f8-592c-86e6-8414aaf96670,NULL,historical-blind-v1-20261002-diagnostic-v2:A01
A01,2024-12-19,S3,False,no_legal_transition_triggered,7c96dd04-78f8-592c-86e6-8414aaf96670,NULL,historical-blind-v1-20261002-diagnostic-v2:A01
A01,2024-12-20,S3,False,no_legal_transition_triggered,7c96dd04-78f8-592c-86e6-8414aaf96670,NULL,historical-blind-v1-20261002-diagnostic-v2:A01
A01,2024-12-23,S3,False,recover_requires_two_or_retire_requires_three_sessions,7c96dd04-78f8-592c-86e6-8414aaf96670,NULL,historical-blind-v1-20261002-diagnostic-v2:A01
A01,2024-12-24,S3,False,recover_requires_two_or_retire_requires_three_sessions,7c96dd04-78f8-592c-86e6-8414aaf96670,NULL,historical-blind-v1-20261002-diagnostic-v2:A01
A01,2024-12-25,S4,False,retire,7c96dd04-78f8-592c-86e6-8414aaf96670,"{""from_state"": ""S3"", ""to_state"": ""S4"", ""trigger_rule"": ""retire"", ""trigger_date"": ""2024-12-25"", ""effective_date"": ""2024-12-25"", ""reason"": ""retire"", ""lifecycle_id"": ""7c96dd04-78f8-592c-86e6-8414aaf96670""}",historical-blind-v1-20261002-diagnostic-v2:A01
A01,2024-12-26,S4,False,no_legal_transition_triggered,7c96dd04-78f8-592c-86e6-8414aaf96670,NULL,historical-blind-v1-20261002-diagnostic-v2:A01
A01,2024-12-27,S4,False,no_legal_transition_triggered,7c96dd04-78f8-592c-86e6-8414aaf96670,NULL,historical-blind-v1-20261002-diagnostic-v2:A01
A01,2024-12-30,S4,False,no_legal_transition_triggered,7c96dd04-78f8-592c-86e6-8414aaf96670,NULL,historical-blind-v1-20261002-diagnostic-v2:A01
A01,2024-12-31,S4,False,no_legal_transition_triggered,7c96dd04-78f8-592c-86e6-8414aaf96670,NULL,historical-blind-v1-20261002-diagnostic-v2:A01
A01,2025-01-02,S4,False,no_legal_transition_triggered,7c96dd04-78f8-592c-86e6-8414aaf96670,NULL,historical-blind-v1-20261002-diagnostic-v2:A01
A01,2025-01-03,S4,False,no_legal_transition_triggered,7c96dd04-78f8-592c-86e6-8414aaf96670,NULL,historical-blind-v1-20261002-diagnostic-v2:A01
A01,2025-01-06,S4,False,no_legal_transition_triggered,7c96dd04-78f8-592c-86e6-8414aaf96670,NULL,historical-blind-v1-20261002-diagnostic-v2:A01
A01,2025-01-07,S4,False,no_legal_transition_triggered,7c96dd04-78f8-592c-86e6-8414aaf96670,NULL,historical-blind-v1-20261002-diagnostic-v2:A01
A01,2025-01-08,S4,False,no_legal_transition_triggered,7c96dd04-78f8-592c-86e6-8414aaf96670,NULL,historical-blind-v1-20261002-diagnostic-v2:A01
A01,2025-01-09,S4,False,no_legal_transition_triggered,7c96dd04-78f8-592c-86e6-8414aaf96670,NULL,historical-blind-v1-20261002-diagnostic-v2:A01
A01,2025-01-10,S4,False,no_legal_transition_triggered,7c96dd04-78f8-592c-86e6-8414aaf96670,NULL,historical-blind-v1-20261002-diagnostic-v2:A01
A01,2025-01-13,S4,False,no_legal_transition_triggered,7c96dd04-78f8-592c-86e6-8414aaf96670,NULL,historical-blind-v1-20261002-diagnostic-v2:A01
A01,2025-01-14,S1,False,new_lifecycle_reentry,7a297c18-ace7-5820-8bb6-6085445d9d9a,"{""from_state"": ""S4"", ""to_state"": ""S1"", ""trigger_rule"": ""new_lifecycle_reentry"", ""trigger_date"": ""2025-01-14"", ""effective_date"": ""2025-01-14"", ""reason"": ""new_lifecycle_reentry"", ""lifecycle_id"": ""7a297c18-ace7-5820-8bb6-6085445d9d9a""}",historical-blind-v1-20261002-diagnostic-v2:A01
A01,2025-01-15,S1,False,no_legal_transition_triggered,7a297c18-ace7-5820-8bb6-6085445d9d9a,NULL,historical-blind-v1-20261002-diagnostic-v2:A01
A01,2025-01-16,S1,False,no_legal_transition_triggered,7a297c18-ace7-5820-8bb6-6085445d9d9a,NULL,historical-blind-v1-20261002-diagnostic-v2:A01
A01,2025-01-17,S1,False,no_legal_transition_triggered,7a297c18-ace7-5820-8bb6-6085445d9d9a,NULL,historical-blind-v1-20261002-diagnostic-v2:A01
A01,2025-01-20,S1,False,no_legal_transition_triggered,7a297c18-ace7-5820-8bb6-6085445d9d9a,NULL,historical-blind-v1-20261002-diagnostic-v2:A01
A01,2025-01-21,S1,False,no_legal_transition_triggered,7a297c18-ace7-5820-8bb6-6085445d9d9a,NULL,historical-blind-v1-20261002-diagnostic-v2:A01
A01,2025-01-22,S0,False,candidate_failed,7a297c18-ace7-5820-8bb6-6085445d9d9a,"{""from_state"": ""S1"", ""to_state"": ""S0"", ""trigger_rule"": ""candidate_failed"", ""trigger_date"": ""2025-01-22"", ""effective_date"": ""2025-01-22"", ""reason"": ""candidate_failed"", ""lifecycle_id"": ""7a297c18-ace7-5820-8bb6-6085445d9d9a""}",historical-blind-v1-20261002-diagnostic-v2:A01
A01,2025-01-23,S0,False,no_legal_transition_triggered,7a297c18-ace7-5820-8bb6-6085445d9d9a,NULL,historical-blind-v1-20261002-diagnostic-v2:A01
A01,2025-01-24,S1,False,candidate,73b55693-b19b-5cfd-9b38-c1e14baa0c5b,"{""from_state"": ""S0"", ""to_state"": ""S1"", ""trigger_rule"": ""candidate"", ""trigger_date"": ""2025-01-24"", ""effective_date"": ""2025-01-24"", ""reason"": ""candidate"", ""lifecycle_id"": ""73b55693-b19b-5cfd-9b38-c1e14baa0c5b""}",historical-blind-v1-20261002-diagnostic-v2:A01
A01,2025-01-27,S1,False,no_legal_transition_triggered,73b55693-b19b-5cfd-9b38-c1e14baa0c5b,NULL,historical-blind-v1-20261002-diagnostic-v2:A01
A01,2025-02-05,S1,False,no_legal_transition_triggered,73b55693-b19b-5cfd-9b38-c1e14baa0c5b,NULL,historical-blind-v1-20261002-diagnostic-v2:A01
A01,2025-02-06,S2,False,confirm,73b55693-b19b-5cfd-9b38-c1e14baa0c5b,"{""from_state"": ""S1"", ""to_state"": ""S2"", ""trigger_rule"": ""confirm"", ""trigger_date"": ""2025-02-06"", ""effective_date"": ""2025-02-06"", ""reason"": ""confirm"", ""lifecycle_id"": ""73b55693-b19b-5cfd-9b38-c1e14baa0c5b""}",historical-blind-v1-20261002-diagnostic-v2:A01
A01,2025-02-07,S2,False,no_legal_transition_triggered,73b55693-b19b-5cfd-9b38-c1e14baa0c5b,NULL,historical-blind-v1-20261002-diagnostic-v2:A01
A01,2025-02-10,S2,False,no_legal_transition_triggered,73b55693-b19b-5cfd-9b38-c1e14baa0c5b,NULL,historical-blind-v1-20261002-diagnostic-v2:A01
A01,2025-02-11,S2,False,no_legal_transition_triggered,73b55693-b19b-5cfd-9b38-c1e14baa0c5b,NULL,historical-blind-v1-20261002-diagnostic-v2:A01
A01,2025-02-12,S2,False,no_legal_transition_triggered,73b55693-b19b-5cfd-9b38-c1e14baa0c5b,NULL,historical-blind-v1-20261002-diagnostic-v2:A01
A01,2025-02-13,S2,False,no_legal_transition_triggered,73b55693-b19b-5cfd-9b38-c1e14baa0c5b,NULL,historical-blind-v1-20261002-diagnostic-v2:A01
A01,2025-02-14,S2,False,no_legal_transition_triggered,73b55693-b19b-5cfd-9b38-c1e14baa0c5b,NULL,historical-blind-v1-20261002-diagnostic-v2:A01
A01,2025-02-17,S2,False,no_legal_transition_triggered,73b55693-b19b-5cfd-9b38-c1e14baa0c5b,NULL,historical-blind-v1-20261002-diagnostic-v2:A01
A01,2025-02-18,S2,False,no_legal_transition_triggered,73b55693-b19b-5cfd-9b38-c1e14baa0c5b,NULL,historical-blind-v1-20261002-diagnostic-v2:A01
A01,2025-02-19,S3,False,weaken,73b55693-b19b-5cfd-9b38-c1e14baa0c5b,"{""from_state"": ""S2"", ""to_state"": ""S3"", ""trigger_rule"": ""weaken"", ""trigger_date"": ""2025-02-19"", ""effective_date"": ""2025-02-19"", ""reason"": ""weaken"", ""lifecycle_id"": ""73b55693-b19b-5cfd-9b38-c1e14baa0c5b""}",historical-blind-v1-20261002-diagnostic-v2:A01
A01,2025-02-20,S3,False,no_legal_transition_triggered,73b55693-b19b-5cfd-9b38-c1e14baa0c5b,NULL,historical-blind-v1-20261002-diagnostic-v2:A01
A01,2025-02-21,S3,False,no_legal_transition_triggered,73b55693-b19b-5cfd-9b38-c1e14baa0c5b,NULL,historical-blind-v1-20261002-diagnostic-v2:A01
A01,2025-02-24,S3,False,no_legal_transition_triggered,73b55693-b19b-5cfd-9b38-c1e14baa0c5b,NULL,historical-blind-v1-20261002-diagnostic-v2:A01
A01,2025-02-25,S3,False,recover_requires_two_or_retire_requires_three_sessions,73b55693-b19b-5cfd-9b38-c1e14baa0c5b,NULL,historical-blind-v1-20261002-diagnostic-v2:A01
A01,2025-02-26,S3,False,recover_requires_two_or_retire_requires_three_sessions,73b55693-b19b-5cfd-9b38-c1e14baa0c5b,NULL,historical-blind-v1-20261002-diagnostic-v2:A01
A01,2025-02-27,S4,False,retire,73b55693-b19b-5cfd-9b38-c1e14baa0c5b,"{""from_state"": ""S3"", ""to_state"": ""S4"", ""trigger_rule"": ""retire"", ""trigger_date"": ""2025-02-27"", ""effective_date"": ""2025-02-27"", ""reason"": ""retire"", ""lifecycle_id"": ""73b55693-b19b-5cfd-9b38-c1e14baa0c5b""}",historical-blind-v1-20261002-diagnostic-v2:A01
A01,2025-02-28,S4,False,no_legal_transition_triggered,73b55693-b19b-5cfd-9b38-c1e14baa0c5b,NULL,historical-blind-v1-20261002-diagnostic-v2:A01
A01,2025-03-03,S4,False,no_legal_transition_triggered,73b55693-b19b-5cfd-9b38-c1e14baa0c5b,NULL,historical-blind-v1-20261002-diagnostic-v2:A01
A01,2025-03-04,S4,False,no_legal_transition_triggered,73b55693-b19b-5cfd-9b38-c1e14baa0c5b,NULL,historical-blind-v1-20261002-diagnostic-v2:A01
A01,2025-03-05,S4,False,no_legal_transition_triggered,73b55693-b19b-5cfd-9b38-c1e14baa0c5b,NULL,historical-blind-v1-20261002-diagnostic-v2:A01
A01,2025-03-06,S4,False,no_legal_transition_triggered,73b55693-b19b-5cfd-9b38-c1e14baa0c5b,NULL,historical-blind-v1-20261002-diagnostic-v2:A01
A01,2025-03-07,S4,False,no_legal_transition_triggered,73b55693-b19b-5cfd-9b38-c1e14baa0c5b,NULL,historical-blind-v1-20261002-diagnostic-v2:A01
A01,2025-03-10,S4,False,no_legal_transition_triggered,73b55693-b19b-5cfd-9b38-c1e14baa0c5b,NULL,historical-blind-v1-20261002-diagnostic-v2:A01
A01,2025-03-11,S4,False,no_legal_transition_triggered,73b55693-b19b-5cfd-9b38-c1e14baa0c5b,NULL,historical-blind-v1-20261002-diagnostic-v2:A01
A01,2025-03-12,S1,False,new_lifecycle_reentry,aaed8d4e-045d-5347-a7b5-a646ae458a5d,"{""from_state"": ""S4"", ""to_state"": ""S1"", ""trigger_rule"": ""new_lifecycle_reentry"", ""trigger_date"": ""2025-03-12"", ""effective_date"": ""2025-03-12"", ""reason"": ""new_lifecycle_reentry"", ""lifecycle_id"": ""aaed8d4e-045d-5347-a7b5-a646ae458a5d""}",historical-blind-v1-20261002-diagnostic-v2:A01
A01,2025-03-13,S0,False,candidate_failed,aaed8d4e-045d-5347-a7b5-a646ae458a5d,"{""from_state"": ""S1"", ""to_state"": ""S0"", ""trigger_rule"": ""candidate_failed"", ""trigger_date"": ""2025-03-13"", ""effective_date"": ""2025-03-13"", ""reason"": ""candidate_failed"", ""lifecycle_id"": ""aaed8d4e-045d-5347-a7b5-a646ae458a5d""}",historical-blind-v1-20261002-diagnostic-v2:A01
A01,2025-03-14,S1,False,candidate,8e99d80d-b9ca-5919-a065-bb67cb525c45,"{""from_state"": ""S0"", ""to_state"": ""S1"", ""trigger_rule"": ""candidate"", ""trigger_date"": ""2025-03-14"", ""effective_date"": ""2025-03-14"", ""reason"": ""candidate"", ""lifecycle_id"": ""8e99d80d-b9ca-5919-a065-bb67cb525c45""}",historical-blind-v1-20261002-diagnostic-v2:A01
A01,2025-03-17,S0,False,candidate_failed,8e99d80d-b9ca-5919-a065-bb67cb525c45,"{""from_state"": ""S1"", ""to_state"": ""S0"", ""trigger_rule"": ""candidate_failed"", ""trigger_date"": ""2025-03-17"", ""effective_date"": ""2025-03-17"", ""reason"": ""candidate_failed"", ""lifecycle_id"": ""8e99d80d-b9ca-5919-a065-bb67cb525c45""}",historical-blind-v1-20261002-diagnostic-v2:A01
A01,2025-03-18,S0,False,no_legal_transition_triggered,8e99d80d-b9ca-5919-a065-bb67cb525c45,NULL,historical-blind-v1-20261002-diagnostic-v2:A01
A01,2025-03-19,S0,False,no_legal_transition_triggered,8e99d80d-b9ca-5919-a065-bb67cb525c45,NULL,historical-blind-v1-20261002-diagnostic-v2:A01
A01,2025-03-20,S0,False,no_legal_transition_triggered,8e99d80d-b9ca-5919-a065-bb67cb525c45,NULL,historical-blind-v1-20261002-diagnostic-v2:A01
A01,2025-03-21,S0,False,no_legal_transition_triggered,8e99d80d-b9ca-5919-a065-bb67cb525c45,NULL,historical-blind-v1-20261002-diagnostic-v2:A01
A01,2025-03-24,S0,False,no_legal_transition_triggered,8e99d80d-b9ca-5919-a065-bb67cb525c45,NULL,historical-blind-v1-20261002-diagnostic-v2:A01
A01,2025-03-25,S0,False,no_legal_transition_triggered,8e99d80d-b9ca-5919-a065-bb67cb525c45,NULL,historical-blind-v1-20261002-diagnostic-v2:A01
A01,2025-03-26,S0,False,no_legal_transition_triggered,8e99d80d-b9ca-5919-a065-bb67cb525c45,NULL,historical-blind-v1-20261002-diagnostic-v2:A01
A01,2025-03-27,S0,False,no_legal_transition_triggered,8e99d80d-b9ca-5919-a065-bb67cb525c45,NULL,historical-blind-v1-20261002-diagnostic-v2:A01
A01,2025-03-28,S1,False,candidate,5ef17f97-b038-5fd6-b2d1-76688202651e,"{""from_state"": ""S0"", ""to_state"": ""S1"", ""trigger_rule"": ""candidate"", ""trigger_date"": ""2025-03-28"", ""effective_date"": ""2025-03-28"", ""reason"": ""candidate"", ""lifecycle_id"": ""5ef17f97-b038-5fd6-b2d1-76688202651e""}",historical-blind-v1-20261002-diagnostic-v2:A01
A02,2025-03-03,S3,False,recover_requires_two_or_retire_requires_three_sessions,3b6ba472-1f1f-5278-b637-2fe1abffdcb8,NULL,historical-blind-v1-20261002-diagnostic-v2:A02
A02,2025-03-04,S3,False,recover_requires_two_or_retire_requires_three_sessions,3b6ba472-1f1f-5278-b637-2fe1abffdcb8,NULL,historical-blind-v1-20261002-diagnostic-v2:A02
A02,2025-03-05,S3,False,no_legal_transition_triggered,3b6ba472-1f1f-5278-b637-2fe1abffdcb8,NULL,historical-blind-v1-20261002-diagnostic-v2:A02
A02,2025-03-06,S3,False,no_legal_transition_triggered,3b6ba472-1f1f-5278-b637-2fe1abffdcb8,NULL,historical-blind-v1-20261002-diagnostic-v2:A02
A02,2025-03-07,S3,False,recover_requires_two_or_retire_requires_three_sessions,3b6ba472-1f1f-5278-b637-2fe1abffdcb8,NULL,historical-blind-v1-20261002-diagnostic-v2:A02
A02,2025-03-10,S3,False,recover_requires_two_or_retire_requires_three_sessions,3b6ba472-1f1f-5278-b637-2fe1abffdcb8,NULL,historical-blind-v1-20261002-diagnostic-v2:A02
A02,2025-03-11,S4,False,retire,3b6ba472-1f1f-5278-b637-2fe1abffdcb8,"{""from_state"": ""S3"", ""to_state"": ""S4"", ""trigger_rule"": ""retire"", ""trigger_date"": ""2025-03-11"", ""effective_date"": ""2025-03-11"", ""reason"": ""retire"", ""lifecycle_id"": ""3b6ba472-1f1f-5278-b637-2fe1abffdcb8""}",historical-blind-v1-20261002-diagnostic-v2:A02
A02,2025-03-12,S4,False,no_legal_transition_triggered,3b6ba472-1f1f-5278-b637-2fe1abffdcb8,NULL,historical-blind-v1-20261002-diagnostic-v2:A02
A02,2025-03-13,S4,False,no_legal_transition_triggered,3b6ba472-1f1f-5278-b637-2fe1abffdcb8,NULL,historical-blind-v1-20261002-diagnostic-v2:A02
A02,2025-03-14,S4,False,no_legal_transition_triggered,3b6ba472-1f1f-5278-b637-2fe1abffdcb8,NULL,historical-blind-v1-20261002-diagnostic-v2:A02
A02,2025-03-17,S4,False,no_legal_transition_triggered,3b6ba472-1f1f-5278-b637-2fe1abffdcb8,NULL,historical-blind-v1-20261002-diagnostic-v2:A02
A02,2025-03-18,S4,False,no_legal_transition_triggered,3b6ba472-1f1f-5278-b637-2fe1abffdcb8,NULL,historical-blind-v1-20261002-diagnostic-v2:A02
A02,2025-03-19,S4,False,no_legal_transition_triggered,3b6ba472-1f1f-5278-b637-2fe1abffdcb8,NULL,historical-blind-v1-20261002-diagnostic-v2:A02
A02,2025-03-20,S4,False,no_legal_transition_triggered,3b6ba472-1f1f-5278-b637-2fe1abffdcb8,NULL,historical-blind-v1-20261002-diagnostic-v2:A02
A02,2025-03-21,S4,False,no_legal_transition_triggered,3b6ba472-1f1f-5278-b637-2fe1abffdcb8,NULL,historical-blind-v1-20261002-diagnostic-v2:A02
A02,2025-03-24,S4,False,no_legal_transition_triggered,3b6ba472-1f1f-5278-b637-2fe1abffdcb8,NULL,historical-blind-v1-20261002-diagnostic-v2:A02
A02,2025-03-25,S4,False,no_legal_transition_triggered,3b6ba472-1f1f-5278-b637-2fe1abffdcb8,NULL,historical-blind-v1-20261002-diagnostic-v2:A02
A02,2025-03-26,S4,False,no_legal_transition_triggered,3b6ba472-1f1f-5278-b637-2fe1abffdcb8,NULL,historical-blind-v1-20261002-diagnostic-v2:A02
A02,2025-03-27,S4,False,no_legal_transition_triggered,3b6ba472-1f1f-5278-b637-2fe1abffdcb8,NULL,historical-blind-v1-20261002-diagnostic-v2:A02
A02,2025-03-28,S4,False,no_legal_transition_triggered,3b6ba472-1f1f-5278-b637-2fe1abffdcb8,NULL,historical-blind-v1-20261002-diagnostic-v2:A02
A02,2025-03-31,S4,False,no_legal_transition_triggered,3b6ba472-1f1f-5278-b637-2fe1abffdcb8,NULL,historical-blind-v1-20261002-diagnostic-v2:A02
A02,2025-04-01,S4,False,no_legal_transition_triggered,3b6ba472-1f1f-5278-b637-2fe1abffdcb8,NULL,historical-blind-v1-20261002-diagnostic-v2:A02
A02,2025-04-02,S4,False,no_legal_transition_triggered,3b6ba472-1f1f-5278-b637-2fe1abffdcb8,NULL,historical-blind-v1-20261002-diagnostic-v2:A02
A02,2025-04-03,S4,False,no_legal_transition_triggered,3b6ba472-1f1f-5278-b637-2fe1abffdcb8,NULL,historical-blind-v1-20261002-diagnostic-v2:A02
A02,2025-04-07,S4,False,no_legal_transition_triggered,3b6ba472-1f1f-5278-b637-2fe1abffdcb8,NULL,historical-blind-v1-20261002-diagnostic-v2:A02
A02,2025-04-08,S4,False,no_legal_transition_triggered,3b6ba472-1f1f-5278-b637-2fe1abffdcb8,NULL,historical-blind-v1-20261002-diagnostic-v2:A02
A02,2025-04-09,S4,False,no_legal_transition_triggered,3b6ba472-1f1f-5278-b637-2fe1abffdcb8,NULL,historical-blind-v1-20261002-diagnostic-v2:A02
A02,2025-04-10,S4,False,no_legal_transition_triggered,3b6ba472-1f1f-5278-b637-2fe1abffdcb8,NULL,historical-blind-v1-20261002-diagnostic-v2:A02
A02,2025-04-11,S4,False,no_legal_transition_triggered,3b6ba472-1f1f-5278-b637-2fe1abffdcb8,NULL,historical-blind-v1-20261002-diagnostic-v2:A02
A02,2025-04-14,S4,False,no_legal_transition_triggered,3b6ba472-1f1f-5278-b637-2fe1abffdcb8,NULL,historical-blind-v1-20261002-diagnostic-v2:A02
A02,2025-04-15,S4,False,no_legal_transition_triggered,3b6ba472-1f1f-5278-b637-2fe1abffdcb8,NULL,historical-blind-v1-20261002-diagnostic-v2:A02
A02,2025-04-16,S4,False,no_legal_transition_triggered,3b6ba472-1f1f-5278-b637-2fe1abffdcb8,NULL,historical-blind-v1-20261002-diagnostic-v2:A02
A02,2025-04-17,S4,False,no_legal_transition_triggered,3b6ba472-1f1f-5278-b637-2fe1abffdcb8,NULL,historical-blind-v1-20261002-diagnostic-v2:A02
A02,2025-04-18,S4,False,no_legal_transition_triggered,3b6ba472-1f1f-5278-b637-2fe1abffdcb8,NULL,historical-blind-v1-20261002-diagnostic-v2:A02
A02,2025-04-21,S1,False,new_lifecycle_reentry,a8e85496-0235-54ac-9524-5cb710c7de70,"{""from_state"": ""S4"", ""to_state"": ""S1"", ""trigger_rule"": ""new_lifecycle_reentry"", ""trigger_date"": ""2025-04-21"", ""effective_date"": ""2025-04-21"", ""reason"": ""new_lifecycle_reentry"", ""lifecycle_id"": ""a8e85496-0235-54ac-9524-5cb710c7de70""}",historical-blind-v1-20261002-diagnostic-v2:A02
A02,2025-04-22,S0,False,candidate_failed,a8e85496-0235-54ac-9524-5cb710c7de70,"{""from_state"": ""S1"", ""to_state"": ""S0"", ""trigger_rule"": ""candidate_failed"", ""trigger_date"": ""2025-04-22"", ""effective_date"": ""2025-04-22"", ""reason"": ""candidate_failed"", ""lifecycle_id"": ""a8e85496-0235-54ac-9524-5cb710c7de70""}",historical-blind-v1-20261002-diagnostic-v2:A02
A02,2025-04-23,S1,False,candidate,99ba974c-7a7d-5315-b446-2273a336e14f,"{""from_state"": ""S0"", ""to_state"": ""S1"", ""trigger_rule"": ""candidate"", ""trigger_date"": ""2025-04-23"", ""effective_date"": ""2025-04-23"", ""reason"": ""candidate"", ""lifecycle_id"": ""99ba974c-7a7d-5315-b446-2273a336e14f""}",historical-blind-v1-20261002-diagnostic-v2:A02
A02,2025-04-24,S1,False,no_legal_transition_triggered,99ba974c-7a7d-5315-b446-2273a336e14f,NULL,historical-blind-v1-20261002-diagnostic-v2:A02
A02,2025-04-25,S1,False,no_legal_transition_triggered,99ba974c-7a7d-5315-b446-2273a336e14f,NULL,historical-blind-v1-20261002-diagnostic-v2:A02
A02,2025-04-28,S1,False,no_legal_transition_triggered,99ba974c-7a7d-5315-b446-2273a336e14f,NULL,historical-blind-v1-20261002-diagnostic-v2:A02
A02,2025-04-29,S1,False,no_legal_transition_triggered,99ba974c-7a7d-5315-b446-2273a336e14f,NULL,historical-blind-v1-20261002-diagnostic-v2:A02
A02,2025-04-30,S1,False,no_legal_transition_triggered,99ba974c-7a7d-5315-b446-2273a336e14f,NULL,historical-blind-v1-20261002-diagnostic-v2:A02
A02,2025-05-06,S1,False,no_legal_transition_triggered,99ba974c-7a7d-5315-b446-2273a336e14f,NULL,historical-blind-v1-20261002-diagnostic-v2:A02
A02,2025-05-07,S1,False,no_legal_transition_triggered,99ba974c-7a7d-5315-b446-2273a336e14f,NULL,historical-blind-v1-20261002-diagnostic-v2:A02
A02,2025-05-08,S1,False,no_legal_transition_triggered,99ba974c-7a7d-5315-b446-2273a336e14f,NULL,historical-blind-v1-20261002-diagnostic-v2:A02
A02,2025-05-09,S1,False,no_legal_transition_triggered,99ba974c-7a7d-5315-b446-2273a336e14f,NULL,historical-blind-v1-20261002-diagnostic-v2:A02
A02,2025-05-12,S1,False,no_legal_transition_triggered,99ba974c-7a7d-5315-b446-2273a336e14f,NULL,historical-blind-v1-20261002-diagnostic-v2:A02
A02,2025-05-13,S1,False,no_legal_transition_triggered,99ba974c-7a7d-5315-b446-2273a336e14f,NULL,historical-blind-v1-20261002-diagnostic-v2:A02
A02,2025-05-14,S1,False,no_legal_transition_triggered,99ba974c-7a7d-5315-b446-2273a336e14f,NULL,historical-blind-v1-20261002-diagnostic-v2:A02
A02,2025-05-15,S1,False,no_legal_transition_triggered,99ba974c-7a7d-5315-b446-2273a336e14f,NULL,historical-blind-v1-20261002-diagnostic-v2:A02
A02,2025-05-16,S1,False,no_legal_transition_triggered,99ba974c-7a7d-5315-b446-2273a336e14f,NULL,historical-blind-v1-20261002-diagnostic-v2:A02
A02,2025-05-19,S0,False,candidate_failed,99ba974c-7a7d-5315-b446-2273a336e14f,"{""from_state"": ""S1"", ""to_state"": ""S0"", ""trigger_rule"": ""candidate_failed"", ""trigger_date"": ""2025-05-19"", ""effective_date"": ""2025-05-19"", ""reason"": ""candidate_failed"", ""lifecycle_id"": ""99ba974c-7a7d-5315-b446-2273a336e14f""}",historical-blind-v1-20261002-diagnostic-v2:A02
A02,2025-05-20,S0,False,no_legal_transition_triggered,99ba974c-7a7d-5315-b446-2273a336e14f,NULL,historical-blind-v1-20261002-diagnostic-v2:A02
A02,2025-05-21,S0,False,no_legal_transition_triggered,99ba974c-7a7d-5315-b446-2273a336e14f,NULL,historical-blind-v1-20261002-diagnostic-v2:A02
A02,2025-05-22,S0,False,no_legal_transition_triggered,99ba974c-7a7d-5315-b446-2273a336e14f,NULL,historical-blind-v1-20261002-diagnostic-v2:A02
A02,2025-05-23,S0,False,no_legal_transition_triggered,99ba974c-7a7d-5315-b446-2273a336e14f,NULL,historical-blind-v1-20261002-diagnostic-v2:A02
A02,2025-05-26,S0,False,no_legal_transition_triggered,99ba974c-7a7d-5315-b446-2273a336e14f,NULL,historical-blind-v1-20261002-diagnostic-v2:A02
A02,2025-05-27,S0,False,no_legal_transition_triggered,99ba974c-7a7d-5315-b446-2273a336e14f,NULL,historical-blind-v1-20261002-diagnostic-v2:A02
A02,2025-05-28,S0,False,no_legal_transition_triggered,99ba974c-7a7d-5315-b446-2273a336e14f,NULL,historical-blind-v1-20261002-diagnostic-v2:A02
A02,2025-05-29,S1,False,candidate,db217001-6e22-57db-bfe7-9d5710d28314,"{""from_state"": ""S0"", ""to_state"": ""S1"", ""trigger_rule"": ""candidate"", ""trigger_date"": ""2025-05-29"", ""effective_date"": ""2025-05-29"", ""reason"": ""candidate"", ""lifecycle_id"": ""db217001-6e22-57db-bfe7-9d5710d28314""}",historical-blind-v1-20261002-diagnostic-v2:A02
A02,2025-05-30,S0,False,candidate_failed,db217001-6e22-57db-bfe7-9d5710d28314,"{""from_state"": ""S1"", ""to_state"": ""S0"", ""trigger_rule"": ""candidate_failed"", ""trigger_date"": ""2025-05-30"", ""effective_date"": ""2025-05-30"", ""reason"": ""candidate_failed"", ""lifecycle_id"": ""db217001-6e22-57db-bfe7-9d5710d28314""}",historical-blind-v1-20261002-diagnostic-v2:A02
A02,2025-06-03,S0,False,no_legal_transition_triggered,db217001-6e22-57db-bfe7-9d5710d28314,NULL,historical-blind-v1-20261002-diagnostic-v2:A02
A02,2025-06-04,S1,False,candidate,384484e3-7f94-5b84-97c6-81f54cf2c4ed,"{""from_state"": ""S0"", ""to_state"": ""S1"", ""trigger_rule"": ""candidate"", ""trigger_date"": ""2025-06-04"", ""effective_date"": ""2025-06-04"", ""reason"": ""candidate"", ""lifecycle_id"": ""384484e3-7f94-5b84-97c6-81f54cf2c4ed""}",historical-blind-v1-20261002-diagnostic-v2:A02
A02,2025-06-05,S1,False,no_legal_transition_triggered,384484e3-7f94-5b84-97c6-81f54cf2c4ed,NULL,historical-blind-v1-20261002-diagnostic-v2:A02
A02,2025-06-06,S1,False,no_legal_transition_triggered,384484e3-7f94-5b84-97c6-81f54cf2c4ed,NULL,historical-blind-v1-20261002-diagnostic-v2:A02
A02,2025-06-09,S1,False,no_legal_transition_triggered,384484e3-7f94-5b84-97c6-81f54cf2c4ed,NULL,historical-blind-v1-20261002-diagnostic-v2:A02
A02,2025-06-10,S1,False,no_legal_transition_triggered,384484e3-7f94-5b84-97c6-81f54cf2c4ed,NULL,historical-blind-v1-20261002-diagnostic-v2:A02
A02,2025-06-11,S1,False,no_legal_transition_triggered,384484e3-7f94-5b84-97c6-81f54cf2c4ed,NULL,historical-blind-v1-20261002-diagnostic-v2:A02
A02,2025-06-12,S1,False,no_legal_transition_triggered,384484e3-7f94-5b84-97c6-81f54cf2c4ed,NULL,historical-blind-v1-20261002-diagnostic-v2:A02
A02,2025-06-13,S0,False,candidate_failed,384484e3-7f94-5b84-97c6-81f54cf2c4ed,"{""from_state"": ""S1"", ""to_state"": ""S0"", ""trigger_rule"": ""candidate_failed"", ""trigger_date"": ""2025-06-13"", ""effective_date"": ""2025-06-13"", ""reason"": ""candidate_failed"", ""lifecycle_id"": ""384484e3-7f94-5b84-97c6-81f54cf2c4ed""}",historical-blind-v1-20261002-diagnostic-v2:A02
A02,2025-06-16,S1,False,candidate,3417f583-dbca-5989-ab76-2a049387f5fa,"{""from_state"": ""S0"", ""to_state"": ""S1"", ""trigger_rule"": ""candidate"", ""trigger_date"": ""2025-06-16"", ""effective_date"": ""2025-06-16"", ""reason"": ""candidate"", ""lifecycle_id"": ""3417f583-dbca-5989-ab76-2a049387f5fa""}",historical-blind-v1-20261002-diagnostic-v2:A02
A02,2025-06-17,S1,False,no_legal_transition_triggered,3417f583-dbca-5989-ab76-2a049387f5fa,NULL,historical-blind-v1-20261002-diagnostic-v2:A02
A02,2025-06-18,S1,False,no_legal_transition_triggered,3417f583-dbca-5989-ab76-2a049387f5fa,NULL,historical-blind-v1-20261002-diagnostic-v2:A02
A02,2025-06-19,S1,False,no_legal_transition_triggered,3417f583-dbca-5989-ab76-2a049387f5fa,NULL,historical-blind-v1-20261002-diagnostic-v2:A02
A02,2025-06-20,S1,False,no_legal_transition_triggered,3417f583-dbca-5989-ab76-2a049387f5fa,NULL,historical-blind-v1-20261002-diagnostic-v2:A02
A02,2025-06-23,S1,False,no_legal_transition_triggered,3417f583-dbca-5989-ab76-2a049387f5fa,NULL,historical-blind-v1-20261002-diagnostic-v2:A02
A02,2025-06-24,S1,False,no_legal_transition_triggered,3417f583-dbca-5989-ab76-2a049387f5fa,NULL,historical-blind-v1-20261002-diagnostic-v2:A02
A02,2025-06-25,S1,False,no_legal_transition_triggered,3417f583-dbca-5989-ab76-2a049387f5fa,NULL,historical-blind-v1-20261002-diagnostic-v2:A02
A02,2025-06-26,S1,False,no_legal_transition_triggered,3417f583-dbca-5989-ab76-2a049387f5fa,NULL,historical-blind-v1-20261002-diagnostic-v2:A02
A02,2025-06-27,S1,False,no_legal_transition_triggered,3417f583-dbca-5989-ab76-2a049387f5fa,NULL,historical-blind-v1-20261002-diagnostic-v2:A02
A02,2025-06-30,S2,False,confirm,3417f583-dbca-5989-ab76-2a049387f5fa,"{""from_state"": ""S1"", ""to_state"": ""S2"", ""trigger_rule"": ""confirm"", ""trigger_date"": ""2025-06-30"", ""effective_date"": ""2025-06-30"", ""reason"": ""confirm"", ""lifecycle_id"": ""3417f583-dbca-5989-ab76-2a049387f5fa""}",historical-blind-v1-20261002-diagnostic-v2:A02
A03,2024-09-02,S0,False,no_legal_transition_triggered,NULL,NULL,historical-blind-v1-20261002-diagnostic-v2:A03
A03,2024-09-03,S0,True,rule_evidence_unavailable:candidate,NULL,NULL,historical-blind-v1-20261002-diagnostic-v2:A03
A03,2024-09-04,S0,True,rule_evidence_unavailable:candidate,NULL,NULL,historical-blind-v1-20261002-diagnostic-v2:A03
A03,2024-09-05,S0,False,freeze_recovery_first_session_no_transition,NULL,NULL,historical-blind-v1-20261002-diagnostic-v2:A03
A03,2024-09-06,S1,False,candidate,70540313-aaea-5b63-a70e-06b1e5f61519,"{""from_state"": ""S0"", ""to_state"": ""S1"", ""trigger_rule"": ""candidate"", ""trigger_date"": ""2024-09-06"", ""effective_date"": ""2024-09-06"", ""reason"": ""candidate"", ""lifecycle_id"": ""70540313-aaea-5b63-a70e-06b1e5f61519""}",historical-blind-v1-20261002-diagnostic-v2:A03
A03,2024-09-09,S1,True,rule_evidence_unavailable:confirm,70540313-aaea-5b63-a70e-06b1e5f61519,NULL,historical-blind-v1-20261002-diagnostic-v2:A03
A03,2024-09-10,S1,False,freeze_recovery_first_session_no_transition,70540313-aaea-5b63-a70e-06b1e5f61519,NULL,historical-blind-v1-20261002-diagnostic-v2:A03
A03,2024-09-11,S1,False,no_legal_transition_triggered,70540313-aaea-5b63-a70e-06b1e5f61519,NULL,historical-blind-v1-20261002-diagnostic-v2:A03
A03,2024-09-12,S1,False,no_legal_transition_triggered,70540313-aaea-5b63-a70e-06b1e5f61519,NULL,historical-blind-v1-20261002-diagnostic-v2:A03
A03,2024-09-13,S1,True,rule_evidence_unavailable:confirm,70540313-aaea-5b63-a70e-06b1e5f61519,NULL,historical-blind-v1-20261002-diagnostic-v2:A03
A03,2024-09-18,S1,True,rule_evidence_unavailable:confirm,70540313-aaea-5b63-a70e-06b1e5f61519,NULL,historical-blind-v1-20261002-diagnostic-v2:A03
A03,2024-09-19,S1,True,rule_evidence_unavailable:confirm,70540313-aaea-5b63-a70e-06b1e5f61519,NULL,historical-blind-v1-20261002-diagnostic-v2:A03
A03,2024-09-20,S1,True,rule_evidence_unavailable:confirm,70540313-aaea-5b63-a70e-06b1e5f61519,NULL,historical-blind-v1-20261002-diagnostic-v2:A03
A03,2024-09-23,S1,False,freeze_recovery_first_session_no_transition,70540313-aaea-5b63-a70e-06b1e5f61519,NULL,historical-blind-v1-20261002-diagnostic-v2:A03
A03,2024-09-24,S1,True,rule_evidence_unavailable:confirm,70540313-aaea-5b63-a70e-06b1e5f61519,NULL,historical-blind-v1-20261002-diagnostic-v2:A03
A03,2024-09-25,S1,True,rule_evidence_unavailable:confirm,70540313-aaea-5b63-a70e-06b1e5f61519,NULL,historical-blind-v1-20261002-diagnostic-v2:A03
A03,2024-09-26,S1,True,rule_evidence_unavailable:confirm,70540313-aaea-5b63-a70e-06b1e5f61519,NULL,historical-blind-v1-20261002-diagnostic-v2:A03
A03,2024-09-27,S1,True,rule_evidence_unavailable:confirm,70540313-aaea-5b63-a70e-06b1e5f61519,NULL,historical-blind-v1-20261002-diagnostic-v2:A03
A03,2024-09-30,S1,False,freeze_recovery_first_session_no_transition,70540313-aaea-5b63-a70e-06b1e5f61519,NULL,historical-blind-v1-20261002-diagnostic-v2:A03
A03,2024-10-08,S1,False,no_legal_transition_triggered,70540313-aaea-5b63-a70e-06b1e5f61519,NULL,historical-blind-v1-20261002-diagnostic-v2:A03
A03,2024-10-09,S1,True,rule_evidence_unavailable:confirm,70540313-aaea-5b63-a70e-06b1e5f61519,NULL,historical-blind-v1-20261002-diagnostic-v2:A03
A03,2024-10-10,S1,False,freeze_recovery_first_session_no_transition,70540313-aaea-5b63-a70e-06b1e5f61519,NULL,historical-blind-v1-20261002-diagnostic-v2:A03
A03,2024-10-11,S1,False,no_legal_transition_triggered,70540313-aaea-5b63-a70e-06b1e5f61519,NULL,historical-blind-v1-20261002-diagnostic-v2:A03
A03,2024-10-14,S1,False,no_legal_transition_triggered,70540313-aaea-5b63-a70e-06b1e5f61519,NULL,historical-blind-v1-20261002-diagnostic-v2:A03
A03,2024-10-15,S1,False,no_legal_transition_triggered,70540313-aaea-5b63-a70e-06b1e5f61519,NULL,historical-blind-v1-20261002-diagnostic-v2:A03
A03,2024-10-16,S0,False,candidate_failed,70540313-aaea-5b63-a70e-06b1e5f61519,"{""from_state"": ""S1"", ""to_state"": ""S0"", ""trigger_rule"": ""candidate_failed"", ""trigger_date"": ""2024-10-16"", ""effective_date"": ""2024-10-16"", ""reason"": ""candidate_failed"", ""lifecycle_id"": ""70540313-aaea-5b63-a70e-06b1e5f61519""}",historical-blind-v1-20261002-diagnostic-v2:A03
A03,2024-10-17,S0,False,no_legal_transition_triggered,70540313-aaea-5b63-a70e-06b1e5f61519,NULL,historical-blind-v1-20261002-diagnostic-v2:A03
A03,2024-10-18,S0,False,no_legal_transition_triggered,70540313-aaea-5b63-a70e-06b1e5f61519,NULL,historical-blind-v1-20261002-diagnostic-v2:A03
A03,2024-10-21,S0,False,no_legal_transition_triggered,70540313-aaea-5b63-a70e-06b1e5f61519,NULL,historical-blind-v1-20261002-diagnostic-v2:A03
A03,2024-10-22,S0,False,no_legal_transition_triggered,70540313-aaea-5b63-a70e-06b1e5f61519,NULL,historical-blind-v1-20261002-diagnostic-v2:A03
A03,2024-10-23,S0,False,no_legal_transition_triggered,70540313-aaea-5b63-a70e-06b1e5f61519,NULL,historical-blind-v1-20261002-diagnostic-v2:A03
A03,2024-10-24,S0,False,no_legal_transition_triggered,70540313-aaea-5b63-a70e-06b1e5f61519,NULL,historical-blind-v1-20261002-diagnostic-v2:A03
A03,2024-10-25,S0,False,no_legal_transition_triggered,70540313-aaea-5b63-a70e-06b1e5f61519,NULL,historical-blind-v1-20261002-diagnostic-v2:A03
A03,2024-10-28,S0,False,no_legal_transition_triggered,70540313-aaea-5b63-a70e-06b1e5f61519,NULL,historical-blind-v1-20261002-diagnostic-v2:A03
A03,2024-10-29,S0,False,no_legal_transition_triggered,70540313-aaea-5b63-a70e-06b1e5f61519,NULL,historical-blind-v1-20261002-diagnostic-v2:A03
A03,2024-10-30,S0,False,no_legal_transition_triggered,70540313-aaea-5b63-a70e-06b1e5f61519,NULL,historical-blind-v1-20261002-diagnostic-v2:A03
A03,2024-10-31,S0,False,no_legal_transition_triggered,70540313-aaea-5b63-a70e-06b1e5f61519,NULL,historical-blind-v1-20261002-diagnostic-v2:A03
A03,2024-11-01,S1,False,candidate,6df3968e-5b4c-50d8-be20-644d329f9748,"{""from_state"": ""S0"", ""to_state"": ""S1"", ""trigger_rule"": ""candidate"", ""trigger_date"": ""2024-11-01"", ""effective_date"": ""2024-11-01"", ""reason"": ""candidate"", ""lifecycle_id"": ""6df3968e-5b4c-50d8-be20-644d329f9748""}",historical-blind-v1-20261002-diagnostic-v2:A03
A03,2024-11-04,S1,True,rule_evidence_unavailable:confirm,6df3968e-5b4c-50d8-be20-644d329f9748,NULL,historical-blind-v1-20261002-diagnostic-v2:A03
A03,2024-11-05,S1,True,rule_evidence_unavailable:confirm,6df3968e-5b4c-50d8-be20-644d329f9748,NULL,historical-blind-v1-20261002-diagnostic-v2:A03
A03,2024-11-06,S1,True,rule_evidence_unavailable:confirm,6df3968e-5b4c-50d8-be20-644d329f9748,NULL,historical-blind-v1-20261002-diagnostic-v2:A03
A03,2024-11-07,S1,False,freeze_recovery_first_session_no_transition,6df3968e-5b4c-50d8-be20-644d329f9748,NULL,historical-blind-v1-20261002-diagnostic-v2:A03
A03,2024-11-08,S1,False,no_legal_transition_triggered,6df3968e-5b4c-50d8-be20-644d329f9748,NULL,historical-blind-v1-20261002-diagnostic-v2:A03
A03,2024-11-11,S1,False,no_legal_transition_triggered,6df3968e-5b4c-50d8-be20-644d329f9748,NULL,historical-blind-v1-20261002-diagnostic-v2:A03
A03,2024-11-12,S0,False,candidate_failed,6df3968e-5b4c-50d8-be20-644d329f9748,"{""from_state"": ""S1"", ""to_state"": ""S0"", ""trigger_rule"": ""candidate_failed"", ""trigger_date"": ""2024-11-12"", ""effective_date"": ""2024-11-12"", ""reason"": ""candidate_failed"", ""lifecycle_id"": ""6df3968e-5b4c-50d8-be20-644d329f9748""}",historical-blind-v1-20261002-diagnostic-v2:A03
A03,2024-11-13,S0,False,no_legal_transition_triggered,6df3968e-5b4c-50d8-be20-644d329f9748,NULL,historical-blind-v1-20261002-diagnostic-v2:A03
A03,2024-11-14,S0,False,no_legal_transition_triggered,6df3968e-5b4c-50d8-be20-644d329f9748,NULL,historical-blind-v1-20261002-diagnostic-v2:A03
A03,2024-11-15,S0,False,no_legal_transition_triggered,6df3968e-5b4c-50d8-be20-644d329f9748,NULL,historical-blind-v1-20261002-diagnostic-v2:A03
A03,2024-11-18,S0,False,no_legal_transition_triggered,6df3968e-5b4c-50d8-be20-644d329f9748,NULL,historical-blind-v1-20261002-diagnostic-v2:A03
A03,2024-11-19,S0,False,no_legal_transition_triggered,6df3968e-5b4c-50d8-be20-644d329f9748,NULL,historical-blind-v1-20261002-diagnostic-v2:A03
A03,2024-11-20,S0,False,no_legal_transition_triggered,6df3968e-5b4c-50d8-be20-644d329f9748,NULL,historical-blind-v1-20261002-diagnostic-v2:A03
A03,2024-11-21,S0,False,no_legal_transition_triggered,6df3968e-5b4c-50d8-be20-644d329f9748,NULL,historical-blind-v1-20261002-diagnostic-v2:A03
A03,2024-11-22,S0,False,no_legal_transition_triggered,6df3968e-5b4c-50d8-be20-644d329f9748,NULL,historical-blind-v1-20261002-diagnostic-v2:A03
A03,2024-11-25,S0,False,no_legal_transition_triggered,6df3968e-5b4c-50d8-be20-644d329f9748,NULL,historical-blind-v1-20261002-diagnostic-v2:A03
A03,2024-11-26,S0,False,no_legal_transition_triggered,6df3968e-5b4c-50d8-be20-644d329f9748,NULL,historical-blind-v1-20261002-diagnostic-v2:A03
A03,2024-11-27,S0,False,no_legal_transition_triggered,6df3968e-5b4c-50d8-be20-644d329f9748,NULL,historical-blind-v1-20261002-diagnostic-v2:A03
A03,2024-11-28,S0,False,no_legal_transition_triggered,6df3968e-5b4c-50d8-be20-644d329f9748,NULL,historical-blind-v1-20261002-diagnostic-v2:A03
A03,2024-11-29,S1,False,candidate,581fd85f-c2f9-5b67-94a8-f78b9ee9a104,"{""from_state"": ""S0"", ""to_state"": ""S1"", ""trigger_rule"": ""candidate"", ""trigger_date"": ""2024-11-29"", ""effective_date"": ""2024-11-29"", ""reason"": ""candidate"", ""lifecycle_id"": ""581fd85f-c2f9-5b67-94a8-f78b9ee9a104""}",historical-blind-v1-20261002-diagnostic-v2:A03
A03,2024-12-02,S0,False,candidate_failed,581fd85f-c2f9-5b67-94a8-f78b9ee9a104,"{""from_state"": ""S1"", ""to_state"": ""S0"", ""trigger_rule"": ""candidate_failed"", ""trigger_date"": ""2024-12-02"", ""effective_date"": ""2024-12-02"", ""reason"": ""candidate_failed"", ""lifecycle_id"": ""581fd85f-c2f9-5b67-94a8-f78b9ee9a104""}",historical-blind-v1-20261002-diagnostic-v2:A03
A03,2024-12-03,S0,False,no_legal_transition_triggered,581fd85f-c2f9-5b67-94a8-f78b9ee9a104,NULL,historical-blind-v1-20261002-diagnostic-v2:A03
A03,2024-12-04,S0,False,no_legal_transition_triggered,581fd85f-c2f9-5b67-94a8-f78b9ee9a104,NULL,historical-blind-v1-20261002-diagnostic-v2:A03
A03,2024-12-05,S0,False,no_legal_transition_triggered,581fd85f-c2f9-5b67-94a8-f78b9ee9a104,NULL,historical-blind-v1-20261002-diagnostic-v2:A03
A03,2024-12-06,S1,False,candidate,135028dd-bf91-5dab-bf7c-91372c87a79e,"{""from_state"": ""S0"", ""to_state"": ""S1"", ""trigger_rule"": ""candidate"", ""trigger_date"": ""2024-12-06"", ""effective_date"": ""2024-12-06"", ""reason"": ""candidate"", ""lifecycle_id"": ""135028dd-bf91-5dab-bf7c-91372c87a79e""}",historical-blind-v1-20261002-diagnostic-v2:A03
A03,2024-12-09,S0,False,candidate_failed,135028dd-bf91-5dab-bf7c-91372c87a79e,"{""from_state"": ""S1"", ""to_state"": ""S0"", ""trigger_rule"": ""candidate_failed"", ""trigger_date"": ""2024-12-09"", ""effective_date"": ""2024-12-09"", ""reason"": ""candidate_failed"", ""lifecycle_id"": ""135028dd-bf91-5dab-bf7c-91372c87a79e""}",historical-blind-v1-20261002-diagnostic-v2:A03
A03,2024-12-10,S0,False,no_legal_transition_triggered,135028dd-bf91-5dab-bf7c-91372c87a79e,NULL,historical-blind-v1-20261002-diagnostic-v2:A03
A04,2024-12-26,S1,False,candidate,34dc27dd-10dd-5916-a036-4da56667bd05,"{""from_state"": ""S0"", ""to_state"": ""S1"", ""trigger_rule"": ""candidate"", ""trigger_date"": ""2024-12-26"", ""effective_date"": ""2024-12-26"", ""reason"": ""candidate"", ""lifecycle_id"": ""34dc27dd-10dd-5916-a036-4da56667bd05""}",historical-blind-v1-20261002-diagnostic-v2:A04
A04,2024-12-27,S0,False,candidate_failed,34dc27dd-10dd-5916-a036-4da56667bd05,"{""from_state"": ""S1"", ""to_state"": ""S0"", ""trigger_rule"": ""candidate_failed"", ""trigger_date"": ""2024-12-27"", ""effective_date"": ""2024-12-27"", ""reason"": ""candidate_failed"", ""lifecycle_id"": ""34dc27dd-10dd-5916-a036-4da56667bd05""}",historical-blind-v1-20261002-diagnostic-v2:A04
A04,2024-12-30,S1,False,candidate,57796df0-5c2f-57cf-a048-128f30262c7b,"{""from_state"": ""S0"", ""to_state"": ""S1"", ""trigger_rule"": ""candidate"", ""trigger_date"": ""2024-12-30"", ""effective_date"": ""2024-12-30"", ""reason"": ""candidate"", ""lifecycle_id"": ""57796df0-5c2f-57cf-a048-128f30262c7b""}",historical-blind-v1-20261002-diagnostic-v2:A04
A04,2024-12-31,S0,False,candidate_failed,57796df0-5c2f-57cf-a048-128f30262c7b,"{""from_state"": ""S1"", ""to_state"": ""S0"", ""trigger_rule"": ""candidate_failed"", ""trigger_date"": ""2024-12-31"", ""effective_date"": ""2024-12-31"", ""reason"": ""candidate_failed"", ""lifecycle_id"": ""57796df0-5c2f-57cf-a048-128f30262c7b""}",historical-blind-v1-20261002-diagnostic-v2:A04
A04,2025-01-02,S1,False,candidate,26ab9a90-06e8-54fe-b44d-6086e121636f,"{""from_state"": ""S0"", ""to_state"": ""S1"", ""trigger_rule"": ""candidate"", ""trigger_date"": ""2025-01-02"", ""effective_date"": ""2025-01-02"", ""reason"": ""candidate"", ""lifecycle_id"": ""26ab9a90-06e8-54fe-b44d-6086e121636f""}",historical-blind-v1-20261002-diagnostic-v2:A04
A04,2025-01-03,S1,False,no_legal_transition_triggered,26ab9a90-06e8-54fe-b44d-6086e121636f,NULL,historical-blind-v1-20261002-diagnostic-v2:A04
A04,2025-01-06,S1,False,no_legal_transition_triggered,26ab9a90-06e8-54fe-b44d-6086e121636f,NULL,historical-blind-v1-20261002-diagnostic-v2:A04
A04,2025-01-07,S1,False,no_legal_transition_triggered,26ab9a90-06e8-54fe-b44d-6086e121636f,NULL,historical-blind-v1-20261002-diagnostic-v2:A04
A04,2025-01-08,S1,False,no_legal_transition_triggered,26ab9a90-06e8-54fe-b44d-6086e121636f,NULL,historical-blind-v1-20261002-diagnostic-v2:A04
A04,2025-01-09,S1,False,no_legal_transition_triggered,26ab9a90-06e8-54fe-b44d-6086e121636f,NULL,historical-blind-v1-20261002-diagnostic-v2:A04
A04,2025-01-10,S1,False,no_legal_transition_triggered,26ab9a90-06e8-54fe-b44d-6086e121636f,NULL,historical-blind-v1-20261002-diagnostic-v2:A04
A04,2025-01-13,S1,False,no_legal_transition_triggered,26ab9a90-06e8-54fe-b44d-6086e121636f,NULL,historical-blind-v1-20261002-diagnostic-v2:A04
A04,2025-01-14,S1,False,no_legal_transition_triggered,26ab9a90-06e8-54fe-b44d-6086e121636f,NULL,historical-blind-v1-20261002-diagnostic-v2:A04
A04,2025-01-15,S1,False,no_legal_transition_triggered,26ab9a90-06e8-54fe-b44d-6086e121636f,NULL,historical-blind-v1-20261002-diagnostic-v2:A04
A04,2025-01-16,S1,False,no_legal_transition_triggered,26ab9a90-06e8-54fe-b44d-6086e121636f,NULL,historical-blind-v1-20261002-diagnostic-v2:A04
A04,2025-01-17,S1,False,no_legal_transition_triggered,26ab9a90-06e8-54fe-b44d-6086e121636f,NULL,historical-blind-v1-20261002-diagnostic-v2:A04
A04,2025-01-20,S0,False,candidate_failed,26ab9a90-06e8-54fe-b44d-6086e121636f,"{""from_state"": ""S1"", ""to_state"": ""S0"", ""trigger_rule"": ""candidate_failed"", ""trigger_date"": ""2025-01-20"", ""effective_date"": ""2025-01-20"", ""reason"": ""candidate_failed"", ""lifecycle_id"": ""26ab9a90-06e8-54fe-b44d-6086e121636f""}",historical-blind-v1-20261002-diagnostic-v2:A04
A04,2025-01-21,S0,False,no_legal_transition_triggered,26ab9a90-06e8-54fe-b44d-6086e121636f,NULL,historical-blind-v1-20261002-diagnostic-v2:A04
A04,2025-01-22,S0,False,no_legal_transition_triggered,26ab9a90-06e8-54fe-b44d-6086e121636f,NULL,historical-blind-v1-20261002-diagnostic-v2:A04
A04,2025-01-23,S0,False,no_legal_transition_triggered,26ab9a90-06e8-54fe-b44d-6086e121636f,NULL,historical-blind-v1-20261002-diagnostic-v2:A04
A04,2025-01-24,S0,False,no_legal_transition_triggered,26ab9a90-06e8-54fe-b44d-6086e121636f,NULL,historical-blind-v1-20261002-diagnostic-v2:A04
A04,2025-01-27,S0,False,no_legal_transition_triggered,26ab9a90-06e8-54fe-b44d-6086e121636f,NULL,historical-blind-v1-20261002-diagnostic-v2:A04
A04,2025-02-05,S1,False,candidate,33f8bbc9-380a-55c9-981e-d05e5f4a8ed6,"{""from_state"": ""S0"", ""to_state"": ""S1"", ""trigger_rule"": ""candidate"", ""trigger_date"": ""2025-02-05"", ""effective_date"": ""2025-02-05"", ""reason"": ""candidate"", ""lifecycle_id"": ""33f8bbc9-380a-55c9-981e-d05e5f4a8ed6""}",historical-blind-v1-20261002-diagnostic-v2:A04
A04,2025-02-06,S0,False,candidate_failed,33f8bbc9-380a-55c9-981e-d05e5f4a8ed6,"{""from_state"": ""S1"", ""to_state"": ""S0"", ""trigger_rule"": ""candidate_failed"", ""trigger_date"": ""2025-02-06"", ""effective_date"": ""2025-02-06"", ""reason"": ""candidate_failed"", ""lifecycle_id"": ""33f8bbc9-380a-55c9-981e-d05e5f4a8ed6""}",historical-blind-v1-20261002-diagnostic-v2:A04
A04,2025-02-07,S0,False,no_legal_transition_triggered,33f8bbc9-380a-55c9-981e-d05e5f4a8ed6,NULL,historical-blind-v1-20261002-diagnostic-v2:A04
A04,2025-02-10,S0,False,no_legal_transition_triggered,33f8bbc9-380a-55c9-981e-d05e5f4a8ed6,NULL,historical-blind-v1-20261002-diagnostic-v2:A04
A04,2025-02-11,S0,False,no_legal_transition_triggered,33f8bbc9-380a-55c9-981e-d05e5f4a8ed6,NULL,historical-blind-v1-20261002-diagnostic-v2:A04
A04,2025-02-12,S0,False,no_legal_transition_triggered,33f8bbc9-380a-55c9-981e-d05e5f4a8ed6,NULL,historical-blind-v1-20261002-diagnostic-v2:A04
A04,2025-02-13,S0,False,no_legal_transition_triggered,33f8bbc9-380a-55c9-981e-d05e5f4a8ed6,NULL,historical-blind-v1-20261002-diagnostic-v2:A04
A04,2025-02-14,S0,False,no_legal_transition_triggered,33f8bbc9-380a-55c9-981e-d05e5f4a8ed6,NULL,historical-blind-v1-20261002-diagnostic-v2:A04
A04,2025-02-17,S0,False,no_legal_transition_triggered,33f8bbc9-380a-55c9-981e-d05e5f4a8ed6,NULL,historical-blind-v1-20261002-diagnostic-v2:A04
A04,2025-02-18,S0,False,no_legal_transition_triggered,33f8bbc9-380a-55c9-981e-d05e5f4a8ed6,NULL,historical-blind-v1-20261002-diagnostic-v2:A04
A04,2025-02-19,S0,False,no_legal_transition_triggered,33f8bbc9-380a-55c9-981e-d05e5f4a8ed6,NULL,historical-blind-v1-20261002-diagnostic-v2:A04
A04,2025-02-20,S0,False,no_legal_transition_triggered,33f8bbc9-380a-55c9-981e-d05e5f4a8ed6,NULL,historical-blind-v1-20261002-diagnostic-v2:A04
A04,2025-02-21,S0,False,no_legal_transition_triggered,33f8bbc9-380a-55c9-981e-d05e5f4a8ed6,NULL,historical-blind-v1-20261002-diagnostic-v2:A04
A04,2025-02-24,S0,False,no_legal_transition_triggered,33f8bbc9-380a-55c9-981e-d05e5f4a8ed6,NULL,historical-blind-v1-20261002-diagnostic-v2:A04
A04,2025-02-25,S0,False,no_legal_transition_triggered,33f8bbc9-380a-55c9-981e-d05e5f4a8ed6,NULL,historical-blind-v1-20261002-diagnostic-v2:A04
A04,2025-02-26,S0,False,no_legal_transition_triggered,33f8bbc9-380a-55c9-981e-d05e5f4a8ed6,NULL,historical-blind-v1-20261002-diagnostic-v2:A04
A04,2025-02-27,S0,False,no_legal_transition_triggered,33f8bbc9-380a-55c9-981e-d05e5f4a8ed6,NULL,historical-blind-v1-20261002-diagnostic-v2:A04
A04,2025-02-28,S1,False,candidate,3f4ada0b-c01f-5a29-8b2e-33f46f363a9e,"{""from_state"": ""S0"", ""to_state"": ""S1"", ""trigger_rule"": ""candidate"", ""trigger_date"": ""2025-02-28"", ""effective_date"": ""2025-02-28"", ""reason"": ""candidate"", ""lifecycle_id"": ""3f4ada0b-c01f-5a29-8b2e-33f46f363a9e""}",historical-blind-v1-20261002-diagnostic-v2:A04
A04,2025-03-03,S1,False,no_legal_transition_triggered,3f4ada0b-c01f-5a29-8b2e-33f46f363a9e,NULL,historical-blind-v1-20261002-diagnostic-v2:A04
A04,2025-03-04,S1,False,no_legal_transition_triggered,3f4ada0b-c01f-5a29-8b2e-33f46f363a9e,NULL,historical-blind-v1-20261002-diagnostic-v2:A04
A04,2025-03-05,S1,False,no_legal_transition_triggered,3f4ada0b-c01f-5a29-8b2e-33f46f363a9e,NULL,historical-blind-v1-20261002-diagnostic-v2:A04
A04,2025-03-06,S1,False,no_legal_transition_triggered,3f4ada0b-c01f-5a29-8b2e-33f46f363a9e,NULL,historical-blind-v1-20261002-diagnostic-v2:A04
A04,2025-03-07,S1,False,no_legal_transition_triggered,3f4ada0b-c01f-5a29-8b2e-33f46f363a9e,NULL,historical-blind-v1-20261002-diagnostic-v2:A04
A04,2025-03-10,S1,False,no_legal_transition_triggered,3f4ada0b-c01f-5a29-8b2e-33f46f363a9e,NULL,historical-blind-v1-20261002-diagnostic-v2:A04
A04,2025-03-11,S1,False,no_legal_transition_triggered,3f4ada0b-c01f-5a29-8b2e-33f46f363a9e,NULL,historical-blind-v1-20261002-diagnostic-v2:A04
A04,2025-03-12,S1,False,no_legal_transition_triggered,3f4ada0b-c01f-5a29-8b2e-33f46f363a9e,NULL,historical-blind-v1-20261002-diagnostic-v2:A04
A04,2025-03-13,S1,False,no_legal_transition_triggered,3f4ada0b-c01f-5a29-8b2e-33f46f363a9e,NULL,historical-blind-v1-20261002-diagnostic-v2:A04
A04,2025-03-14,S1,False,no_legal_transition_triggered,3f4ada0b-c01f-5a29-8b2e-33f46f363a9e,NULL,historical-blind-v1-20261002-diagnostic-v2:A04
A04,2025-03-17,S1,False,no_legal_transition_triggered,3f4ada0b-c01f-5a29-8b2e-33f46f363a9e,NULL,historical-blind-v1-20261002-diagnostic-v2:A04
A04,2025-03-18,S1,False,no_legal_transition_triggered,3f4ada0b-c01f-5a29-8b2e-33f46f363a9e,NULL,historical-blind-v1-20261002-diagnostic-v2:A04
A04,2025-03-19,S1,False,no_legal_transition_triggered,3f4ada0b-c01f-5a29-8b2e-33f46f363a9e,NULL,historical-blind-v1-20261002-diagnostic-v2:A04
A04,2025-03-20,S1,False,no_legal_transition_triggered,3f4ada0b-c01f-5a29-8b2e-33f46f363a9e,NULL,historical-blind-v1-20261002-diagnostic-v2:A04
A04,2025-03-21,S0,False,candidate_failed,3f4ada0b-c01f-5a29-8b2e-33f46f363a9e,"{""from_state"": ""S1"", ""to_state"": ""S0"", ""trigger_rule"": ""candidate_failed"", ""trigger_date"": ""2025-03-21"", ""effective_date"": ""2025-03-21"", ""reason"": ""candidate_failed"", ""lifecycle_id"": ""3f4ada0b-c01f-5a29-8b2e-33f46f363a9e""}",historical-blind-v1-20261002-diagnostic-v2:A04
A04,2025-03-24,S1,False,candidate,c22f538f-0ecb-5558-8c25-b096688794f2,"{""from_state"": ""S0"", ""to_state"": ""S1"", ""trigger_rule"": ""candidate"", ""trigger_date"": ""2025-03-24"", ""effective_date"": ""2025-03-24"", ""reason"": ""candidate"", ""lifecycle_id"": ""c22f538f-0ecb-5558-8c25-b096688794f2""}",historical-blind-v1-20261002-diagnostic-v2:A04
A04,2025-03-25,S1,False,no_legal_transition_triggered,c22f538f-0ecb-5558-8c25-b096688794f2,NULL,historical-blind-v1-20261002-diagnostic-v2:A04
A04,2025-03-26,S1,False,no_legal_transition_triggered,c22f538f-0ecb-5558-8c25-b096688794f2,NULL,historical-blind-v1-20261002-diagnostic-v2:A04
A04,2025-03-27,S0,False,candidate_failed,c22f538f-0ecb-5558-8c25-b096688794f2,"{""from_state"": ""S1"", ""to_state"": ""S0"", ""trigger_rule"": ""candidate_failed"", ""trigger_date"": ""2025-03-27"", ""effective_date"": ""2025-03-27"", ""reason"": ""candidate_failed"", ""lifecycle_id"": ""c22f538f-0ecb-5558-8c25-b096688794f2""}",historical-blind-v1-20261002-diagnostic-v2:A04
A04,2025-03-28,S1,False,candidate,42182d69-0468-5b9d-a905-297ac6ff560c,"{""from_state"": ""S0"", ""to_state"": ""S1"", ""trigger_rule"": ""candidate"", ""trigger_date"": ""2025-03-28"", ""effective_date"": ""2025-03-28"", ""reason"": ""candidate"", ""lifecycle_id"": ""42182d69-0468-5b9d-a905-297ac6ff560c""}",historical-blind-v1-20261002-diagnostic-v2:A04
A04,2025-03-31,S1,False,no_legal_transition_triggered,42182d69-0468-5b9d-a905-297ac6ff560c,NULL,historical-blind-v1-20261002-diagnostic-v2:A04
A04,2025-04-01,S0,False,candidate_failed,42182d69-0468-5b9d-a905-297ac6ff560c,"{""from_state"": ""S1"", ""to_state"": ""S0"", ""trigger_rule"": ""candidate_failed"", ""trigger_date"": ""2025-04-01"", ""effective_date"": ""2025-04-01"", ""reason"": ""candidate_failed"", ""lifecycle_id"": ""42182d69-0468-5b9d-a905-297ac6ff560c""}",historical-blind-v1-20261002-diagnostic-v2:A04
A04,2025-04-02,S0,False,no_legal_transition_triggered,42182d69-0468-5b9d-a905-297ac6ff560c,NULL,historical-blind-v1-20261002-diagnostic-v2:A04
A04,2025-04-03,S0,False,no_legal_transition_triggered,42182d69-0468-5b9d-a905-297ac6ff560c,NULL,historical-blind-v1-20261002-diagnostic-v2:A04
A04,2025-04-07,S1,False,candidate,02cd98a0-2633-5038-97f2-a9e218b74a75,"{""from_state"": ""S0"", ""to_state"": ""S1"", ""trigger_rule"": ""candidate"", ""trigger_date"": ""2025-04-07"", ""effective_date"": ""2025-04-07"", ""reason"": ""candidate"", ""lifecycle_id"": ""02cd98a0-2633-5038-97f2-a9e218b74a75""}",historical-blind-v1-20261002-diagnostic-v2:A04
A04,2025-04-08,S0,False,candidate_failed,02cd98a0-2633-5038-97f2-a9e218b74a75,"{""from_state"": ""S1"", ""to_state"": ""S0"", ""trigger_rule"": ""candidate_failed"", ""trigger_date"": ""2025-04-08"", ""effective_date"": ""2025-04-08"", ""reason"": ""candidate_failed"", ""lifecycle_id"": ""02cd98a0-2633-5038-97f2-a9e218b74a75""}",historical-blind-v1-20261002-diagnostic-v2:A04
A04,2025-04-09,S0,False,no_legal_transition_triggered,02cd98a0-2633-5038-97f2-a9e218b74a75,NULL,historical-blind-v1-20261002-diagnostic-v2:A04
A04,2025-04-10,S0,False,no_legal_transition_triggered,02cd98a0-2633-5038-97f2-a9e218b74a75,NULL,historical-blind-v1-20261002-diagnostic-v2:A04
A04,2025-04-11,S0,False,no_legal_transition_triggered,02cd98a0-2633-5038-97f2-a9e218b74a75,NULL,historical-blind-v1-20261002-diagnostic-v2:A04
A04,2025-04-14,S0,False,no_legal_transition_triggered,02cd98a0-2633-5038-97f2-a9e218b74a75,NULL,historical-blind-v1-20261002-diagnostic-v2:A04
A04,2025-04-15,S0,False,no_legal_transition_triggered,02cd98a0-2633-5038-97f2-a9e218b74a75,NULL,historical-blind-v1-20261002-diagnostic-v2:A04
A04,2025-04-16,S0,False,no_legal_transition_triggered,02cd98a0-2633-5038-97f2-a9e218b74a75,NULL,historical-blind-v1-20261002-diagnostic-v2:A04
A04,2025-04-17,S0,False,no_legal_transition_triggered,02cd98a0-2633-5038-97f2-a9e218b74a75,NULL,historical-blind-v1-20261002-diagnostic-v2:A04
A04,2025-04-18,S1,False,candidate,2965c0e8-fdd5-5246-a100-bfb612e12183,"{""from_state"": ""S0"", ""to_state"": ""S1"", ""trigger_rule"": ""candidate"", ""trigger_date"": ""2025-04-18"", ""effective_date"": ""2025-04-18"", ""reason"": ""candidate"", ""lifecycle_id"": ""2965c0e8-fdd5-5246-a100-bfb612e12183""}",historical-blind-v1-20261002-diagnostic-v2:A04
A04,2025-04-21,S1,False,no_legal_transition_triggered,2965c0e8-fdd5-5246-a100-bfb612e12183,NULL,historical-blind-v1-20261002-diagnostic-v2:A04
A04,2025-04-22,S0,False,candidate_failed,2965c0e8-fdd5-5246-a100-bfb612e12183,"{""from_state"": ""S1"", ""to_state"": ""S0"", ""trigger_rule"": ""candidate_failed"", ""trigger_date"": ""2025-04-22"", ""effective_date"": ""2025-04-22"", ""reason"": ""candidate_failed"", ""lifecycle_id"": ""2965c0e8-fdd5-5246-a100-bfb612e12183""}",historical-blind-v1-20261002-diagnostic-v2:A04
A04,2025-04-23,S0,False,no_legal_transition_triggered,2965c0e8-fdd5-5246-a100-bfb612e12183,NULL,historical-blind-v1-20261002-diagnostic-v2:A04
A04,2025-04-24,S0,False,no_legal_transition_triggered,2965c0e8-fdd5-5246-a100-bfb612e12183,NULL,historical-blind-v1-20261002-diagnostic-v2:A04
A04,2025-04-25,S0,False,no_legal_transition_triggered,2965c0e8-fdd5-5246-a100-bfb612e12183,NULL,historical-blind-v1-20261002-diagnostic-v2:A04
A04,2025-04-28,S0,False,no_legal_transition_triggered,2965c0e8-fdd5-5246-a100-bfb612e12183,NULL,historical-blind-v1-20261002-diagnostic-v2:A04
A04,2025-04-29,S0,False,no_legal_transition_triggered,2965c0e8-fdd5-5246-a100-bfb612e12183,NULL,historical-blind-v1-20261002-diagnostic-v2:A04
A04,2025-04-30,S0,False,no_legal_transition_triggered,2965c0e8-fdd5-5246-a100-bfb612e12183,NULL,historical-blind-v1-20261002-diagnostic-v2:A04
A04,2025-05-06,S1,False,candidate,9fc2a27b-1062-5037-84d7-329171e73603,"{""from_state"": ""S0"", ""to_state"": ""S1"", ""trigger_rule"": ""candidate"", ""trigger_date"": ""2025-05-06"", ""effective_date"": ""2025-05-06"", ""reason"": ""candidate"", ""lifecycle_id"": ""9fc2a27b-1062-5037-84d7-329171e73603""}",historical-blind-v1-20261002-diagnostic-v2:A04
A04,2025-05-07,S0,False,candidate_failed,9fc2a27b-1062-5037-84d7-329171e73603,"{""from_state"": ""S1"", ""to_state"": ""S0"", ""trigger_rule"": ""candidate_failed"", ""trigger_date"": ""2025-05-07"", ""effective_date"": ""2025-05-07"", ""reason"": ""candidate_failed"", ""lifecycle_id"": ""9fc2a27b-1062-5037-84d7-329171e73603""}",historical-blind-v1-20261002-diagnostic-v2:A04
A05,2025-02-24,S0,False,no_legal_transition_triggered,61632fe5-b8f5-5b5a-9e0e-3a1b85991f91,NULL,historical-blind-v1-20261002-diagnostic-v2:A05
A05,2025-02-25,S0,False,no_legal_transition_triggered,61632fe5-b8f5-5b5a-9e0e-3a1b85991f91,NULL,historical-blind-v1-20261002-diagnostic-v2:A05
A05,2025-02-26,S0,False,no_legal_transition_triggered,61632fe5-b8f5-5b5a-9e0e-3a1b85991f91,NULL,historical-blind-v1-20261002-diagnostic-v2:A05
A05,2025-02-27,S1,False,candidate,f1f0b891-fd1c-54fb-80a4-97c47b1fb3fa,"{""from_state"": ""S0"", ""to_state"": ""S1"", ""trigger_rule"": ""candidate"", ""trigger_date"": ""2025-02-27"", ""effective_date"": ""2025-02-27"", ""reason"": ""candidate"", ""lifecycle_id"": ""f1f0b891-fd1c-54fb-80a4-97c47b1fb3fa""}",historical-blind-v1-20261002-diagnostic-v2:A05
A05,2025-02-28,S1,False,no_legal_transition_triggered,f1f0b891-fd1c-54fb-80a4-97c47b1fb3fa,NULL,historical-blind-v1-20261002-diagnostic-v2:A05
A05,2025-03-03,S1,False,no_legal_transition_triggered,f1f0b891-fd1c-54fb-80a4-97c47b1fb3fa,NULL,historical-blind-v1-20261002-diagnostic-v2:A05
A05,2025-03-04,S0,False,candidate_failed,f1f0b891-fd1c-54fb-80a4-97c47b1fb3fa,"{""from_state"": ""S1"", ""to_state"": ""S0"", ""trigger_rule"": ""candidate_failed"", ""trigger_date"": ""2025-03-04"", ""effective_date"": ""2025-03-04"", ""reason"": ""candidate_failed"", ""lifecycle_id"": ""f1f0b891-fd1c-54fb-80a4-97c47b1fb3fa""}",historical-blind-v1-20261002-diagnostic-v2:A05
A05,2025-03-05,S0,False,no_legal_transition_triggered,f1f0b891-fd1c-54fb-80a4-97c47b1fb3fa,NULL,historical-blind-v1-20261002-diagnostic-v2:A05
A05,2025-03-06,S0,False,no_legal_transition_triggered,f1f0b891-fd1c-54fb-80a4-97c47b1fb3fa,NULL,historical-blind-v1-20261002-diagnostic-v2:A05
A05,2025-03-07,S1,False,candidate,fa4d99d2-1cdc-5cfc-8344-aafc5c355d80,"{""from_state"": ""S0"", ""to_state"": ""S1"", ""trigger_rule"": ""candidate"", ""trigger_date"": ""2025-03-07"", ""effective_date"": ""2025-03-07"", ""reason"": ""candidate"", ""lifecycle_id"": ""fa4d99d2-1cdc-5cfc-8344-aafc5c355d80""}",historical-blind-v1-20261002-diagnostic-v2:A05
A05,2025-03-10,S0,False,candidate_failed,fa4d99d2-1cdc-5cfc-8344-aafc5c355d80,"{""from_state"": ""S1"", ""to_state"": ""S0"", ""trigger_rule"": ""candidate_failed"", ""trigger_date"": ""2025-03-10"", ""effective_date"": ""2025-03-10"", ""reason"": ""candidate_failed"", ""lifecycle_id"": ""fa4d99d2-1cdc-5cfc-8344-aafc5c355d80""}",historical-blind-v1-20261002-diagnostic-v2:A05
A05,2025-03-11,S1,False,candidate,273108ba-4069-5d27-9ab6-59f2632e195f,"{""from_state"": ""S0"", ""to_state"": ""S1"", ""trigger_rule"": ""candidate"", ""trigger_date"": ""2025-03-11"", ""effective_date"": ""2025-03-11"", ""reason"": ""candidate"", ""lifecycle_id"": ""273108ba-4069-5d27-9ab6-59f2632e195f""}",historical-blind-v1-20261002-diagnostic-v2:A05
A05,2025-03-12,S0,False,candidate_failed,273108ba-4069-5d27-9ab6-59f2632e195f,"{""from_state"": ""S1"", ""to_state"": ""S0"", ""trigger_rule"": ""candidate_failed"", ""trigger_date"": ""2025-03-12"", ""effective_date"": ""2025-03-12"", ""reason"": ""candidate_failed"", ""lifecycle_id"": ""273108ba-4069-5d27-9ab6-59f2632e195f""}",historical-blind-v1-20261002-diagnostic-v2:A05
A05,2025-03-13,S0,False,no_legal_transition_triggered,273108ba-4069-5d27-9ab6-59f2632e195f,NULL,historical-blind-v1-20261002-diagnostic-v2:A05
A05,2025-03-14,S1,False,candidate,2e1cba04-80f6-5c88-80df-dd7b125df10a,"{""from_state"": ""S0"", ""to_state"": ""S1"", ""trigger_rule"": ""candidate"", ""trigger_date"": ""2025-03-14"", ""effective_date"": ""2025-03-14"", ""reason"": ""candidate"", ""lifecycle_id"": ""2e1cba04-80f6-5c88-80df-dd7b125df10a""}",historical-blind-v1-20261002-diagnostic-v2:A05
A05,2025-03-17,S1,False,no_legal_transition_triggered,2e1cba04-80f6-5c88-80df-dd7b125df10a,NULL,historical-blind-v1-20261002-diagnostic-v2:A05
A05,2025-03-18,S1,False,no_legal_transition_triggered,2e1cba04-80f6-5c88-80df-dd7b125df10a,NULL,historical-blind-v1-20261002-diagnostic-v2:A05
A05,2025-03-19,S1,False,no_legal_transition_triggered,2e1cba04-80f6-5c88-80df-dd7b125df10a,NULL,historical-blind-v1-20261002-diagnostic-v2:A05
A05,2025-03-20,S1,False,no_legal_transition_triggered,2e1cba04-80f6-5c88-80df-dd7b125df10a,NULL,historical-blind-v1-20261002-diagnostic-v2:A05
A05,2025-03-21,S0,False,candidate_failed,2e1cba04-80f6-5c88-80df-dd7b125df10a,"{""from_state"": ""S1"", ""to_state"": ""S0"", ""trigger_rule"": ""candidate_failed"", ""trigger_date"": ""2025-03-21"", ""effective_date"": ""2025-03-21"", ""reason"": ""candidate_failed"", ""lifecycle_id"": ""2e1cba04-80f6-5c88-80df-dd7b125df10a""}",historical-blind-v1-20261002-diagnostic-v2:A05
A05,2025-03-24,S1,False,candidate,82b01990-f2bf-5781-b233-29f87d77376e,"{""from_state"": ""S0"", ""to_state"": ""S1"", ""trigger_rule"": ""candidate"", ""trigger_date"": ""2025-03-24"", ""effective_date"": ""2025-03-24"", ""reason"": ""candidate"", ""lifecycle_id"": ""82b01990-f2bf-5781-b233-29f87d77376e""}",historical-blind-v1-20261002-diagnostic-v2:A05
A05,2025-03-25,S1,False,no_legal_transition_triggered,82b01990-f2bf-5781-b233-29f87d77376e,NULL,historical-blind-v1-20261002-diagnostic-v2:A05
A05,2025-03-26,S1,False,no_legal_transition_triggered,82b01990-f2bf-5781-b233-29f87d77376e,NULL,historical-blind-v1-20261002-diagnostic-v2:A05
A05,2025-03-27,S1,False,no_legal_transition_triggered,82b01990-f2bf-5781-b233-29f87d77376e,NULL,historical-blind-v1-20261002-diagnostic-v2:A05
A05,2025-03-28,S0,False,candidate_failed,82b01990-f2bf-5781-b233-29f87d77376e,"{""from_state"": ""S1"", ""to_state"": ""S0"", ""trigger_rule"": ""candidate_failed"", ""trigger_date"": ""2025-03-28"", ""effective_date"": ""2025-03-28"", ""reason"": ""candidate_failed"", ""lifecycle_id"": ""82b01990-f2bf-5781-b233-29f87d77376e""}",historical-blind-v1-20261002-diagnostic-v2:A05
A05,2025-03-31,S0,False,no_legal_transition_triggered,82b01990-f2bf-5781-b233-29f87d77376e,NULL,historical-blind-v1-20261002-diagnostic-v2:A05
A05,2025-04-01,S0,False,no_legal_transition_triggered,82b01990-f2bf-5781-b233-29f87d77376e,NULL,historical-blind-v1-20261002-diagnostic-v2:A05
A05,2025-04-02,S0,False,no_legal_transition_triggered,82b01990-f2bf-5781-b233-29f87d77376e,NULL,historical-blind-v1-20261002-diagnostic-v2:A05
A05,2025-04-03,S1,False,candidate,226605c7-777d-5f42-9bd0-07d95c24158e,"{""from_state"": ""S0"", ""to_state"": ""S1"", ""trigger_rule"": ""candidate"", ""trigger_date"": ""2025-04-03"", ""effective_date"": ""2025-04-03"", ""reason"": ""candidate"", ""lifecycle_id"": ""226605c7-777d-5f42-9bd0-07d95c24158e""}",historical-blind-v1-20261002-diagnostic-v2:A05
A05,2025-04-07,S1,False,no_legal_transition_triggered,226605c7-777d-5f42-9bd0-07d95c24158e,NULL,historical-blind-v1-20261002-diagnostic-v2:A05
A05,2025-04-08,S1,False,no_legal_transition_triggered,226605c7-777d-5f42-9bd0-07d95c24158e,NULL,historical-blind-v1-20261002-diagnostic-v2:A05
A05,2025-04-09,S1,False,no_legal_transition_triggered,226605c7-777d-5f42-9bd0-07d95c24158e,NULL,historical-blind-v1-20261002-diagnostic-v2:A05
A05,2025-04-10,S1,False,no_legal_transition_triggered,226605c7-777d-5f42-9bd0-07d95c24158e,NULL,historical-blind-v1-20261002-diagnostic-v2:A05
A05,2025-04-11,S1,False,no_legal_transition_triggered,226605c7-777d-5f42-9bd0-07d95c24158e,NULL,historical-blind-v1-20261002-diagnostic-v2:A05
A05,2025-04-14,S1,False,no_legal_transition_triggered,226605c7-777d-5f42-9bd0-07d95c24158e,NULL,historical-blind-v1-20261002-diagnostic-v2:A05
A05,2025-04-15,S1,False,no_legal_transition_triggered,226605c7-777d-5f42-9bd0-07d95c24158e,NULL,historical-blind-v1-20261002-diagnostic-v2:A05
A05,2025-04-16,S1,False,no_legal_transition_triggered,226605c7-777d-5f42-9bd0-07d95c24158e,NULL,historical-blind-v1-20261002-diagnostic-v2:A05
A05,2025-04-17,S1,False,no_legal_transition_triggered,226605c7-777d-5f42-9bd0-07d95c24158e,NULL,historical-blind-v1-20261002-diagnostic-v2:A05
A05,2025-04-18,S1,False,no_legal_transition_triggered,226605c7-777d-5f42-9bd0-07d95c24158e,NULL,historical-blind-v1-20261002-diagnostic-v2:A05
A05,2025-04-21,S1,False,no_legal_transition_triggered,226605c7-777d-5f42-9bd0-07d95c24158e,NULL,historical-blind-v1-20261002-diagnostic-v2:A05
A05,2025-04-22,S1,False,no_legal_transition_triggered,226605c7-777d-5f42-9bd0-07d95c24158e,NULL,historical-blind-v1-20261002-diagnostic-v2:A05
A05,2025-04-23,S0,False,candidate_failed,226605c7-777d-5f42-9bd0-07d95c24158e,"{""from_state"": ""S1"", ""to_state"": ""S0"", ""trigger_rule"": ""candidate_failed"", ""trigger_date"": ""2025-04-23"", ""effective_date"": ""2025-04-23"", ""reason"": ""candidate_failed"", ""lifecycle_id"": ""226605c7-777d-5f42-9bd0-07d95c24158e""}",historical-blind-v1-20261002-diagnostic-v2:A05
A05,2025-04-24,S0,False,no_legal_transition_triggered,226605c7-777d-5f42-9bd0-07d95c24158e,NULL,historical-blind-v1-20261002-diagnostic-v2:A05
A05,2025-04-25,S0,False,no_legal_transition_triggered,226605c7-777d-5f42-9bd0-07d95c24158e,NULL,historical-blind-v1-20261002-diagnostic-v2:A05
A05,2025-04-28,S0,False,no_legal_transition_triggered,226605c7-777d-5f42-9bd0-07d95c24158e,NULL,historical-blind-v1-20261002-diagnostic-v2:A05
A05,2025-04-29,S0,False,no_legal_transition_triggered,226605c7-777d-5f42-9bd0-07d95c24158e,NULL,historical-blind-v1-20261002-diagnostic-v2:A05
A05,2025-04-30,S0,False,no_legal_transition_triggered,226605c7-777d-5f42-9bd0-07d95c24158e,NULL,historical-blind-v1-20261002-diagnostic-v2:A05
A05,2025-05-06,S0,False,no_legal_transition_triggered,226605c7-777d-5f42-9bd0-07d95c24158e,NULL,historical-blind-v1-20261002-diagnostic-v2:A05
A05,2025-05-07,S0,False,no_legal_transition_triggered,226605c7-777d-5f42-9bd0-07d95c24158e,NULL,historical-blind-v1-20261002-diagnostic-v2:A05
A05,2025-05-08,S0,False,no_legal_transition_triggered,226605c7-777d-5f42-9bd0-07d95c24158e,NULL,historical-blind-v1-20261002-diagnostic-v2:A05
A05,2025-05-09,S0,False,no_legal_transition_triggered,226605c7-777d-5f42-9bd0-07d95c24158e,NULL,historical-blind-v1-20261002-diagnostic-v2:A05
A05,2025-05-12,S0,False,no_legal_transition_triggered,226605c7-777d-5f42-9bd0-07d95c24158e,NULL,historical-blind-v1-20261002-diagnostic-v2:A05
A05,2025-05-13,S0,False,no_legal_transition_triggered,226605c7-777d-5f42-9bd0-07d95c24158e,NULL,historical-blind-v1-20261002-diagnostic-v2:A05
A05,2025-05-14,S0,False,no_legal_transition_triggered,226605c7-777d-5f42-9bd0-07d95c24158e,NULL,historical-blind-v1-20261002-diagnostic-v2:A05
A05,2025-05-15,S1,False,candidate,523c2b25-4fa1-5ec0-94f0-20e9b85335c5,"{""from_state"": ""S0"", ""to_state"": ""S1"", ""trigger_rule"": ""candidate"", ""trigger_date"": ""2025-05-15"", ""effective_date"": ""2025-05-15"", ""reason"": ""candidate"", ""lifecycle_id"": ""523c2b25-4fa1-5ec0-94f0-20e9b85335c5""}",historical-blind-v1-20261002-diagnostic-v2:A05
A05,2025-05-16,S0,False,candidate_failed,523c2b25-4fa1-5ec0-94f0-20e9b85335c5,"{""from_state"": ""S1"", ""to_state"": ""S0"", ""trigger_rule"": ""candidate_failed"", ""trigger_date"": ""2025-05-16"", ""effective_date"": ""2025-05-16"", ""reason"": ""candidate_failed"", ""lifecycle_id"": ""523c2b25-4fa1-5ec0-94f0-20e9b85335c5""}",historical-blind-v1-20261002-diagnostic-v2:A05
A05,2025-05-19,S1,False,candidate,951c7314-cfcf-50f0-b1b4-63c4c9746c00,"{""from_state"": ""S0"", ""to_state"": ""S1"", ""trigger_rule"": ""candidate"", ""trigger_date"": ""2025-05-19"", ""effective_date"": ""2025-05-19"", ""reason"": ""candidate"", ""lifecycle_id"": ""951c7314-cfcf-50f0-b1b4-63c4c9746c00""}",historical-blind-v1-20261002-diagnostic-v2:A05
A05,2025-05-20,S1,False,no_legal_transition_triggered,951c7314-cfcf-50f0-b1b4-63c4c9746c00,NULL,historical-blind-v1-20261002-diagnostic-v2:A05
