case_id,case_type,trade_date,industry,state,eligible_S1,frozen,pass_count,passed_groups,failed_groups,null_groups,last_blocker,last_blocker_status,near_miss,near_miss_half_band,near_miss_double_band,confirm,consecutive,state_reason,atomic_false
P01,positive,2024-10-18,电子,S1,False,True,4,"[""A"",""B"",""D"",""enhancers""]",[],"[""C""]",C,,False,False,False,,"{""confirm"":0,""weaken"":0,""retire"":0,""recover"":0}",rule_evidence_unavailable:confirm,[]
P01,positive,2024-10-21,电子,S1,False,True,4,"[""A"",""B"",""D"",""enhancers""]",[],"[""C""]",C,,False,False,False,,"{""confirm"":0,""weaken"":0,""retire"":0,""recover"":0}",rule_evidence_unavailable:confirm,[]
P01,positive,2024-10-22,电子,S1,False,False,3,"[""A"",""D"",""enhancers""]","[""B""]","[""C""]",,,False,False,False,False,"{""confirm"":0,""weaken"":0,""retire"":0,""recover"":0}",freeze_recovery_first_session_no_transition,"[{""rule_id"":""B.win5"",""actual"":0.6,""threshold"":0.8,""margin"":-0.20000000000000007,""edge"":true},{""rule_id"":""B.win10"",""actual"":0.6,""threshold"":0.7,""margin"":-0.09999999999999998,""edge"":true}]"
P01,positive,2024-10-23,电子,S1,True,False,0,[],"[""A"",""B"",""C"",""D""]","[""enhancers""]",,,False,False,False,False,"{""confirm"":0,""weaken"":0,""retire"":0,""recover"":0}",no_legal_transition_triggered,"[{""rule_id"":""A.rank"",""actual"":0.3333333333333333,""threshold"":0.3,""margin"":-0.033333333333333326,""edge"":true},{""rule_id"":""B.win5"",""actual"":0.6,""threshold"":0.8,""margin"":-0.20000000000000007,""edge"":true},{""rule_id"":""B.win10"",""actual"":0.5,""threshold"":0.7,""margin"":-0.19999999999999996,""edge"":false},{""rule_id"":""C.trend"",""actual"":false,""threshold"":true,""margin"":null,""edge"":false},{""rule_id"":""D.up"",""actual"":0.24786324786324787,""threshold"":0.5144995322731525,""margin"":-0.2666362844099046,""edge"":false},{""rule_id"":""D.newhigh"",""actual"":0.05194805194805195,""threshold"":0.16198704103671707,""margin"":-0.11003898908866512,""edge"":false},{""rule_id"":""E2"",""actual"":1.0,""threshold"":1.0,""margin"":0.0,""edge"":true},{""rule_id"":""E3"",""actual"":0.05194805194805195,""threshold"":0.16198704103671707,""margin"":-0.11003898908866512,""edge"":false}]"
P01,positive,2024-10-24,电子,S1,True,False,2,"[""A"",""D""]","[""B""]","[""C"",""enhancers""]",,,False,False,False,False,"{""confirm"":0,""weaken"":0,""retire"":0,""recover"":0}",no_legal_transition_triggered,"[{""rule_id"":""B.win5"",""actual"":0.6,""threshold"":0.8,""margin"":-0.20000000000000007,""edge"":true},{""rule_id"":""B.win10"",""actual"":0.6,""threshold"":0.7,""margin"":-0.09999999999999998,""edge"":true},{""rule_id"":""E2"",""actual"":0.9978354978354979,""threshold"":1.0,""margin"":-0.0021645021645021467,""edge"":true},{""rule_id"":""E3"",""actual"":0.08441558441558442,""threshold"":0.2159827213822894,""margin"":-0.131567136966705,""edge"":false}]"
P01,positive,2024-10-25,电子,S1,True,False,1,"[""A""]","[""B"",""D""]","[""C"",""enhancers""]",,,False,False,False,False,"{""confirm"":0,""weaken"":0,""retire"":0,""recover"":0}",no_legal_transition_triggered,"[{""rule_id"":""B.win5"",""actual"":0.4,""threshold"":0.8,""margin"":-0.4,""edge"":false},{""rule_id"":""B.win10"",""actual"":0.6,""threshold"":0.7,""margin"":-0.09999999999999998,""edge"":true},{""rule_id"":""D.up"",""actual"":0.767590618336887,""threshold"":0.8032173587729143,""margin"":-0.035626740436027315,""edge"":false},{""rule_id"":""D.newhigh"",""actual"":0.10173160173160173,""threshold"":0.1038961038961039,""margin"":-0.0021645021645021745,""edge"":false},{""rule_id"":""E2"",""actual"":1.0,""threshold"":1.0,""margin"":0.0,""edge"":true},{""rule_id"":""E3"",""actual"":0.10173160173160173,""threshold"":0.1038961038961039,""margin"":-0.0021645021645021745,""edge"":false}]"
P01,positive,2024-10-28,电子,S1,True,False,3,"[""A"",""D"",""enhancers""]","[""B"",""C""]",[],,,False,False,False,False,"{""confirm"":0,""weaken"":0,""retire"":0,""recover"":0}",no_legal_transition_triggered,"[{""rule_id"":""B.win5"",""actual"":0.2,""threshold"":0.8,""margin"":-0.6000000000000001,""edge"":false},{""rule_id"":""B.win10"",""actual"":0.5,""threshold"":0.7,""margin"":-0.19999999999999996,""edge"":false},{""rule_id"":""C.trend"",""actual"":false,""threshold"":true,""margin"":null,""edge"":false}]"
P01,positive,2024-10-29,电子,S1,True,False,3,"[""A"",""D"",""enhancers""]","[""B""]","[""C""]",,,False,False,False,False,"{""confirm"":0,""weaken"":0,""retire"":0,""recover"":0}",no_legal_transition_triggered,"[{""rule_id"":""B.win5"",""actual"":0.4,""threshold"":0.8,""margin"":-0.4,""edge"":false},{""rule_id"":""B.win10"",""actual"":0.5,""threshold"":0.7,""margin"":-0.19999999999999996,""edge"":false}]"
P01,positive,2024-10-30,电子,S1,True,False,3,"[""A"",""D"",""enhancers""]","[""B""]","[""C""]",,,False,False,False,False,"{""confirm"":0,""weaken"":0,""retire"":0,""recover"":0}",no_legal_transition_triggered,"[{""rule_id"":""B.win5"",""actual"":0.6,""threshold"":0.8,""margin"":-0.20000000000000007,""edge"":true},{""rule_id"":""B.win10"",""actual"":0.6,""threshold"":0.7,""margin"":-0.09999999999999998,""edge"":true}]"
P01,positive,2024-10-31,电子,S1,True,False,3,"[""A"",""D"",""enhancers""]","[""B""]","[""C""]",,,False,False,False,False,"{""confirm"":0,""weaken"":0,""retire"":0,""recover"":0}",no_legal_transition_triggered,"[{""rule_id"":""B.win5"",""actual"":0.6,""threshold"":0.8,""margin"":-0.20000000000000007,""edge"":true},{""rule_id"":""B.win10"",""actual"":0.6,""threshold"":0.7,""margin"":-0.09999999999999998,""edge"":true}]"
P01,positive,2024-11-01,电子,S0,True,False,0,[],"[""A"",""B"",""D""]","[""C"",""enhancers""]",,,False,False,False,False,"{""confirm"":0,""weaken"":0,""retire"":0,""recover"":0}",candidate_failed,"[{""rule_id"":""A.return"",""actual"":-0.03577704343968602,""threshold"":0,""margin"":-0.03577704343968602,""edge"":false},{""rule_id"":""A.rank"",""actual"":0.9,""threshold"":0.3,""margin"":-0.6000000000000001,""edge"":false},{""rule_id"":""B.win5"",""actual"":0.6,""threshold"":0.8,""margin"":-0.20000000000000007,""edge"":true},{""rule_id"":""B.win10"",""actual"":0.5,""threshold"":0.7,""margin"":-0.19999999999999996,""edge"":false},{""rule_id"":""D.up"",""actual"":0.06170212765957447,""threshold"":0.18154594796930562,""margin"":-0.11984382030973115,""edge"":false},{""rule_id"":""D.ma20"",""actual"":0.41416309012875535,""threshold"":0.6,""margin"":-0.18583690987124463,""edge"":false},{""rule_id"":""D.newhigh"",""actual"":0.04103671706263499,""threshold"":0.10367170626349892,""margin"":-0.06263498920086394,""edge"":false},{""rule_id"":""E2"",""actual"":0.980561555075594,""threshold"":0.9978401727861771,""margin"":-0.017278617710583144,""edge"":true},{""rule_id"":""E3"",""actual"":0.04103671706263499,""threshold"":0.10367170626349892,""margin"":-0.06263498920086394,""edge"":false}]"
P01,positive,2024-11-04,电子,S0,False,False,1,"[""B""]","[""A"",""C"",""D""]","[""enhancers""]",,,False,False,False,False,"{""confirm"":0,""weaken"":0,""retire"":0,""recover"":0}",no_legal_transition_triggered,"[{""rule_id"":""A.return"",""actual"":-0.046377459053609904,""threshold"":0,""margin"":-0.046377459053609904,""edge"":false},{""rule_id"":""A.rank"",""actual"":0.9,""threshold"":0.3,""margin"":-0.6000000000000001,""edge"":false},{""rule_id"":""C.trend"",""actual"":false,""threshold"":true,""margin"":null,""edge"":false},{""rule_id"":""D.ma20"",""actual"":0.5622317596566524,""threshold"":0.6,""margin"":-0.03776824034334758,""edge"":false},{""rule_id"":""D.newhigh"",""actual"":0.058315334773218146,""threshold"":0.12958963282937366,""margin"":-0.07127429805615551,""edge"":false},{""rule_id"":""E2"",""actual"":0.9848812095032398,""threshold"":0.9978401727861771,""margin"":-0.01295896328293733,""edge"":true},{""rule_id"":""E3"",""actual"":0.058315334773218146,""threshold"":0.12958963282937366,""margin"":-0.07127429805615551,""edge"":false}]"
P01,positive,2024-11-05,电子,S1,False,False,3,"[""B"",""D"",""enhancers""]","[""A"",""C""]",[],,,False,False,False,False,"{""confirm"":0,""weaken"":0,""retire"":0,""recover"":0}",candidate,"[{""rule_id"":""A.return"",""actual"":-0.02351542754722602,""threshold"":0,""margin"":-0.02351542754722602,""edge"":false},{""rule_id"":""A.rank"",""actual"":0.8333333333333334,""threshold"":0.3,""margin"":-0.5333333333333334,""edge"":false},{""rule_id"":""C.percentile"",""actual"":0.5897435897435898,""threshold"":0.6,""margin"":-0.01025641025641022,""edge"":true}]"
P01,positive,2024-11-06,电子,S0,True,False,2,"[""D"",""enhancers""]","[""A"",""B"",""C""]",[],,,False,False,False,False,"{""confirm"":0,""weaken"":0,""retire"":0,""recover"":0}",candidate_failed,"[{""rule_id"":""A.return"",""actual"":-0.01572019202513575,""threshold"":0,""margin"":-0.01572019202513575,""edge"":false},{""rule_id"":""A.rank"",""actual"":0.7,""threshold"":0.3,""margin"":-0.39999999999999997,""edge"":false},{""rule_id"":""B.win5"",""actual"":0.6,""threshold"":0.8,""margin"":-0.20000000000000007,""edge"":true},{""rule_id"":""B.win10"",""actual"":0.6,""threshold"":0.7,""margin"":-0.09999999999999998,""edge"":true},{""rule_id"":""C.percentile"",""actual"":0.425,""threshold"":0.6,""margin"":-0.175,""edge"":false}]"
P01,positive,2024-11-07,电子,S0,False,False,2,"[""D"",""enhancers""]","[""A"",""B"",""C""]",[],,,False,False,False,False,"{""confirm"":0,""weaken"":0,""retire"":0,""recover"":0}",no_legal_transition_triggered,"[{""rule_id"":""A.return"",""actual"":-0.03206292442291936,""threshold"":0,""margin"":-0.03206292442291936,""edge"":false},{""rule_id"":""A.rank"",""actual"":0.8666666666666667,""threshold"":0.3,""margin"":-0.5666666666666667,""edge"":false},{""rule_id"":""B.win5"",""actual"":0.4,""threshold"":0.8,""margin"":-0.4,""edge"":false},{""rule_id"":""B.win10"",""actual"":0.5,""threshold"":0.7,""margin"":-0.19999999999999996,""edge"":false},{""rule_id"":""C.percentile"",""actual"":0.21951219512195122,""threshold"":0.6,""margin"":-0.3804878048780488,""edge"":false},{""rule_id"":""C.trend"",""actual"":false,""threshold"":true,""margin"":null,""edge"":false}]"
P01,positive,2024-11-08,电子,S1,False,False,3,"[""C"",""D"",""enhancers""]","[""A"",""B""]",[],,,False,False,False,False,"{""confirm"":0,""weaken"":0,""retire"":0,""recover"":0}",candidate,"[{""rule_id"":""A.return"",""actual"":-0.00436755831070923,""threshold"":0,""margin"":-0.00436755831070923,""edge"":true},{""rule_id"":""A.rank"",""actual"":0.5333333333333333,""threshold"":0.3,""margin"":-0.23333333333333334,""edge"":false},{""rule_id"":""B.win5"",""actual"":0.6,""threshold"":0.8,""margin"":-0.20000000000000007,""edge"":true},{""rule_id"":""B.win10"",""actual"":0.6,""threshold"":0.7,""margin"":-0.09999999999999998,""edge"":true}]"
P01,positive,2024-11-11,电子,S1,True,False,5,"[""A"",""B"",""C"",""D"",""enhancers""]",[],[],,,False,False,False,True,"{""confirm"":1,""weaken"":0,""retire"":0,""recover"":0}",no_legal_transition_triggered,[]
P01,positive,2024-11-12,电子,S1,True,False,2,"[""A"",""C""]","[""B"",""D""]","[""enhancers""]",,,False,False,False,False,"{""confirm"":0,""weaken"":0,""retire"":0,""recover"":0}",no_legal_transition_triggered,"[{""rule_id"":""B.win5"",""actual"":0.4,""threshold"":0.8,""margin"":-0.4,""edge"":false},{""rule_id"":""B.win10"",""actual"":0.6,""threshold"":0.7,""margin"":-0.09999999999999998,""edge"":true},{""rule_id"":""D.up"",""actual"":0.22269807280513917,""threshold"":0.2774869109947644,""margin"":-0.05478883818962524,""edge"":false},{""rule_id"":""D.newhigh"",""actual"":0.10869565217391304,""threshold"":0.15334773218142547,""margin"":-0.04465208000751243,""edge"":false},{""rule_id"":""E2"",""actual"":0.9956521739130435,""threshold"":0.9978401727861771,""margin"":-0.0021879988731335898,""edge"":true},{""rule_id"":""E3"",""actual"":0.10869565217391304,""threshold"":0.15334773218142547,""margin"":-0.04465208000751243,""edge"":false}]"
P02,positive,2024-10-18,电力设备,S0,False,False,2,"[""D"",""enhancers""]","[""A"",""B""]","[""C""]",,,False,False,False,False,"{""confirm"":0,""weaken"":0,""retire"":0,""recover"":0}",no_legal_transition_triggered,"[{""rule_id"":""A.return"",""actual"":-0.009449221897363635,""threshold"":0,""margin"":-0.009449221897363635,""edge"":false},{""rule_id"":""B.win5"",""actual"":0.2,""threshold"":0.8,""margin"":-0.6000000000000001,""edge"":false},{""rule_id"":""B.win10"",""actual"":0.4,""threshold"":0.7,""margin"":-0.29999999999999993,""edge"":false}]"
P02,positive,2024-10-21,电力设备,S0,False,False,2,"[""D"",""enhancers""]","[""A"",""B""]","[""C""]",,,False,False,False,False,"{""confirm"":0,""weaken"":0,""retire"":0,""recover"":0}",no_legal_transition_triggered,"[{""rule_id"":""A.return"",""actual"":-0.014384028828387407,""threshold"":0,""margin"":-0.014384028828387407,""edge"":false},{""rule_id"":""B.win5"",""actual"":0.4,""threshold"":0.8,""margin"":-0.4,""edge"":false},{""rule_id"":""B.win10"",""actual"":0.4,""threshold"":0.7,""margin"":-0.29999999999999993,""edge"":false}]"
P02,positive,2024-10-22,电力设备,S1,False,False,2,"[""D"",""enhancers""]","[""A"",""B""]","[""C""]",,,False,False,False,False,"{""confirm"":0,""weaken"":0,""retire"":0,""recover"":0}",candidate,"[{""rule_id"":""A.return"",""actual"":-0.02085625032526217,""threshold"":0,""margin"":-0.02085625032526217,""edge"":false},{""rule_id"":""A.rank"",""actual"":0.8666666666666667,""threshold"":0.3,""margin"":-0.5666666666666667,""edge"":false},{""rule_id"":""B.win5"",""actual"":0.6,""threshold"":0.8,""margin"":-0.20000000000000007,""edge"":true},{""rule_id"":""B.win10"",""actual"":0.4,""threshold"":0.7,""margin"":-0.29999999999999993,""edge"":false}]"
P02,positive,2024-10-23,电力设备,S1,False,True,4,"[""A"",""B"",""D"",""enhancers""]",[],"[""C""]",C,,False,False,False,,"{""confirm"":0,""weaken"":0,""retire"":0,""recover"":0}",rule_evidence_unavailable:confirm,[]
P02,positive,2024-10-24,电力设备,S1,False,False,1,"[""B""]","[""A"",""D""]","[""C"",""enhancers""]",,,False,False,False,False,"{""confirm"":0,""weaken"":0,""retire"":0,""recover"":0}",freeze_recovery_first_session_no_transition,"[{""rule_id"":""A.return"",""actual"":-0.00417356122365331,""threshold"":0,""margin"":-0.00417356122365331,""edge"":true},{""rule_id"":""A.rank"",""actual"":0.43333333333333335,""threshold"":0.3,""margin"":-0.13333333333333336,""edge"":false},{""rule_id"":""D.up"",""actual"":0.22606382978723405,""threshold"":0.39876497005988026,""margin"":-0.17270114027264621,""edge"":false},{""rule_id"":""D.newhigh"",""actual"":0.08355795148247978,""threshold"":0.08355795148247978,""margin"":0.0,""edge"":true},{""rule_id"":""E2"",""actual"":0.9757412398921833,""threshold"":0.9784366576819407,""margin"":-0.0026954177897573484,""edge"":true},{""rule_id"":""E3"",""actual"":0.08355795148247978,""threshold"":0.08355795148247978,""margin"":0.0,""edge"":true}]"
P02,positive,2024-10-25,电力设备,S1,False,True,4,"[""A"",""B"",""D"",""enhancers""]",[],"[""C""]",C,,False,False,False,,"{""confirm"":0,""weaken"":0,""retire"":0,""recover"":0}",rule_evidence_unavailable:confirm,[]
P02,positive,2024-10-28,电力设备,S1,False,False,3,"[""A"",""D"",""enhancers""]","[""B""]","[""C""]",,,False,False,False,False,"{""confirm"":0,""weaken"":0,""retire"":0,""recover"":0}",freeze_recovery_first_session_no_transition,"[{""rule_id"":""B.win5"",""actual"":0.6,""threshold"":0.8,""margin"":-0.20000000000000007,""edge"":true},{""rule_id"":""B.win10"",""actual"":0.5,""threshold"":0.7,""margin"":-0.19999999999999996,""edge"":false}]"
P02,positive,2024-10-29,电力设备,S1,True,False,3,"[""A"",""D"",""enhancers""]","[""B"",""C""]",[],,,False,False,False,False,"{""confirm"":0,""weaken"":0,""retire"":0,""recover"":0}",no_legal_transition_triggered,"[{""rule_id"":""B.win5"",""actual"":0.4,""threshold"":0.8,""margin"":-0.4,""edge"":false},{""rule_id"":""B.win10"",""actual"":0.5,""threshold"":0.7,""margin"":-0.19999999999999996,""edge"":false},{""rule_id"":""C.trend"",""actual"":false,""threshold"":true,""margin"":null,""edge"":false}]"
P02,positive,2024-10-30,电力设备,S1,True,False,1,"[""A""]","[""B"",""C"",""D""]","[""enhancers""]",,,False,False,False,False,"{""confirm"":0,""weaken"":0,""retire"":0,""recover"":0}",no_legal_transition_triggered,"[{""rule_id"":""B.win5"",""actual"":0.2,""threshold"":0.8,""margin"":-0.6000000000000001,""edge"":false},{""rule_id"":""B.win10"",""actual"":0.5,""threshold"":0.7,""margin"":-0.19999999999999996,""edge"":false},{""rule_id"":""C.trend"",""actual"":false,""threshold"":true,""margin"":null,""edge"":false},{""rule_id"":""D.up"",""actual"":0.3776595744680851,""threshold"":0.4341317365269461,""margin"":-0.056472162058860964,""edge"":false},{""rule_id"":""D.newhigh"",""actual"":0.09703504043126684,""threshold"":0.1752021563342318,""margin"":-0.07816711590296496,""edge"":false},{""rule_id"":""E2"",""actual"":0.9838274932614556,""threshold"":0.9865229110512129,""margin"":-0.0026954177897573484,""edge"":true},{""rule_id"":""E3"",""actual"":0.09703504043126684,""threshold"":0.1752021563342318,""margin"":-0.07816711590296496,""edge"":false}]"
P02,positive,2024-10-31,电力设备,S1,True,False,3,"[""A"",""D"",""enhancers""]","[""B"",""C""]",[],,,False,False,False,False,"{""confirm"":0,""weaken"":0,""retire"":0,""recover"":0}",no_legal_transition_triggered,"[{""rule_id"":""B.win5"",""actual"":0.4,""threshold"":0.8,""margin"":-0.4,""edge"":false},{""rule_id"":""B.win10"",""actual"":0.6,""threshold"":0.7,""margin"":-0.09999999999999998,""edge"":true},{""rule_id"":""C.trend"",""actual"":false,""threshold"":true,""margin"":null,""edge"":false}]"
P02,positive,2024-11-01,电力设备,S1,True,False,1,"[""A""]","[""B"",""C"",""D""]","[""enhancers""]",,,False,False,False,False,"{""confirm"":0,""weaken"":0,""retire"":0,""recover"":0}",no_legal_transition_triggered,"[{""rule_id"":""B.win5"",""actual"":0.2,""threshold"":0.8,""margin"":-0.6000000000000001,""edge"":false},{""rule_id"":""B.win10"",""actual"":0.5,""threshold"":0.7,""margin"":-0.19999999999999996,""edge"":false},{""rule_id"":""C.trend"",""actual"":false,""threshold"":true,""margin"":null,""edge"":false},{""rule_id"":""D.up"",""actual"":0.1356382978723404,""threshold"":0.18154594796930562,""margin"":-0.04590765009696521,""edge"":false},{""rule_id"":""D.ma20"",""actual"":0.5187165775401069,""threshold"":0.6,""margin"":-0.08128342245989306,""edge"":false},{""rule_id"":""D.newhigh"",""actual"":0.05929919137466307,""threshold"":0.09433962264150944,""margin"":-0.03504043126684637,""edge"":false},{""rule_id"":""E2"",""actual"":0.967654986522911,""threshold"":0.9838274932614556,""margin"":-0.016172506738544534,""edge"":true},{""rule_id"":""E3"",""actual"":0.05929919137466307,""threshold"":0.09433962264150944,""margin"":-0.03504043126684637,""edge"":false}]"
P02,positive,2024-11-04,电力设备,S1,True,False,1,"[""D""]","[""A"",""B""]","[""C"",""enhancers""]",,,False,False,False,False,"{""confirm"":0,""weaken"":0,""retire"":0,""recover"":0}",no_legal_transition_triggered,"[{""rule_id"":""A.rank"",""actual"":0.3333333333333333,""threshold"":0.3,""margin"":-0.033333333333333326,""edge"":true},{""rule_id"":""B.win5"",""actual"":0.4,""threshold"":0.8,""margin"":-0.4,""edge"":false},{""rule_id"":""B.win10"",""actual"":0.5,""threshold"":0.7,""margin"":-0.19999999999999996,""edge"":false},{""rule_id"":""E2"",""actual"":0.9784366576819407,""threshold"":0.9838274932614556,""margin"":-0.005390835579514919,""edge"":true},{""rule_id"":""E3"",""actual"":0.08086253369272237,""threshold"":0.09703504043126684,""margin"":-0.01617250673854448,""edge"":false}]"
P02,positive,2024-11-05,电力设备,S1,True,False,2,"[""A"",""D""]","[""B"",""C""]","[""enhancers""]",,,False,False,False,False,"{""confirm"":0,""weaken"":0,""retire"":0,""recover"":0}",no_legal_transition_triggered,"[{""rule_id"":""B.win5"",""actual"":0.6,""threshold"":0.8,""margin"":-0.20000000000000007,""edge"":true},{""rule_id"":""B.win10"",""actual"":0.5,""threshold"":0.7,""margin"":-0.19999999999999996,""edge"":false},{""rule_id"":""C.percentile"",""actual"":0.3076923076923077,""threshold"":0.6,""margin"":-0.29230769230769227,""edge"":false},{""rule_id"":""E1"",""actual"":-0.00483479078069915,""threshold"":0,""margin"":-0.00483479078069915,""edge"":true},{""rule_id"":""E2"",""actual"":0.9838274932614556,""threshold"":0.9838274932614556,""margin"":0.0,""edge"":true}]"
P02,positive,2024-11-06,电力设备,S1,True,False,3,"[""B"",""D"",""enhancers""]","[""A"",""C""]",[],,,False,False,False,False,"{""confirm"":0,""weaken"":0,""retire"":0,""recover"":0}",no_legal_transition_triggered,"[{""rule_id"":""A.rank"",""actual"":0.4,""threshold"":0.3,""margin"":-0.10000000000000003,""edge"":false},{""rule_id"":""C.percentile"",""actual"":0.475,""threshold"":0.6,""margin"":-0.125,""edge"":false}]"
P02,positive,2024-11-07,电力设备,S0,True,False,2,"[""D"",""enhancers""]","[""A"",""B"",""C""]",[],,,False,False,False,False,"{""confirm"":0,""weaken"":0,""retire"":0,""recover"":0}",candidate_failed,"[{""rule_id"":""A.rank"",""actual"":0.4666666666666667,""threshold"":0.3,""margin"":-0.16666666666666669,""edge"":false},{""rule_id"":""B.win5"",""actual"":0.6,""threshold"":0.8,""margin"":-0.20000000000000007,""edge"":true},{""rule_id"":""B.win10"",""actual"":0.5,""threshold"":0.7,""margin"":-0.19999999999999996,""edge"":false},{""rule_id"":""C.percentile"",""actual"":0.43902439024390244,""threshold"":0.6,""margin"":-0.16097560975609754,""edge"":false}]"
P02,positive,2024-11-08,电力设备,S0,False,False,3,"[""B"",""D"",""enhancers""]","[""A"",""C""]",[],,,False,False,False,False,"{""confirm"":0,""weaken"":0,""retire"":0,""recover"":0}",no_legal_transition_triggered,"[{""rule_id"":""A.return"",""actual"":-0.014469813688171795,""threshold"":0,""margin"":-0.014469813688171795,""edge"":false},{""rule_id"":""A.rank"",""actual"":0.6666666666666666,""threshold"":0.3,""margin"":-0.36666666666666664,""edge"":false},{""rule_id"":""C.percentile"",""actual"":0.2857142857142857,""threshold"":0.6,""margin"":-0.3142857142857143,""edge"":false},{""rule_id"":""C.trend"",""actual"":false,""threshold"":true,""margin"":null,""edge"":false}]"
P02,positive,2024-11-11,电力设备,S1,False,False,5,"[""A"",""B"",""C"",""D"",""enhancers""]",[],[],,,False,False,False,True,"{""confirm"":0,""weaken"":0,""retire"":0,""recover"":0}",candidate,[]
P02,positive,2024-11-12,电力设备,S1,True,False,2,"[""A"",""C""]","[""B"",""D""]","[""enhancers""]",,,False,False,False,False,"{""confirm"":0,""weaken"":0,""retire"":0,""recover"":0}",no_legal_transition_triggered,"[{""rule_id"":""B.win5"",""actual"":0.6,""threshold"":0.8,""margin"":-0.20000000000000007,""edge"":true},{""rule_id"":""B.win10"",""actual"":0.6,""threshold"":0.7,""margin"":-0.09999999999999998,""edge"":true},{""rule_id"":""D.up"",""actual"":0.21750663129973474,""threshold"":0.2774869109947644,""margin"":-0.05998027969502967,""edge"":false},{""rule_id"":""D.newhigh"",""actual"":0.07837837837837838,""threshold"":0.15633423180592992,""margin"":-0.07795585342755154,""edge"":false},{""rule_id"":""E2"",""actual"":0.9864864864864865,""threshold"":0.9865229110512129,""margin"":-3.6424564726411646e-05,""edge"":true},{""rule_id"":""E3"",""actual"":0.07837837837837838,""threshold"":0.15633423180592992,""margin"":-0.07795585342755154,""edge"":false}]"
P03,positive,2024-11-18,银行,S1,True,False,5,"[""A"",""B"",""C"",""D"",""enhancers""]",[],[],,,False,False,False,True,"{""confirm"":1,""weaken"":0,""retire"":0,""recover"":0}",no_legal_transition_triggered,[]
P03,positive,2024-11-19,银行,S1,True,False,4,"[""A"",""B"",""D"",""enhancers""]","[""C""]",[],C,False,False,False,False,False,"{""confirm"":0,""weaken"":0,""retire"":0,""recover"":0}",no_legal_transition_triggered,"[{""rule_id"":""C.percentile"",""actual"":0.5306122448979592,""threshold"":0.6,""margin"":-0.06938775510204076,""edge"":false}]"
P03,positive,2024-11-20,银行,S1,True,False,0,[],"[""A"",""B"",""C"",""D""]","[""enhancers""]",,,False,False,False,False,"{""confirm"":0,""weaken"":0,""retire"":0,""recover"":0}",no_legal_transition_triggered,"[{""rule_id"":""A.return"",""actual"":-0.0017085451229441606,""threshold"":0,""margin"":-0.0017085451229441606,""edge"":true},{""rule_id"":""A.rank"",""actual"":0.6,""threshold"":0.3,""margin"":-0.3,""edge"":false},{""rule_id"":""B.win5"",""actual"":0.6,""threshold"":0.8,""margin"":-0.20000000000000007,""edge"":true},{""rule_id"":""B.win10"",""actual"":0.6,""threshold"":0.7,""margin"":-0.09999999999999998,""edge"":true},{""rule_id"":""C.percentile"",""actual"":0.36,""threshold"":0.6,""margin"":-0.24,""edge"":false},{""rule_id"":""C.trend"",""actual"":false,""threshold"":true,""margin"":null,""edge"":false},{""rule_id"":""D.up"",""actual"":0.09523809523809523,""threshold"":0.8535400709882309,""margin"":-0.7583019757501357,""edge"":false},{""rule_id"":""D.newhigh"",""actual"":0.0,""threshold"":0.023809523809523808,""margin"":-0.023809523809523808,""edge"":true},{""rule_id"":""E1"",""actual"":-0.08958695484641965,""threshold"":0,""margin"":-0.08958695484641965,""edge"":false},{""rule_id"":""E3"",""actual"":0.0,""threshold"":0.023809523809523808,""margin"":-0.023809523809523808,""edge"":true}]"
P03,positive,2024-11-21,银行,S0,True,False,0,[],"[""A"",""B"",""C"",""D"",""enhancers""]",[],,,False,False,False,False,"{""confirm"":0,""weaken"":0,""retire"":0,""recover"":0}",candidate_failed,"[{""rule_id"":""A.return"",""actual"":-0.00945094835474547,""threshold"":0,""margin"":-0.00945094835474547,""edge"":false},{""rule_id"":""A.rank"",""actual"":0.6,""threshold"":0.3,""margin"":-0.3,""edge"":false},{""rule_id"":""B.win5"",""actual"":0.4,""threshold"":0.8,""margin"":-0.4,""edge"":false},{""rule_id"":""B.win10"",""actual"":0.5,""threshold"":0.7,""margin"":-0.19999999999999996,""edge"":false},{""rule_id"":""C.percentile"",""actual"":0.0196078431372549,""threshold"":0.6,""margin"":-0.580392156862745,""edge"":false},{""rule_id"":""C.trend"",""actual"":false,""threshold"":true,""margin"":null,""edge"":false},{""rule_id"":""D.up"",""actual"":0.2857142857142857,""threshold"":0.4785287528005975,""margin"":-0.19281446708631178,""edge"":false},{""rule_id"":""D.newhigh"",""actual"":0.023809523809523808,""threshold"":0.07142857142857142,""margin"":-0.047619047619047616,""edge"":false},{""rule_id"":""E1"",""actual"":-0.09310264435037019,""threshold"":0,""margin"":-0.09310264435037019,""edge"":false},{""rule_id"":""E2"",""actual"":0.9761904761904762,""threshold"":1.0,""margin"":-0.023809523809523836,""edge"":false},{""rule_id"":""E3"",""actual"":0.023809523809523808,""threshold"":0.07142857142857142,""margin"":-0.047619047619047616,""edge"":false}]"
P03,positive,2024-11-22,银行,S0,False,False,0,[],"[""A"",""B"",""C"",""D"",""enhancers""]",[],,,False,False,False,False,"{""confirm"":0,""weaken"":0,""retire"":0,""recover"":0}",no_legal_transition_triggered,"[{""rule_id"":""A.rank"",""actual"":0.4,""threshold"":0.3,""margin"":-0.10000000000000003,""edge"":false},{""rule_id"":""B.win5"",""actual"":0.4,""threshold"":0.8,""margin"":-0.4,""edge"":false},{""rule_id"":""B.win10"",""actual"":0.6,""threshold"":0.7,""margin"":-0.09999999999999998,""edge"":true},{""rule_id"":""C.percentile"",""actual"":0.34615384615384615,""threshold"":0.6,""margin"":-0.25384615384615383,""edge"":false},{""rule_id"":""D.up"",""actual"":0.0,""threshold"":0.07989546387903677,""margin"":-0.07989546387903677,""edge"":false},{""rule_id"":""D.ma20"",""actual"":0.16666666666666666,""threshold"":0.6,""margin"":-0.43333333333333335,""edge"":false},{""rule_id"":""D.newhigh"",""actual"":0.0,""threshold"":0.09523809523809523,""margin"":-0.09523809523809523,""edge"":false},{""rule_id"":""E1"",""actual"":-0.05461573501250472,""threshold"":0,""margin"":-0.05461573501250472,""edge"":false},{""rule_id"":""E2"",""actual"":0.8095238095238095,""threshold"":1.0,""margin"":-0.19047619047619047,""edge"":false},{""rule_id"":""E3"",""actual"":0.0,""threshold"":0.09523809523809523,""margin"":-0.09523809523809523,""edge"":false}]"
P03,positive,2024-11-25,银行,S1,False,False,1,"[""A""]","[""B"",""C"",""D"",""enhancers""]",[],,,False,False,False,False,"{""confirm"":0,""weaken"":0,""retire"":0,""recover"":0}",candidate,"[{""rule_id"":""B.win5"",""actual"":0.2,""threshold"":0.8,""margin"":-0.6000000000000001,""edge"":false},{""rule_id"":""B.win10"",""actual"":0.6,""threshold"":0.7,""margin"":-0.09999999999999998,""edge"":true},{""rule_id"":""C.percentile"",""actual"":0.39622641509433965,""threshold"":0.6,""margin"":-0.20377358490566033,""edge"":false},{""rule_id"":""D.ma20"",""actual"":0.2857142857142857,""threshold"":0.6,""margin"":-0.3142857142857143,""edge"":false},{""rule_id"":""D.newhigh"",""actual"":0.0,""threshold"":0.0,""margin"":0.0,""edge"":true},{""rule_id"":""E1"",""actual"":-0.034830384838447914,""threshold"":0,""margin"":-0.034830384838447914,""edge"":false},{""rule_id"":""E2"",""actual"":0.8809523809523809,""threshold"":0.9761904761904762,""margin"":-0.09523809523809523,""edge"":false},{""rule_id"":""E3"",""actual"":0.0,""threshold"":0.0,""margin"":0.0,""edge"":true}]"
P03,positive,2024-11-26,银行,S1,True,False,1,"[""A""]","[""B"",""C"",""D"",""enhancers""]",[],,,False,False,False,False,"{""confirm"":0,""weaken"":0,""retire"":0,""recover"":0}",no_legal_transition_triggered,"[{""rule_id"":""B.win5"",""actual"":0.4,""threshold"":0.8,""margin"":-0.4,""edge"":false},{""rule_id"":""B.win10"",""actual"":0.6,""threshold"":0.7,""margin"":-0.09999999999999998,""edge"":true},{""rule_id"":""C.percentile"",""actual"":0.4444444444444444,""threshold"":0.6,""margin"":-0.15555555555555556,""edge"":false},{""rule_id"":""D.ma20"",""actual"":0.42857142857142855,""threshold"":0.6,""margin"":-0.17142857142857143,""edge"":false},{""rule_id"":""D.newhigh"",""actual"":0.0,""threshold"":0.023809523809523808,""margin"":-0.023809523809523808,""edge"":true},{""rule_id"":""E1"",""actual"":-0.029589692083394015,""threshold"":0,""margin"":-0.029589692083394015,""edge"":false},{""rule_id"":""E2"",""actual"":0.9523809523809523,""threshold"":0.9761904761904762,""margin"":-0.023809523809523836,""edge"":false},{""rule_id"":""E3"",""actual"":0.0,""threshold"":0.023809523809523808,""margin"":-0.023809523809523808,""edge"":true}]"
P03,positive,2024-11-27,银行,S1,True,False,3,"[""A"",""D"",""enhancers""]","[""B"",""C""]",[],,,False,False,False,False,"{""confirm"":0,""weaken"":0,""retire"":0,""recover"":0}",no_legal_transition_triggered,"[{""rule_id"":""B.win5"",""actual"":0.4,""threshold"":0.8,""margin"":-0.4,""edge"":false},{""rule_id"":""B.win10"",""actual"":0.5,""threshold"":0.7,""margin"":-0.19999999999999996,""edge"":false},{""rule_id"":""C.percentile"",""actual"":0.43636363636363634,""threshold"":0.6,""margin"":-0.16363636363636364,""edge"":false}]"
P03,positive,2024-11-28,银行,S0,True,False,1,"[""enhancers""]","[""A"",""B"",""C"",""D""]",[],,,False,False,False,False,"{""confirm"":0,""weaken"":0,""retire"":0,""recover"":0}",candidate_failed,"[{""rule_id"":""A.rank"",""actual"":0.3333333333333333,""threshold"":0.3,""margin"":-0.033333333333333326,""edge"":true},{""rule_id"":""B.win5"",""actual"":0.4,""threshold"":0.8,""margin"":-0.4,""edge"":false},{""rule_id"":""B.win10"",""actual"":0.4,""threshold"":0.7,""margin"":-0.29999999999999993,""edge"":false},{""rule_id"":""C.percentile"",""actual"":0.30357142857142855,""threshold"":0.6,""margin"":-0.29642857142857143,""edge"":false},{""rule_id"":""C.trend"",""actual"":false,""threshold"":true,""margin"":null,""edge"":false},{""rule_id"":""D.up"",""actual"":0.21428571428571427,""threshold"":0.4718073188946975,""margin"":-0.2575216046089832,""edge"":false},{""rule_id"":""D.ma20"",""actual"":0.5238095238095238,""threshold"":0.6,""margin"":-0.07619047619047614,""edge"":false}]"
P03,positive,2024-11-29,银行,S0,False,False,2,"[""D"",""enhancers""]","[""A"",""B"",""C""]",[],,,False,False,False,False,"{""confirm"":0,""weaken"":0,""retire"":0,""recover"":0}",no_legal_transition_triggered,"[{""rule_id"":""A.return"",""actual"":-0.01689304546082737,""threshold"":0,""margin"":-0.01689304546082737,""edge"":false},{""rule_id"":""A.rank"",""actual"":0.7666666666666667,""threshold"":0.3,""margin"":-0.46666666666666673,""edge"":false},{""rule_id"":""B.win5"",""actual"":0.2,""threshold"":0.8,""margin"":-0.6000000000000001,""edge"":false},{""rule_id"":""B.win10"",""actual"":0.3,""threshold"":0.7,""margin"":-0.39999999999999997,""edge"":false},{""rule_id"":""C.percentile"",""actual"":0.3684210526315789,""threshold"":0.6,""margin"":-0.23157894736842105,""edge"":false}]"
P03,positive,2024-12-02,银行,S0,False,False,0,[],"[""A"",""B"",""C"",""D"",""enhancers""]",[],,,False,False,False,False,"{""confirm"":0,""weaken"":0,""retire"":0,""recover"":0}",no_legal_transition_triggered,"[{""rule_id"":""A.return"",""actual"":-0.09371177217897353,""threshold"":0,""margin"":-0.09371177217897353,""edge"":false},{""rule_id"":""A.rank"",""actual"":1.0,""threshold"":0.3,""margin"":-0.7,""edge"":false},{""rule_id"":""B.win5"",""actual"":0.2,""threshold"":0.8,""margin"":-0.6000000000000001,""edge"":false},{""rule_id"":""B.win10"",""actual"":0.2,""threshold"":0.7,""margin"":-0.49999999999999994,""edge"":false},{""rule_id"":""C.percentile"",""actual"":0.3793103448275862,""threshold"":0.6,""margin"":-0.2206896551724138,""edge"":false},{""rule_id"":""D.up"",""actual"":0.30952380952380953,""threshold"":0.8658582089552239,""margin"":-0.5563343994314144,""edge"":false},{""rule_id"":""D.ma20"",""actual"":0.5476190476190477,""threshold"":0.6,""margin"":-0.052380952380952306,""edge"":false},{""rule_id"":""D.newhigh"",""actual"":0.0,""threshold"":0.023809523809523808,""margin"":-0.023809523809523808,""edge"":true},{""rule_id"":""E1"",""actual"":-0.08446959563410084,""threshold"":0,""margin"":-0.08446959563410084,""edge"":false},{""rule_id"":""E2"",""actual"":0.9761904761904762,""threshold"":0.9761904761904762,""margin"":0.0,""edge"":true},{""rule_id"":""E3"",""actual"":0.0,""threshold"":0.023809523809523808,""margin"":-0.023809523809523808,""edge"":true}]"
P03,positive,2024-12-03,银行,S0,False,False,2,"[""D"",""enhancers""]","[""A"",""B"",""C""]",[],,,False,False,False,False,"{""confirm"":0,""weaken"":0,""retire"":0,""recover"":0}",no_legal_transition_triggered,"[{""rule_id"":""A.return"",""actual"":-0.05726578314760711,""threshold"":0,""margin"":-0.05726578314760711,""edge"":false},{""rule_id"":""A.rank"",""actual"":1.0,""threshold"":0.3,""margin"":-0.7,""edge"":false},{""rule_id"":""B.win5"",""actual"":0.2,""threshold"":0.8,""margin"":-0.6000000000000001,""edge"":false},{""rule_id"":""B.win10"",""actual"":0.3,""threshold"":0.7,""margin"":-0.39999999999999997,""edge"":false},{""rule_id"":""C.percentile"",""actual"":0.4745762711864407,""threshold"":0.6,""margin"":-0.1254237288135593,""edge"":false}]"
P03,positive,2024-12-04,银行,S0,False,False,2,"[""D"",""enhancers""]","[""A"",""B"",""C""]",[],,,False,False,False,False,"{""confirm"":0,""weaken"":0,""retire"":0,""recover"":0}",no_legal_transition_triggered,"[{""rule_id"":""A.return"",""actual"":-0.010708569919294142,""threshold"":0,""margin"":-0.010708569919294142,""edge"":false},{""rule_id"":""A.rank"",""actual"":0.6333333333333333,""threshold"":0.3,""margin"":-0.3333333333333333,""edge"":false},{""rule_id"":""B.win5"",""actual"":0.4,""threshold"":0.8,""margin"":-0.4,""edge"":false},{""rule_id"":""B.win10"",""actual"":0.4,""threshold"":0.7,""margin"":-0.29999999999999993,""edge"":false},{""rule_id"":""C.percentile"",""actual"":0.4406779661016949,""threshold"":0.6,""margin"":-0.15932203389830507,""edge"":false}]"
P03,positive,2024-12-05,银行,S0,False,False,2,"[""D"",""enhancers""]","[""A"",""B"",""C""]",[],,,False,False,False,False,"{""confirm"":0,""weaken"":0,""retire"":0,""recover"":0}",no_legal_transition_triggered,"[{""rule_id"":""A.return"",""actual"":-0.016681660054095326,""threshold"":0,""margin"":-0.016681660054095326,""edge"":false},{""rule_id"":""A.rank"",""actual"":0.8,""threshold"":0.3,""margin"":-0.5,""edge"":false},{""rule_id"":""B.win5"",""actual"":0.4,""threshold"":0.8,""margin"":-0.4,""edge"":false},{""rule_id"":""B.win10"",""actual"":0.4,""threshold"":0.7,""margin"":-0.29999999999999993,""edge"":false},{""rule_id"":""C.percentile"",""actual"":0.288135593220339,""threshold"":0.6,""margin"":-0.311864406779661,""edge"":false},{""rule_id"":""C.trend"",""actual"":false,""threshold"":true,""margin"":null,""edge"":false}]"
P03,positive,2024-12-06,银行,S1,False,False,1,"[""D""]","[""A"",""B"",""C""]","[""enhancers""]",,,False,False,False,False,"{""confirm"":0,""weaken"":0,""retire"":0,""recover"":0}",candidate,"[{""rule_id"":""A.return"",""actual"":-0.02364763612316878,""threshold"":0,""margin"":-0.02364763612316878,""edge"":false},{""rule_id"":""A.rank"",""actual"":0.9,""threshold"":0.3,""margin"":-0.6000000000000001,""edge"":false},{""rule_id"":""B.win5"",""actual"":0.6,""threshold"":0.8,""margin"":-0.20000000000000007,""edge"":true},{""rule_id"":""B.win10"",""actual"":0.4,""threshold"":0.7,""margin"":-0.29999999999999993,""edge"":false},{""rule_id"":""C.percentile"",""actual"":0.4915254237288136,""threshold"":0.6,""margin"":-0.1084745762711864,""edge"":false},{""rule_id"":""E1"",""actual"":-0.008126545728369461,""threshold"":0,""margin"":-0.008126545728369461,""edge"":false},{""rule_id"":""E2"",""actual"":1.0,""threshold"":1.0,""margin"":0.0,""edge"":true}]"
P03,positive,2024-12-09,银行,S1,True,False,3,"[""B"",""D"",""enhancers""]","[""A"",""C""]",[],,,False,False,False,False,"{""confirm"":0,""weaken"":0,""retire"":0,""recover"":0}",no_legal_transition_triggered,"[{""rule_id"":""A.return"",""actual"":-0.00742082339764516,""threshold"":0,""margin"":-0.00742082339764516,""edge"":false},{""rule_id"":""A.rank"",""actual"":0.6666666666666666,""threshold"":0.3,""margin"":-0.36666666666666664,""edge"":false},{""rule_id"":""C.percentile"",""actual"":0.3728813559322034,""threshold"":0.6,""margin"":-0.22711864406779658,""edge"":false}]"
P03,positive,2024-12-10,银行,S1,True,False,2,"[""D"",""enhancers""]","[""A"",""B"",""C""]",[],,,False,False,False,False,"{""confirm"":0,""weaken"":0,""retire"":0,""recover"":0}",no_legal_transition_triggered,"[{""rule_id"":""A.return"",""actual"":-0.027192411010466877,""threshold"":0,""margin"":-0.027192411010466877,""edge"":false},{""rule_id"":""A.rank"",""actual"":0.8333333333333334,""threshold"":0.3,""margin"":-0.5333333333333334,""edge"":false},{""rule_id"":""B.win5"",""actual"":0.6,""threshold"":0.8,""margin"":-0.20000000000000007,""edge"":true},{""rule_id"":""B.win10"",""actual"":0.4,""threshold"":0.7,""margin"":-0.29999999999999993,""edge"":false},{""rule_id"":""C.percentile"",""actual"":0.559322033898305,""threshold"":0.6,""margin"":-0.04067796610169494,""edge"":false}]"
P03,positive,2024-12-11,银行,S0,True,False,0,[],"[""A"",""B"",""C"",""D""]","[""enhancers""]",,,False,False,False,False,"{""confirm"":0,""weaken"":0,""retire"":0,""recover"":0}",candidate_failed,"[{""rule_id"":""A.return"",""actual"":-0.042225926555363946,""threshold"":0,""margin"":-0.042225926555363946,""edge"":false},{""rule_id"":""A.rank"",""actual"":0.9666666666666667,""threshold"":0.3,""margin"":-0.6666666666666667,""edge"":false},{""rule_id"":""B.win5"",""actual"":0.4,""threshold"":0.8,""margin"":-0.4,""edge"":false},{""rule_id"":""B.win10"",""actual"":0.4,""threshold"":0.7,""margin"":-0.29999999999999993,""edge"":false},{""rule_id"":""C.percentile"",""actual"":0.4915254237288136,""threshold"":0.6,""margin"":-0.1084745762711864,""edge"":false},{""rule_id"":""D.up"",""actual"":0.19047619047619047,""threshold"":0.7180156657963447,""margin"":-0.5275394753201542,""edge"":false},{""rule_id"":""D.newhigh"",""actual"":0.023809523809523808,""threshold"":0.16666666666666666,""margin"":-0.14285714285714285,""edge"":false},{""rule_id"":""E2"",""actual"":0.9761904761904762,""threshold"":1.0,""margin"":-0.023809523809523836,""edge"":false},{""rule_id"":""E3"",""actual"":0.023809523809523808,""threshold"":0.16666666666666666,""margin"":-0.14285714285714285,""edge"":false}]"
P03,positive,2024-12-12,银行,S0,False,False,1,"[""D""]","[""A"",""B"",""C"",""enhancers""]",[],,,False,False,False,False,"{""confirm"":0,""weaken"":0,""retire"":0,""recover"":0}",no_legal_transition_triggered,"[{""rule_id"":""A.return"",""actual"":-0.03564522451593555,""threshold"":0,""margin"":-0.03564522451593555,""edge"":false},{""rule_id"":""A.rank"",""actual"":0.9666666666666667,""threshold"":0.3,""margin"":-0.6666666666666667,""edge"":false},{""rule_id"":""B.win5"",""actual"":0.6,""threshold"":0.8,""margin"":-0.20000000000000007,""edge"":true},{""rule_id"":""B.win10"",""actual"":0.5,""threshold"":0.7,""margin"":-0.19999999999999996,""edge"":false},{""rule_id"":""C.percentile"",""actual"":0.4406779661016949,""threshold"":0.6,""margin"":-0.15932203389830507,""edge"":false},{""rule_id"":""C.trend"",""actual"":false,""threshold"":true,""margin"":null,""edge"":false},{""rule_id"":""E1"",""actual"":-0.02386821026649777,""threshold"":0,""margin"":-0.02386821026649777,""edge"":false},{""rule_id"":""E2"",""actual"":1.0,""threshold"":1.0,""margin"":0.0,""edge"":true},{""rule_id"":""E3"",""actual"":0.14285714285714285,""threshold"":0.16666666666666666,""margin"":-0.023809523809523808,""edge"":true}]"
P03,positive,2024-12-13,银行,S0,False,False,1,"[""C""]","[""A"",""B"",""D"",""enhancers""]",[],,,False,False,False,False,"{""confirm"":0,""weaken"":0,""retire"":0,""recover"":0}",no_legal_transition_triggered,"[{""rule_id"":""A.return"",""actual"":-0.02549809230985489,""threshold"":0,""margin"":-0.02549809230985489,""edge"":false},{""rule_id"":""A.rank"",""actual"":0.9666666666666667,""threshold"":0.3,""margin"":-0.6666666666666667,""edge"":false},{""rule_id"":""B.win5"",""actual"":0.4,""threshold"":0.8,""margin"":-0.4,""edge"":false},{""rule_id"":""B.win10"",""actual"":0.5,""threshold"":0.7,""margin"":-0.19999999999999996,""edge"":false},{""rule_id"":""D.up"",""actual"":0.0,""threshold"":0.17135931381689354,""margin"":-0.17135931381689354,""edge"":false},{""rule_id"":""D.newhigh"",""actual"":0.0,""threshold"":0.16666666666666666,""margin"":-0.16666666666666666,""edge"":false},{""rule_id"":""E1"",""actual"":-0.04342247826606083,""threshold"":0,""margin"":-0.04342247826606083,""edge"":false},{""rule_id"":""E2"",""actual"":0.9285714285714286,""threshold"":1.0,""margin"":-0.0714285714285714,""edge"":false},{""rule_id"":""E3"",""actual"":0.0,""threshold"":0.16666666666666666,""margin"":-0.16666666666666666,""edge"":false}]"
P03,positive,2024-12-16,银行,S1,False,False,2,"[""C"",""D""]","[""A"",""B""]","[""enhancers""]",,,False,False,False,False,"{""confirm"":0,""weaken"":0,""retire"":0,""recover"":0}",candidate,"[{""rule_id"":""A.rank"",""actual"":0.36666666666666664,""threshold"":0.3,""margin"":-0.06666666666666665,""edge"":false},{""rule_id"":""B.win5"",""actual"":0.4,""threshold"":0.8,""margin"":-0.4,""edge"":false},{""rule_id"":""B.win10"",""actual"":0.6,""threshold"":0.7,""margin"":-0.09999999999999998,""edge"":true},{""rule_id"":""E1"",""actual"":-0.07964775878236696,""threshold"":0,""margin"":-0.07964775878236696,""edge"":false},{""rule_id"":""E2"",""actual"":0.9285714285714286,""threshold"":0.9761904761904762,""margin"":-0.04761904761904756,""edge"":false}]"
P03,positive,2024-12-17,银行,S1,True,False,1,"[""A""]","[""B"",""C"",""D"",""enhancers""]",[],,,False,False,False,False,"{""confirm"":0,""weaken"":0,""retire"":0,""recover"":0}",no_legal_transition_triggered,"[{""rule_id"":""B.win5"",""actual"":0.6,""threshold"":0.8,""margin"":-0.20000000000000007,""edge"":true},{""rule_id"":""B.win10"",""actual"":0.6,""threshold"":0.7,""margin"":-0.09999999999999998,""edge"":true},{""rule_id"":""C.trend"",""actual"":false,""threshold"":true,""margin"":null,""edge"":false},{""rule_id"":""D.ma20"",""actual"":0.5952380952380952,""threshold"":0.6,""margin"":-0.004761904761904745,""edge"":true},{""rule_id"":""D.newhigh"",""actual"":0.023809523809523808,""threshold"":0.14285714285714285,""margin"":-0.11904761904761904,""edge"":false},{""rule_id"":""E1"",""actual"":-0.02608535214060459,""threshold"":0,""margin"":-0.02608535214060459,""edge"":false},{""rule_id"":""E2"",""actual"":0.9047619047619048,""threshold"":1.0,""margin"":-0.09523809523809523,""edge"":false},{""rule_id"":""E3"",""actual"":0.023809523809523808,""threshold"":0.14285714285714285,""margin"":-0.11904761904761904,""edge"":false}]"
P03,positive,2024-12-18,银行,S1,True,False,5,"[""A"",""B"",""C"",""D"",""enhancers""]",[],[],,,False,False,False,True,"{""confirm"":1,""weaken"":0,""retire"":0,""recover"":0}",no_legal_transition_triggered,[]
P03,positive,2024-12-19,银行,S1,True,False,2,"[""A"",""C""]","[""B"",""D""]","[""enhancers""]",,,False,False,False,False,"{""confirm"":0,""weaken"":0,""retire"":0,""recover"":0}",no_legal_transition_triggered,"[{""rule_id"":""B.win5"",""actual"":0.6,""threshold"":0.8,""margin"":-0.20000000000000007,""edge"":true},{""rule_id"":""B.win10"",""actual"":0.6,""threshold"":0.7,""margin"":-0.09999999999999998,""edge"":true},{""rule_id"":""D.up"",""actual"":0.0,""threshold"":0.451174058889303,""margin"":-0.451174058889303,""edge"":false},{""rule_id"":""D.ma20"",""actual"":0.5476190476190477,""threshold"":0.6,""margin"":-0.052380952380952306,""edge"":false},{""rule_id"":""D.newhigh"",""actual"":0.0,""threshold"":0.09523809523809523,""margin"":-0.09523809523809523,""edge"":false},{""rule_id"":""E2"",""actual"":0.9047619047619048,""threshold"":0.9285714285714286,""margin"":-0.023809523809523836,""edge"":false},{""rule_id"":""E3"",""actual"":0.0,""threshold"":0.09523809523809523,""margin"":-0.09523809523809523,""edge"":false}]"
P03,positive,2024-12-20,银行,S1,True,False,0,[],"[""A"",""B"",""C"",""D"",""enhancers""]",[],,,False,False,False,False,"{""confirm"":0,""weaken"":0,""retire"":0,""recover"":0}",no_legal_transition_triggered,"[{""rule_id"":""A.rank"",""actual"":0.3333333333333333,""threshold"":0.3,""margin"":-0.033333333333333326,""edge"":true},{""rule_id"":""B.win5"",""actual"":0.6,""threshold"":0.8,""margin"":-0.20000000000000007,""edge"":true},{""rule_id"":""B.win10"",""actual"":0.5,""threshold"":0.7,""margin"":-0.19999999999999996,""edge"":false},{""rule_id"":""C.percentile"",""actual"":0.3898305084745763,""threshold"":0.6,""margin"":-0.2101694915254237,""edge"":false},{""rule_id"":""C.trend"",""actual"":false,""threshold"":true,""margin"":null,""edge"":false},{""rule_id"":""D.up"",""actual"":0.14285714285714285,""threshold"":0.6610137905329855,""margin"":-0.5181566476758426,""edge"":false},{""rule_id"":""D.ma20"",""actual"":0.47619047619047616,""threshold"":0.6,""margin"":-0.12380952380952381,""edge"":false},{""rule_id"":""D.newhigh"",""actual"":0.0,""threshold"":0.023809523809523808,""margin"":-0.023809523809523808,""edge"":true},{""rule_id"":""E1"",""actual"":-0.019132615740270253,""threshold"":0,""margin"":-0.019132615740270253,""edge"":false},{""rule_id"":""E2"",""actual"":0.7142857142857143,""threshold"":0.9047619047619048,""margin"":-0.19047619047619047,""edge"":false},{""rule_id"":""E3"",""actual"":0.0,""threshold"":0.023809523809523808,""margin"":-0.023809523809523808,""edge"":true}]"
P03,positive,2024-12-23,银行,S1,True,False,2,"[""A"",""C""]","[""B"",""D""]","[""enhancers""]",,,False,False,False,False,"{""confirm"":0,""weaken"":0,""retire"":0,""recover"":0}",no_legal_transition_triggered,"[{""rule_id"":""B.win5"",""actual"":0.6,""threshold"":0.8,""margin"":-0.20000000000000007,""edge"":true},{""rule_id"":""B.win10"",""actual"":0.5,""threshold"":0.7,""margin"":-0.19999999999999996,""edge"":false},{""rule_id"":""D.ma20"",""actual"":0.5714285714285714,""threshold"":0.6,""margin"":-0.02857142857142858,""edge"":false},{""rule_id"":""D.newhigh"",""actual"":0.16666666666666666,""threshold"":0.16666666666666666,""margin"":0.0,""edge"":true},{""rule_id"":""E2"",""actual"":0.7857142857142857,""threshold"":0.9523809523809523,""margin"":-0.16666666666666663,""edge"":false},{""rule_id"":""E3"",""actual"":0.16666666666666666,""threshold"":0.16666666666666666,""margin"":0.0,""edge"":true}]"
P03,positive,2024-12-24,银行,S1,True,False,4,"[""A"",""C"",""D"",""enhancers""]","[""B""]",[],B,False,True,False,True,False,"{""confirm"":0,""weaken"":0,""retire"":0,""recover"":0}",no_legal_transition_triggered,"[{""rule_id"":""B.win5"",""actual"":0.6,""threshold"":0.8,""margin"":-0.20000000000000007,""edge"":true},{""rule_id"":""B.win10"",""actual"":0.6,""threshold"":0.7,""margin"":-0.09999999999999998,""edge"":true}]"
P03,positive,2024-12-25,银行,S1,True,False,5,"[""A"",""B"",""C"",""D"",""enhancers""]",[],[],,,False,False,False,True,"{""confirm"":1,""weaken"":0,""retire"":0,""recover"":0}",no_legal_transition_triggered,[]
P03,positive,2024-12-26,银行,S1,True,False,3,"[""A"",""C"",""enhancers""]","[""B"",""D""]",[],,,False,False,False,False,"{""confirm"":0,""weaken"":0,""retire"":0,""recover"":0}",no_legal_transition_triggered,"[{""rule_id"":""B.win5"",""actual"":0.6,""threshold"":0.8,""margin"":-0.20000000000000007,""edge"":true},{""rule_id"":""B.win10"",""actual"":0.6,""threshold"":0.7,""margin"":-0.09999999999999998,""edge"":true},{""rule_id"":""D.up"",""actual"":0.09523809523809523,""threshold"":0.6786579683131407,""margin"":-0.5834198730750455,""edge"":false},{""rule_id"":""D.newhigh"",""actual"":0.09523809523809523,""threshold"":0.16666666666666666,""margin"":-0.07142857142857142,""edge"":false}]"
P03,positive,2024-12-27,银行,S1,True,False,3,"[""A"",""C"",""enhancers""]","[""B"",""D""]",[],,,False,False,False,False,"{""confirm"":0,""weaken"":0,""retire"":0,""recover"":0}",no_legal_transition_triggered,"[{""rule_id"":""B.win5"",""actual"":0.6,""threshold"":0.8,""margin"":-0.20000000000000007,""edge"":true},{""rule_id"":""B.win10"",""actual"":0.6,""threshold"":0.7,""margin"":-0.09999999999999998,""edge"":true},{""rule_id"":""D.up"",""actual"":0.5238095238095238,""threshold"":0.6596497764530551,""margin"":-0.13584025264353128,""edge"":false},{""rule_id"":""D.newhigh"",""actual"":0.047619047619047616,""threshold"":0.23809523809523808,""margin"":-0.19047619047619047,""edge"":false}]"
P03,positive,2024-12-30,银行,S1,True,False,4,"[""A"",""C"",""D"",""enhancers""]","[""B""]",[],B,False,True,False,True,False,"{""confirm"":0,""weaken"":0,""retire"":0,""recover"":0}",no_legal_transition_triggered,"[{""rule_id"":""B.win5"",""actual"":0.6,""threshold"":0.8,""margin"":-0.20000000000000007,""edge"":true},{""rule_id"":""B.win10"",""actual"":0.6,""threshold"":0.7,""margin"":-0.09999999999999998,""edge"":true}]"
P03,positive,2024-12-31,银行,S1,True,False,2,"[""A"",""C""]","[""B"",""D""]","[""enhancers""]",,,False,False,False,False,"{""confirm"":0,""weaken"":0,""retire"":0,""recover"":0}",no_legal_transition_triggered,"[{""rule_id"":""B.win5"",""actual"":0.6,""threshold"":0.8,""margin"":-0.20000000000000007,""edge"":true},{""rule_id"":""B.win10"",""actual"":0.6,""threshold"":0.7,""margin"":-0.09999999999999998,""edge"":true},{""rule_id"":""D.up"",""actual"":0.023809523809523808,""threshold"":0.13122087604846225,""margin"":-0.10741135223893844,""edge"":false},{""rule_id"":""D.newhigh"",""actual"":0.023809523809523808,""threshold"":0.09523809523809523,""margin"":-0.07142857142857142,""edge"":false},{""rule_id"":""E2"",""actual"":0.8095238095238095,""threshold"":0.8571428571428571,""margin"":-0.04761904761904756,""edge"":false},{""rule_id"":""E3"",""actual"":0.023809523809523808,""threshold"":0.09523809523809523,""margin"":-0.07142857142857142,""edge"":false}]"
P04,positive,2024-11-25,商贸零售,S1,True,False,2,"[""A"",""C""]","[""B"",""D""]","[""enhancers""]",,,False,False,False,False,"{""confirm"":0,""weaken"":0,""retire"":0,""recover"":0}",no_legal_transition_triggered,"[{""rule_id"":""B.win5"",""actual"":0.6,""threshold"":0.8,""margin"":-0.20000000000000007,""edge"":true},{""rule_id"":""B.win10"",""actual"":0.6,""threshold"":0.7,""margin"":-0.09999999999999998,""edge"":true},{""rule_id"":""D.ma20"",""actual"":0.5858585858585859,""threshold"":0.6,""margin"":-0.014141414141414121,""edge"":true},{""rule_id"":""D.newhigh"",""actual"":0.11224489795918367,""threshold"":0.1326530612244898,""margin"":-0.02040816326530613,""edge"":false},{""rule_id"":""E2"",""actual"":0.9897959183673469,""threshold"":1.0,""margin"":-0.010204081632653073,""edge"":true},{""rule_id"":""E3"",""actual"":0.11224489795918367,""threshold"":0.1326530612244898,""margin"":-0.02040816326530613,""edge"":false}]"
P04,positive,2024-11-26,商贸零售,S1,True,False,3,"[""A"",""B"",""C""]","[""D""]","[""enhancers""]",,,False,False,False,False,"{""confirm"":0,""weaken"":0,""retire"":0,""recover"":0}",no_legal_transition_triggered,"[{""rule_id"":""D.ma20"",""actual"":0.5757575757575758,""threshold"":0.6,""margin"":-0.024242424242424176,""edge"":false},{""rule_id"":""D.newhigh"",""actual"":0.10204081632653061,""threshold"":0.1326530612244898,""margin"":-0.03061224489795919,""edge"":false},{""rule_id"":""E2"",""actual"":0.9897959183673469,""threshold"":1.0,""margin"":-0.010204081632653073,""edge"":true},{""rule_id"":""E3"",""actual"":0.10204081632653061,""threshold"":0.1326530612244898,""margin"":-0.03061224489795919,""edge"":false}]"
P04,positive,2024-11-27,商贸零售,S1,True,False,5,"[""A"",""B"",""C"",""D"",""enhancers""]",[],[],,,False,False,False,True,"{""confirm"":1,""weaken"":0,""retire"":0,""recover"":0}",no_legal_transition_triggered,[]
P04,positive,2024-12-05,商贸零售,S3,False,False,2,"[""A"",""B""]","[""C"",""D""]","[""enhancers""]",,,False,False,False,False,"{""confirm"":0,""weaken"":0,""retire"":0,""recover"":0}",weaken,"[{""rule_id"":""C.trend"",""actual"":false,""threshold"":true,""margin"":null,""edge"":false},{""rule_id"":""D.up"",""actual"":0.5454545454545454,""threshold"":0.7121268656716417,""margin"":-0.16667232021709633,""edge"":false},{""rule_id"":""D.newhigh"",""actual"":0.10309278350515463,""threshold"":0.3917525773195876,""margin"":-0.28865979381443296,""edge"":false},{""rule_id"":""E2"",""actual"":1.0,""threshold"":1.0,""margin"":0.0,""edge"":true},{""rule_id"":""E3"",""actual"":0.10309278350515463,""threshold"":0.3917525773195876,""margin"":-0.28865979381443296,""edge"":false}]"
P04,positive,2024-12-06,商贸零售,S3,False,False,4,"[""A"",""B"",""D"",""enhancers""]","[""C""]",[],C,False,False,False,False,False,"{""confirm"":0,""weaken"":0,""retire"":0,""recover"":0}",no_legal_transition_triggered,"[{""rule_id"":""C.trend"",""actual"":false,""threshold"":true,""margin"":null,""edge"":false}]"
P04,positive,2024-12-09,商贸零售,S3,False,False,2,"[""A"",""B""]","[""C"",""D""]","[""enhancers""]",,,False,False,False,False,"{""confirm"":0,""weaken"":0,""retire"":0,""recover"":0}",no_legal_transition_triggered,"[{""rule_id"":""C.trend"",""actual"":false,""threshold"":true,""margin"":null,""edge"":false},{""rule_id"":""D.up"",""actual"":0.1414141414141414,""threshold"":0.38029483112520995,""margin"":-0.23888068971106854,""edge"":false},{""rule_id"":""D.newhigh"",""actual"":0.07216494845360824,""threshold"":0.14432989690721648,""margin"":-0.07216494845360824,""edge"":false},{""rule_id"":""E2"",""actual"":1.0,""threshold"":1.0,""margin"":0.0,""edge"":true},{""rule_id"":""E3"",""actual"":0.07216494845360824,""threshold"":0.14432989690721648,""margin"":-0.07216494845360824,""edge"":false}]"
P04,positive,2024-12-10,商贸零售,S3,False,False,5,"[""A"",""B"",""C"",""D"",""enhancers""]",[],[],,,False,False,False,True,"{""confirm"":0,""weaken"":0,""retire"":0,""recover"":1}",recover_requires_two_or_retire_requires_three_sessions,[]
P05,positive,2024-11-25,社会服务,S1,False,False,2,"[""C"",""D""]","[""A"",""B""]","[""enhancers""]",,,False,False,False,False,"{""confirm"":0,""weaken"":0,""retire"":0,""recover"":0}",candidate,"[{""rule_id"":""A.rank"",""actual"":0.6,""threshold"":0.3,""margin"":-0.3,""edge"":false},{""rule_id"":""B.win5"",""actual"":0.4,""threshold"":0.8,""margin"":-0.4,""edge"":false},{""rule_id"":""B.win10"",""actual"":0.5,""threshold"":0.7,""margin"":-0.19999999999999996,""edge"":false},{""rule_id"":""E1"",""actual"":-0.0007512888388567784,""threshold"":0,""margin"":-0.0007512888388567784,""edge"":true},{""rule_id"":""E2"",""actual"":0.922077922077922,""threshold"":0.961038961038961,""margin"":-0.038961038961038974,""edge"":false}]"
P05,positive,2024-11-26,社会服务,S1,True,False,1,"[""C""]","[""A"",""B"",""D""]","[""enhancers""]",,,False,False,False,False,"{""confirm"":0,""weaken"":0,""retire"":0,""recover"":0}",no_legal_transition_triggered,"[{""rule_id"":""A.rank"",""actual"":0.5333333333333333,""threshold"":0.3,""margin"":-0.23333333333333334,""edge"":false},{""rule_id"":""B.win5"",""actual"":0.6,""threshold"":0.8,""margin"":-0.20000000000000007,""edge"":true},{""rule_id"":""B.win10"",""actual"":0.5,""threshold"":0.7,""margin"":-0.19999999999999996,""edge"":false},{""rule_id"":""D.ma20"",""actual"":0.3717948717948718,""threshold"":0.6,""margin"":-0.22820512820512817,""edge"":false},{""rule_id"":""D.newhigh"",""actual"":0.03896103896103896,""threshold"":0.03896103896103896,""margin"":0.0,""edge"":true},{""rule_id"":""E2"",""actual"":0.922077922077922,""threshold"":0.961038961038961,""margin"":-0.038961038961038974,""edge"":false},{""rule_id"":""E3"",""actual"":0.03896103896103896,""threshold"":0.03896103896103896,""margin"":0.0,""edge"":true}]"
P05,positive,2024-11-27,社会服务,S1,True,False,2,"[""C"",""enhancers""]","[""A"",""B"",""D""]",[],,,False,False,False,False,"{""confirm"":0,""weaken"":0,""retire"":0,""recover"":0}",no_legal_transition_triggered,"[{""rule_id"":""A.rank"",""actual"":0.3333333333333333,""threshold"":0.3,""margin"":-0.033333333333333326,""edge"":true},{""rule_id"":""B.win5"",""actual"":0.6,""threshold"":0.8,""margin"":-0.20000000000000007,""edge"":true},{""rule_id"":""B.win10"",""actual"":0.5,""threshold"":0.7,""margin"":-0.19999999999999996,""edge"":false},{""rule_id"":""D.up"",""actual"":0.7948717948717948,""threshold"":0.8077640910787607,""margin"":-0.012892296206965859,""edge"":true},{""rule_id"":""D.ma20"",""actual"":0.44871794871794873,""threshold"":0.6,""margin"":-0.15128205128205124,""edge"":false}]"
P05,positive,2024-11-28,社会服务,S1,True,False,0,[],"[""A"",""B"",""C"",""D""]","[""enhancers""]",,,False,False,False,False,"{""confirm"":0,""weaken"":0,""retire"":0,""recover"":0}",no_legal_transition_triggered,"[{""rule_id"":""A.rank"",""actual"":0.5333333333333333,""threshold"":0.3,""margin"":-0.23333333333333334,""edge"":false},{""rule_id"":""B.win5"",""actual"":0.6,""threshold"":0.8,""margin"":-0.20000000000000007,""edge"":true},{""rule_id"":""B.win10"",""actual"":0.4,""threshold"":0.7,""margin"":-0.29999999999999993,""edge"":false},{""rule_id"":""C.trend"",""actual"":false,""threshold"":true,""margin"":null,""edge"":false},{""rule_id"":""D.up"",""actual"":0.46153846153846156,""threshold"":0.4718073188946975,""margin"":-0.01026885735623595,""edge"":true},{""rule_id"":""D.ma20"",""actual"":0.5128205128205128,""threshold"":0.6,""margin"":-0.0871794871794872,""edge"":false},{""rule_id"":""D.newhigh"",""actual"":0.03896103896103896,""threshold"":0.05194805194805195,""margin"":-0.012987012987012991,""edge"":false},{""rule_id"":""E1"",""actual"":-0.0003472901257450811,""threshold"":0,""margin"":-0.0003472901257450811,""edge"":true},{""rule_id"":""E3"",""actual"":0.03896103896103896,""threshold"":0.05194805194805195,""margin"":-0.012987012987012991,""edge"":false}]"
P05,positive,2024-11-29,社会服务,S0,True,False,2,"[""D"",""enhancers""]","[""A"",""B"",""C""]",[],,,False,False,False,False,"{""confirm"":0,""weaken"":0,""retire"":0,""recover"":0}",candidate_failed,"[{""rule_id"":""A.return"",""actual"":-0.00722408189858581,""threshold"":0,""margin"":-0.00722408189858581,""edge"":false},{""rule_id"":""A.rank"",""actual"":0.5,""threshold"":0.3,""margin"":-0.2,""edge"":false},{""rule_id"":""B.win5"",""actual"":0.4,""threshold"":0.8,""margin"":-0.4,""edge"":false},{""rule_id"":""B.win10"",""actual"":0.3,""threshold"":0.7,""margin"":-0.39999999999999997,""edge"":false},{""rule_id"":""C.percentile"",""actual"":0.21052631578947367,""threshold"":0.6,""margin"":-0.3894736842105263,""edge"":false},{""rule_id"":""C.trend"",""actual"":false,""threshold"":true,""margin"":null,""edge"":false}]"
P05,positive,2024-12-02,社会服务,S1,False,False,3,"[""C"",""D"",""enhancers""]","[""A"",""B""]",[],,,False,False,False,False,"{""confirm"":0,""weaken"":0,""retire"":0,""recover"":0}",candidate,"[{""rule_id"":""A.rank"",""actual"":0.4,""threshold"":0.3,""margin"":-0.10000000000000003,""edge"":false},{""rule_id"":""B.win5"",""actual"":0.2,""threshold"":0.8,""margin"":-0.6000000000000001,""edge"":false},{""rule_id"":""B.win10"",""actual"":0.3,""threshold"":0.7,""margin"":-0.39999999999999997,""edge"":false}]"
P05,positive,2024-12-03,社会服务,S1,True,False,2,"[""D"",""enhancers""]","[""A"",""B"",""C""]",[],,,False,False,False,False,"{""confirm"":0,""weaken"":0,""retire"":0,""recover"":0}",no_legal_transition_triggered,"[{""rule_id"":""A.rank"",""actual"":0.36666666666666664,""threshold"":0.3,""margin"":-0.06666666666666665,""edge"":false},{""rule_id"":""B.win5"",""actual"":0.0,""threshold"":0.8,""margin"":-0.8,""edge"":false},{""rule_id"":""B.win10"",""actual"":0.3,""threshold"":0.7,""margin"":-0.39999999999999997,""edge"":false},{""rule_id"":""C.percentile"",""actual"":0.5932203389830508,""threshold"":0.6,""margin"":-0.006779661016949157,""edge"":true}]"
P05,positive,2024-12-04,社会服务,S0,True,False,0,[],"[""A"",""B"",""C"",""D"",""enhancers""]",[],,,False,False,False,False,"{""confirm"":0,""weaken"":0,""retire"":0,""recover"":0}",candidate_failed,"[{""rule_id"":""A.rank"",""actual"":0.36666666666666664,""threshold"":0.3,""margin"":-0.06666666666666665,""edge"":false},{""rule_id"":""B.win5"",""actual"":0.0,""threshold"":0.8,""margin"":-0.8,""edge"":false},{""rule_id"":""B.win10"",""actual"":0.3,""threshold"":0.7,""margin"":-0.39999999999999997,""edge"":false},{""rule_id"":""C.percentile"",""actual"":0.22033898305084745,""threshold"":0.6,""margin"":-0.37966101694915255,""edge"":false},{""rule_id"":""C.trend"",""actual"":false,""threshold"":true,""margin"":null,""edge"":false},{""rule_id"":""D.up"",""actual"":0.11688311688311688,""threshold"":0.18249673446538534,""margin"":-0.06561361758226845,""edge"":false},{""rule_id"":""D.ma20"",""actual"":0.5454545454545454,""threshold"":0.6,""margin"":-0.054545454545454564,""edge"":false},{""rule_id"":""D.newhigh"",""actual"":0.02631578947368421,""threshold"":0.06493506493506493,""margin"":-0.03861927546138072,""edge"":false},{""rule_id"":""E1"",""actual"":-0.004080319238603636,""threshold"":0,""margin"":-0.004080319238603636,""edge"":true},{""rule_id"":""E2"",""actual"":0.9342105263157895,""threshold"":0.961038961038961,""margin"":-0.026828434723171535,""edge"":false},{""rule_id"":""E3"",""actual"":0.02631578947368421,""threshold"":0.06493506493506493,""margin"":-0.03861927546138072,""edge"":false}]"
P05,positive,2024-12-05,社会服务,S1,False,False,3,"[""A"",""C"",""D""]","[""B""]","[""enhancers""]",,,False,False,False,False,"{""confirm"":0,""weaken"":0,""retire"":0,""recover"":0}",candidate,"[{""rule_id"":""B.win5"",""actual"":0.2,""threshold"":0.8,""margin"":-0.6000000000000001,""edge"":false},{""rule_id"":""B.win10"",""actual"":0.4,""threshold"":0.7,""margin"":-0.29999999999999993,""edge"":false},{""rule_id"":""E1"",""actual"":-0.0028225897628819663,""threshold"":0,""margin"":-0.0028225897628819663,""edge"":true},{""rule_id"":""E2"",""actual"":0.9473684210526315,""threshold"":0.9736842105263158,""margin"":-0.026315789473684292,""edge"":false}]"
P05,positive,2024-12-06,社会服务,S1,True,False,4,"[""A"",""C"",""D"",""enhancers""]","[""B""]",[],B,False,False,False,False,False,"{""confirm"":0,""weaken"":0,""retire"":0,""recover"":0}",no_legal_transition_triggered,"[{""rule_id"":""B.win5"",""actual"":0.4,""threshold"":0.8,""margin"":-0.4,""edge"":false},{""rule_id"":""B.win10"",""actual"":0.4,""threshold"":0.7,""margin"":-0.29999999999999993,""edge"":false}]"
P05,positive,2024-12-09,社会服务,S1,True,False,3,"[""C"",""D"",""enhancers""]","[""A"",""B""]",[],,,False,False,False,False,"{""confirm"":0,""weaken"":0,""retire"":0,""recover"":0}",no_legal_transition_triggered,"[{""rule_id"":""A.rank"",""actual"":0.5,""threshold"":0.3,""margin"":-0.2,""edge"":false},{""rule_id"":""B.win5"",""actual"":0.4,""threshold"":0.8,""margin"":-0.4,""edge"":false},{""rule_id"":""B.win10"",""actual"":0.3,""threshold"":0.7,""margin"":-0.39999999999999997,""edge"":false}]"
P05,positive,2024-12-10,社会服务,S1,True,False,2,"[""C"",""D""]","[""A"",""B""]","[""enhancers""]",,,False,False,False,False,"{""confirm"":0,""weaken"":0,""retire"":0,""recover"":0}",no_legal_transition_triggered,"[{""rule_id"":""A.return"",""actual"":-0.002032030658751127,""threshold"":0,""margin"":-0.002032030658751127,""edge"":true},{""rule_id"":""A.rank"",""actual"":0.5,""threshold"":0.3,""margin"":-0.2,""edge"":false},{""rule_id"":""B.win5"",""actual"":0.6,""threshold"":0.8,""margin"":-0.20000000000000007,""edge"":true},{""rule_id"":""B.win10"",""actual"":0.3,""threshold"":0.7,""margin"":-0.39999999999999997,""edge"":false},{""rule_id"":""E2"",""actual"":0.9473684210526315,""threshold"":0.9473684210526315,""margin"":0.0,""edge"":true},{""rule_id"":""E3"",""actual"":0.07894736842105263,""threshold"":0.11842105263157894,""margin"":-0.039473684210526314,""edge"":false}]"
P05,positive,2024-12-11,社会服务,S1,True,False,3,"[""B"",""D"",""enhancers""]","[""A"",""C""]",[],,,False,False,False,False,"{""confirm"":0,""weaken"":0,""retire"":0,""recover"":0}",no_legal_transition_triggered,"[{""rule_id"":""A.rank"",""actual"":0.5,""threshold"":0.3,""margin"":-0.2,""edge"":false},{""rule_id"":""C.trend"",""actual"":false,""threshold"":true,""margin"":null,""edge"":false}]"
P05,positive,2024-12-12,社会服务,S1,True,False,5,"[""A"",""B"",""C"",""D"",""enhancers""]",[],[],,,False,False,False,True,"{""confirm"":1,""weaken"":0,""retire"":0,""recover"":0}",no_legal_transition_triggered,[]
P06,positive,2025-02-19,计算机,S3,False,False,3,"[""A"",""B"",""D""]","[""C""]","[""enhancers""]",,,False,False,False,False,"{""confirm"":0,""weaken"":0,""retire"":0,""recover"":0}",weaken,"[{""rule_id"":""C.trend"",""actual"":false,""threshold"":true,""margin"":null,""edge"":false},{""rule_id"":""E2"",""actual"":0.8845070422535212,""threshold"":0.9295774647887324,""margin"":-0.04507042253521121,""edge"":false},{""rule_id"":""E3"",""actual"":0.07605633802816901,""threshold"":0.2056338028169014,""margin"":-0.1295774647887324,""edge"":false}]"
P06,positive,2025-02-20,计算机,S3,False,False,1,"[""A""]","[""B"",""C"",""D""]","[""enhancers""]",,,False,False,False,False,"{""confirm"":0,""weaken"":0,""retire"":0,""recover"":0}",no_legal_transition_triggered,"[{""rule_id"":""B.win5"",""actual"":0.4,""threshold"":0.8,""margin"":-0.4,""edge"":false},{""rule_id"":""B.win10"",""actual"":0.6,""threshold"":0.7,""margin"":-0.09999999999999998,""edge"":true},{""rule_id"":""C.trend"",""actual"":false,""threshold"":true,""margin"":null,""edge"":false},{""rule_id"":""D.up"",""actual"":0.46814404432132967,""threshold"":0.6269959153360565,""margin"":-0.1588518710147268,""edge"":false},{""rule_id"":""D.newhigh"",""actual"":0.061971830985915494,""threshold"":0.14366197183098592,""margin"":-0.08169014084507042,""edge"":false},{""rule_id"":""E2"",""actual"":0.8929577464788733,""threshold"":0.9492957746478873,""margin"":-0.05633802816901401,""edge"":false},{""rule_id"":""E3"",""actual"":0.061971830985915494,""threshold"":0.14366197183098592,""margin"":-0.08169014084507042,""edge"":false}]"
P06,positive,2025-02-21,计算机,S3,False,False,4,"[""A"",""C"",""D"",""enhancers""]","[""B""]",[],B,False,False,False,True,False,"{""confirm"":0,""weaken"":0,""retire"":0,""recover"":0}",no_legal_transition_triggered,"[{""rule_id"":""B.win5"",""actual"":0.4,""threshold"":0.8,""margin"":-0.4,""edge"":false},{""rule_id"":""B.win10"",""actual"":0.6,""threshold"":0.7,""margin"":-0.09999999999999998,""edge"":true}]"
P06,positive,2025-02-24,计算机,S3,False,False,4,"[""A"",""C"",""D"",""enhancers""]","[""B""]",[],B,False,False,False,True,False,"{""confirm"":0,""weaken"":0,""retire"":0,""recover"":0}",no_legal_transition_triggered,"[{""rule_id"":""B.win5"",""actual"":0.4,""threshold"":0.8,""margin"":-0.4,""edge"":false},{""rule_id"":""B.win10"",""actual"":0.5,""threshold"":0.7,""margin"":-0.19999999999999996,""edge"":false}]"
P06,positive,2025-02-25,计算机,S3,False,False,4,"[""A"",""C"",""D"",""enhancers""]","[""B""]",[],B,False,False,False,True,False,"{""confirm"":0,""weaken"":0,""retire"":0,""recover"":0}",no_legal_transition_triggered,"[{""rule_id"":""B.win5"",""actual"":0.4,""threshold"":0.8,""margin"":-0.4,""edge"":false},{""rule_id"":""B.win10"",""actual"":0.5,""threshold"":0.7,""margin"":-0.19999999999999996,""edge"":false}]"
P06,positive,2025-02-26,计算机,S3,False,False,2,"[""A"",""C""]","[""B"",""D""]","[""enhancers""]",,,False,False,False,False,"{""confirm"":0,""weaken"":0,""retire"":0,""recover"":0}",no_legal_transition_triggered,"[{""rule_id"":""B.win5"",""actual"":0.4,""threshold"":0.8,""margin"":-0.4,""edge"":false},{""rule_id"":""B.win10"",""actual"":0.5,""threshold"":0.7,""margin"":-0.19999999999999996,""edge"":false},{""rule_id"":""D.up"",""actual"":0.6925207756232687,""threshold"":0.7893368010403121,""margin"":-0.09681602541704337,""edge"":false},{""rule_id"":""D.newhigh"",""actual"":0.12112676056338029,""threshold"":0.2,""margin"":-0.07887323943661972,""edge"":false},{""rule_id"":""E2"",""actual"":0.9408450704225352,""threshold"":0.9408450704225352,""margin"":0.0,""edge"":true},{""rule_id"":""E3"",""actual"":0.12112676056338029,""threshold"":0.2,""margin"":-0.07887323943661972,""edge"":false}]"
P06,positive,2025-02-27,计算机,S3,False,False,1,"[""A""]","[""B"",""C"",""D""]","[""enhancers""]",,,False,False,False,False,"{""confirm"":0,""weaken"":0,""retire"":0,""recover"":0}",no_legal_transition_triggered,"[{""rule_id"":""B.win5"",""actual"":0.4,""threshold"":0.8,""margin"":-0.4,""edge"":false},{""rule_id"":""B.win10"",""actual"":0.4,""threshold"":0.7,""margin"":-0.29999999999999993,""edge"":false},{""rule_id"":""C.trend"",""actual"":false,""threshold"":true,""margin"":null,""edge"":false},{""rule_id"":""D.up"",""actual"":0.20498614958448755,""threshold"":0.3963210702341137,""margin"":-0.19133492064962618,""edge"":false},{""rule_id"":""D.newhigh"",""actual"":0.061971830985915494,""threshold"":0.1267605633802817,""margin"":-0.0647887323943662,""edge"":false},{""rule_id"":""E2"",""actual"":0.9267605633802817,""threshold"":0.9352112676056338,""margin"":-0.008450704225352101,""edge"":true},{""rule_id"":""E3"",""actual"":0.061971830985915494,""threshold"":0.1267605633802817,""margin"":-0.0647887323943662,""edge"":false}]"
P06,positive,2025-02-28,计算机,S3,False,False,0,[],"[""A"",""B"",""C"",""D""]","[""enhancers""]",,,False,False,False,False,"{""confirm"":0,""weaken"":0,""retire"":1,""recover"":0}",recover_requires_two_or_retire_requires_three_sessions,"[{""rule_id"":""A.return"",""actual"":-0.05201286346910905,""threshold"":0,""margin"":-0.05201286346910905,""edge"":false},{""rule_id"":""A.rank"",""actual"":0.9666666666666667,""threshold"":0.3,""margin"":-0.6666666666666667,""edge"":false},{""rule_id"":""B.win5"",""actual"":0.2,""threshold"":0.8,""margin"":-0.6000000000000001,""edge"":false},{""rule_id"":""B.win10"",""actual"":0.3,""threshold"":0.7,""margin"":-0.39999999999999997,""edge"":false},{""rule_id"":""C.trend"",""actual"":false,""threshold"":true,""margin"":null,""edge"":false},{""rule_id"":""D.up"",""actual"":0.08333333333333333,""threshold"":0.10574242705816762,""margin"":-0.022409093724834295,""edge"":false},{""rule_id"":""D.ma20"",""actual"":0.31666666666666665,""threshold"":0.6,""margin"":-0.2833333333333333,""edge"":false},{""rule_id"":""D.newhigh"",""actual"":0.022535211267605635,""threshold"":0.059154929577464786,""margin"":-0.03661971830985915,""edge"":false},{""rule_id"":""E2"",""actual"":0.6873239436619718,""threshold"":0.923943661971831,""margin"":-0.23661971830985917,""edge"":false},{""rule_id"":""E3"",""actual"":0.022535211267605635,""threshold"":0.059154929577464786,""margin"":-0.03661971830985915,""edge"":false}]"
P06,positive,2025-03-03,计算机,S3,False,False,0,[],"[""A"",""B"",""C"",""D""]","[""enhancers""]",,,False,False,False,False,"{""confirm"":0,""weaken"":0,""retire"":2,""recover"":0}",recover_requires_two_or_retire_requires_three_sessions,"[{""rule_id"":""A.return"",""actual"":-0.044545681868795484,""threshold"":0,""margin"":-0.044545681868795484,""edge"":false},{""rule_id"":""A.rank"",""actual"":0.9666666666666667,""threshold"":0.3,""margin"":-0.6666666666666667,""edge"":false},{""rule_id"":""B.win5"",""actual"":0.4,""threshold"":0.8,""margin"":-0.4,""edge"":false},{""rule_id"":""B.win10"",""actual"":0.4,""threshold"":0.7,""margin"":-0.29999999999999993,""edge"":false},{""rule_id"":""C.trend"",""actual"":false,""threshold"":true,""margin"":null,""edge"":false},{""rule_id"":""D.ma20"",""actual"":0.3277777777777778,""threshold"":0.6,""margin"":-0.2722222222222222,""edge"":false},{""rule_id"":""D.newhigh"",""actual"":0.022535211267605635,""threshold"":0.12112676056338029,""margin"":-0.09859154929577466,""edge"":false},{""rule_id"":""E2"",""actual"":0.7211267605633803,""threshold"":0.9408450704225352,""margin"":-0.21971830985915486,""edge"":false},{""rule_id"":""E3"",""actual"":0.022535211267605635,""threshold"":0.12112676056338029,""margin"":-0.09859154929577466,""edge"":false}]"
P06,positive,2025-03-04,计算机,S4,False,False,0,[],"[""A"",""B"",""C"",""D""]","[""enhancers""]",,,False,False,False,False,"{""confirm"":0,""weaken"":0,""retire"":0,""recover"":0}",retire,"[{""rule_id"":""A.return"",""actual"":-0.016447716212399044,""threshold"":0,""margin"":-0.016447716212399044,""edge"":false},{""rule_id"":""A.rank"",""actual"":0.6,""threshold"":0.3,""margin"":-0.3,""edge"":false},{""rule_id"":""B.win5"",""actual"":0.6,""threshold"":0.8,""margin"":-0.20000000000000007,""edge"":true},{""rule_id"":""B.win10"",""actual"":0.5,""threshold"":0.7,""margin"":-0.19999999999999996,""edge"":false},{""rule_id"":""C.trend"",""actual"":false,""threshold"":true,""margin"":null,""edge"":false},{""rule_id"":""D.ma20"",""actual"":0.5027777777777778,""threshold"":0.6,""margin"":-0.09722222222222221,""edge"":false},{""rule_id"":""D.newhigh"",""actual"":0.04788732394366197,""threshold"":0.061971830985915494,""margin"":-0.014084507042253523,""edge"":false},{""rule_id"":""E2"",""actual"":0.8309859154929577,""threshold"":0.9267605633802817,""margin"":-0.09577464788732393,""edge"":false},{""rule_id"":""E3"",""actual"":0.04788732394366197,""threshold"":0.061971830985915494,""margin"":-0.014084507042253523,""edge"":false}]"
P06,positive,2025-03-05,计算机,S1,False,False,3,"[""C"",""D"",""enhancers""]","[""A"",""B""]",[],,,False,False,False,False,"{""confirm"":0,""weaken"":0,""retire"":0,""recover"":0}",new_lifecycle_reentry,"[{""rule_id"":""A.return"",""actual"":-0.012819460345528277,""threshold"":0,""margin"":-0.012819460345528277,""edge"":false},{""rule_id"":""A.rank"",""actual"":0.5333333333333333,""threshold"":0.3,""margin"":-0.23333333333333334,""edge"":false},{""rule_id"":""B.win5"",""actual"":0.6,""threshold"":0.8,""margin"":-0.20000000000000007,""edge"":true},{""rule_id"":""B.win10"",""actual"":0.5,""threshold"":0.7,""margin"":-0.19999999999999996,""edge"":false}]"
P06,positive,2025-03-06,计算机,S1,True,False,5,"[""A"",""B"",""C"",""D"",""enhancers""]",[],[],,,False,False,False,True,"{""confirm"":1,""weaken"":0,""retire"":0,""recover"":0}",no_legal_transition_triggered,[]
P06,positive,2025-03-07,计算机,S1,True,False,4,"[""B"",""C"",""D"",""enhancers""]","[""A""]",[],A,False,False,False,False,False,"{""confirm"":0,""weaken"":0,""retire"":0,""recover"":0}",no_legal_transition_triggered,"[{""rule_id"":""A.return"",""actual"":-0.009890499557324128,""threshold"":0,""margin"":-0.009890499557324128,""edge"":false},{""rule_id"":""A.rank"",""actual"":0.5666666666666667,""threshold"":0.3,""margin"":-0.26666666666666666,""edge"":false}]"
P06,positive,2025-03-10,计算机,S1,True,False,2,"[""C"",""enhancers""]","[""A"",""B"",""D""]",[],,,False,False,False,False,"{""confirm"":0,""weaken"":0,""retire"":0,""recover"":0}",no_legal_transition_triggered,"[{""rule_id"":""A.return"",""actual"":-0.015285002588172336,""threshold"":0,""margin"":-0.015285002588172336,""edge"":false},{""rule_id"":""A.rank"",""actual"":0.6666666666666666,""threshold"":0.3,""margin"":-0.36666666666666664,""edge"":false},{""rule_id"":""B.win5"",""actual"":0.6,""threshold"":0.8,""margin"":-0.20000000000000007,""edge"":true},{""rule_id"":""B.win10"",""actual"":0.5,""threshold"":0.7,""margin"":-0.19999999999999996,""edge"":false},{""rule_id"":""D.up"",""actual"":0.2646239554317549,""threshold"":0.6096336246977869,""margin"":-0.34500966926603205,""edge"":false},{""rule_id"":""D.ma20"",""actual"":0.532033426183844,""threshold"":0.6,""margin"":-0.067966573816156,""edge"":false}]"
P06,positive,2025-03-11,计算机,S0,True,False,0,[],"[""A"",""B"",""C"",""D""]","[""enhancers""]",,,False,False,False,False,"{""confirm"":0,""weaken"":0,""retire"":0,""recover"":0}",candidate_failed,"[{""rule_id"":""A.return"",""actual"":-0.016717327247081082,""threshold"":0,""margin"":-0.016717327247081082,""edge"":false},{""rule_id"":""A.rank"",""actual"":0.7666666666666667,""threshold"":0.3,""margin"":-0.46666666666666673,""edge"":false},{""rule_id"":""B.win5"",""actual"":0.4,""threshold"":0.8,""margin"":-0.4,""edge"":false},{""rule_id"":""B.win10"",""actual"":0.5,""threshold"":0.7,""margin"":-0.19999999999999996,""edge"":false},{""rule_id"":""C.percentile"",""actual"":0.559322033898305,""threshold"":0.6,""margin"":-0.04067796610169494,""edge"":false},{""rule_id"":""C.trend"",""actual"":false,""threshold"":true,""margin"":null,""edge"":false},{""rule_id"":""D.up"",""actual"":0.3871866295264624,""threshold"":0.5348577802565533,""margin"":-0.1476711507300909,""edge"":false},{""rule_id"":""D.ma20"",""actual"":0.5153203342618384,""threshold"":0.6,""margin"":-0.08467966573816155,""edge"":false},{""rule_id"":""D.newhigh"",""actual"":0.0480225988700565,""threshold"":0.1323943661971831,""margin"":-0.08437176732712659,""edge"":false},{""rule_id"":""E2"",""actual"":0.8785310734463276,""threshold"":0.9380281690140845,""margin"":-0.05949709556775684,""edge"":false},{""rule_id"":""E3"",""actual"":0.0480225988700565,""threshold"":0.1323943661971831,""margin"":-0.08437176732712659,""edge"":false}]"
P06,positive,2025-03-12,计算机,S0,False,False,1,"[""C""]","[""A"",""B"",""D""]","[""enhancers""]",,,False,False,False,False,"{""confirm"":0,""weaken"":0,""retire"":0,""recover"":0}",no_legal_transition_triggered,"[{""rule_id"":""A.return"",""actual"":-0.010267712526188522,""threshold"":0,""margin"":-0.010267712526188522,""edge"":false},{""rule_id"":""A.rank"",""actual"":0.5666666666666667,""threshold"":0.3,""margin"":-0.26666666666666666,""edge"":false},{""rule_id"":""B.win5"",""actual"":0.4,""threshold"":0.8,""margin"":-0.4,""edge"":false},{""rule_id"":""B.win10"",""actual"":0.5,""threshold"":0.7,""margin"":-0.19999999999999996,""edge"":false},{""rule_id"":""D.ma20"",""actual"":0.5821727019498607,""threshold"":0.6,""margin"":-0.017827298050139273,""edge"":true},{""rule_id"":""D.newhigh"",""actual"":0.05367231638418079,""threshold"":0.07605633802816901,""margin"":-0.02238402164398822,""edge"":false},{""rule_id"":""E2"",""actual"":0.9067796610169492,""threshold"":0.9098591549295775,""margin"":-0.003079493912628295,""edge"":true},{""rule_id"":""E3"",""actual"":0.05367231638418079,""threshold"":0.07605633802816901,""margin"":-0.02238402164398822,""edge"":false}]"
P06,positive,2025-03-13,计算机,S0,False,False,1,"[""C""]","[""A"",""B"",""D"",""enhancers""]",[],,,False,False,False,False,"{""confirm"":0,""weaken"":0,""retire"":0,""recover"":0}",no_legal_transition_triggered,"[{""rule_id"":""A.return"",""actual"":-0.009894752608250235,""threshold"":0,""margin"":-0.009894752608250235,""edge"":false},{""rule_id"":""A.rank"",""actual"":0.6666666666666666,""threshold"":0.3,""margin"":-0.36666666666666664,""edge"":false},{""rule_id"":""B.win5"",""actual"":0.2,""threshold"":0.8,""margin"":-0.6000000000000001,""edge"":false},{""rule_id"":""B.win10"",""actual"":0.5,""threshold"":0.7,""margin"":-0.19999999999999996,""edge"":false},{""rule_id"":""D.up"",""actual"":0.1532033426183844,""threshold"":0.2765285262962275,""margin"":-0.12332518367784309,""edge"":false},{""rule_id"":""D.ma20"",""actual"":0.38440111420612816,""threshold"":0.6,""margin"":-0.21559888579387182,""edge"":false},{""rule_id"":""D.newhigh"",""actual"":0.03954802259887006,""threshold"":0.05367231638418079,""margin"":-0.01412429378531073,""edge"":false},{""rule_id"":""E1"",""actual"":-0.005955783969257,""threshold"":0,""margin"":-0.005955783969257,""edge"":false},{""rule_id"":""E2"",""actual"":0.8248587570621468,""threshold"":0.8813559322033898,""margin"":-0.05649717514124297,""edge"":false},{""rule_id"":""E3"",""actual"":0.03954802259887006,""threshold"":0.05367231638418079,""margin"":-0.01412429378531073,""edge"":false}]"
P06,positive,2025-03-14,计算机,S0,False,False,2,"[""A"",""enhancers""]","[""B"",""C"",""D""]",[],,,False,False,False,False,"{""confirm"":0,""weaken"":0,""retire"":0,""recover"":0}",no_legal_transition_triggered,"[{""rule_id"":""B.win5"",""actual"":0.4,""threshold"":0.8,""margin"":-0.4,""edge"":false},{""rule_id"":""B.win10"",""actual"":0.6,""threshold"":0.7,""margin"":-0.09999999999999998,""edge"":true},{""rule_id"":""C.percentile"",""actual"":0.4915254237288136,""threshold"":0.6,""margin"":-0.1084745762711864,""edge"":false},{""rule_id"":""C.trend"",""actual"":false,""threshold"":true,""margin"":null,""edge"":false},{""rule_id"":""D.up"",""actual"":0.8184357541899442,""threshold"":0.834850455136541,""margin"":-0.016414700946596805,""edge"":true},{""rule_id"":""D.ma20"",""actual"":0.5167597765363129,""threshold"":0.6,""margin"":-0.08324022346368709,""edge"":false}]"
P07,positive,2025-02-14,机械设备,S3,False,False,0,[],"[""A"",""B"",""C"",""D""]","[""enhancers""]",,,False,False,False,False,"{""confirm"":0,""weaken"":0,""retire"":0,""recover"":0}",weaken,"[{""rule_id"":""A.return"",""actual"":-0.017930078755835632,""threshold"":0,""margin"":-0.017930078755835632,""edge"":false},{""rule_id"":""A.rank"",""actual"":0.4,""threshold"":0.3,""margin"":-0.10000000000000003,""edge"":false},{""rule_id"":""B.win5"",""actual"":0.4,""threshold"":0.8,""margin"":-0.4,""edge"":false},{""rule_id"":""B.win10"",""actual"":0.5,""threshold"":0.7,""margin"":-0.19999999999999996,""edge"":false},{""rule_id"":""C.percentile"",""actual"":0.2033898305084746,""threshold"":0.6,""margin"":-0.3966101694915254,""edge"":false},{""rule_id"":""C.trend"",""actual"":false,""threshold"":true,""margin"":null,""edge"":false},{""rule_id"":""D.up"",""actual"":0.3653516295025729,""threshold"":0.4455794947994057,""margin"":-0.08022786529683279,""edge"":false},{""rule_id"":""D.newhigh"",""actual"":0.02292768959435626,""threshold"":0.042328042328042326,""margin"":-0.019400352733686066,""edge"":false},{""rule_id"":""E2"",""actual"":0.48677248677248675,""threshold"":0.5925925925925926,""margin"":-0.10582010582010581,""edge"":false},{""rule_id"":""E3"",""actual"":0.02292768959435626,""threshold"":0.042328042328042326,""margin"":-0.019400352733686066,""edge"":false}]"
P07,positive,2025-02-17,机械设备,S3,False,False,2,"[""D"",""enhancers""]","[""A"",""B"",""C""]",[],,,False,False,False,False,"{""confirm"":0,""weaken"":0,""retire"":0,""recover"":0}",no_legal_transition_triggered,"[{""rule_id"":""A.return"",""actual"":-0.007054582919409524,""threshold"":0,""margin"":-0.007054582919409524,""edge"":false},{""rule_id"":""B.win5"",""actual"":0.6,""threshold"":0.8,""margin"":-0.20000000000000007,""edge"":true},{""rule_id"":""B.win10"",""actual"":0.5,""threshold"":0.7,""margin"":-0.19999999999999996,""edge"":false},{""rule_id"":""C.percentile"",""actual"":0.3389830508474576,""threshold"":0.6,""margin"":-0.26101694915254237,""edge"":false}]"
P07,positive,2025-02-18,机械设备,S3,False,False,3,"[""A"",""D"",""enhancers""]","[""B"",""C""]",[],,,False,False,False,False,"{""confirm"":0,""weaken"":0,""retire"":0,""recover"":0}",no_legal_transition_triggered,"[{""rule_id"":""B.win5"",""actual"":0.6,""threshold"":0.8,""margin"":-0.20000000000000007,""edge"":true},{""rule_id"":""B.win10"",""actual"":0.6,""threshold"":0.7,""margin"":-0.09999999999999998,""edge"":true},{""rule_id"":""C.percentile"",""actual"":0.5254237288135594,""threshold"":0.6,""margin"":-0.07457627118644061,""edge"":false}]"
P07,positive,2025-02-19,机械设备,S3,False,False,4,"[""A"",""C"",""D"",""enhancers""]","[""B""]",[],B,False,True,False,True,False,"{""confirm"":0,""weaken"":0,""retire"":0,""recover"":0}",no_legal_transition_triggered,"[{""rule_id"":""B.win5"",""actual"":0.6,""threshold"":0.8,""margin"":-0.20000000000000007,""edge"":true},{""rule_id"":""B.win10"",""actual"":0.6,""threshold"":0.7,""margin"":-0.09999999999999998,""edge"":true}]"
P07,positive,2025-02-20,机械设备,S3,False,False,5,"[""A"",""B"",""C"",""D"",""enhancers""]",[],[],,,False,False,False,True,"{""confirm"":0,""weaken"":0,""retire"":0,""recover"":1}",recover_requires_two_or_retire_requires_three_sessions,[]
P07,positive,2025-02-28,机械设备,S3,False,False,2,"[""A"",""B""]","[""C"",""D""]","[""enhancers""]",,,False,False,False,False,"{""confirm"":0,""weaken"":0,""retire"":0,""recover"":0}",weaken,"[{""rule_id"":""C.trend"",""actual"":false,""threshold"":true,""margin"":null,""edge"":false},{""rule_id"":""D.up"",""actual"":0.06689536878216124,""threshold"":0.10574242705816762,""margin"":-0.03884705827600639,""edge"":false},{""rule_id"":""D.ma20"",""actual"":0.5637931034482758,""threshold"":0.6,""margin"":-0.036206896551724155,""edge"":false},{""rule_id"":""D.newhigh"",""actual"":0.01763668430335097,""threshold"":0.1128747795414462,""margin"":-0.09523809523809523,""edge"":false},{""rule_id"":""E2"",""actual"":0.6807760141093474,""threshold"":0.8024691358024691,""margin"":-0.12169312169312174,""edge"":false},{""rule_id"":""E3"",""actual"":0.01763668430335097,""threshold"":0.1128747795414462,""margin"":-0.09523809523809523,""edge"":false}]"
P07,positive,2025-03-03,机械设备,S3,False,False,2,"[""A"",""B""]","[""C"",""D""]","[""enhancers""]",,,False,False,False,False,"{""confirm"":0,""weaken"":0,""retire"":0,""recover"":0}",no_legal_transition_triggered,"[{""rule_id"":""C.percentile"",""actual"":0.4915254237288136,""threshold"":0.6,""margin"":-0.1084745762711864,""edge"":false},{""rule_id"":""C.trend"",""actual"":false,""threshold"":true,""margin"":null,""edge"":false},{""rule_id"":""D.up"",""actual"":0.5643224699828473,""threshold"":0.5989960959286112,""margin"":-0.03467362594576395,""edge"":false},{""rule_id"":""D.ma20"",""actual"":0.5679862306368331,""threshold"":0.6,""margin"":-0.03201376936316691,""edge"":false},{""rule_id"":""D.newhigh"",""actual"":0.04225352112676056,""threshold"":0.1763668430335097,""margin"":-0.13411332190674913,""edge"":false},{""rule_id"":""E2"",""actual"":0.6830985915492958,""threshold"":0.8659611992945326,""margin"":-0.18286260774523688,""edge"":false},{""rule_id"":""E3"",""actual"":0.04225352112676056,""threshold"":0.1763668430335097,""margin"":-0.13411332190674913,""edge"":false}]"
P07,positive,2025-03-04,机械设备,S3,False,True,4,"[""A"",""B"",""C"",""D""]",[],"[""enhancers""]",enhancers,,False,False,False,,"{""confirm"":0,""weaken"":0,""retire"":0,""recover"":0}",rule_evidence_unavailable:recover,"[{""rule_id"":""E2"",""actual"":0.7869718309859155,""threshold"":0.855379188712522,""margin"":-0.06840735772660655,""edge"":false},{""rule_id"":""E3"",""actual"":0.06690140845070422,""threshold"":0.08994708994708994,""margin"":-0.023045681496385723,""edge"":false}]"
P07,positive,2025-03-05,机械设备,S3,False,False,5,"[""A"",""B"",""C"",""D"",""enhancers""]",[],[],,,False,False,False,True,"{""confirm"":0,""weaken"":0,""retire"":0,""recover"":1}",recover_requires_two_or_retire_requires_three_sessions,[]
P07,positive,2025-03-06,机械设备,S3,False,False,3,"[""A"",""D"",""enhancers""]","[""B"",""C""]",[],,,False,False,False,False,"{""confirm"":0,""weaken"":0,""retire"":0,""recover"":0}",no_legal_transition_triggered,"[{""rule_id"":""B.win5"",""actual"":0.4,""threshold"":0.8,""margin"":-0.4,""edge"":false},{""rule_id"":""B.win10"",""actual"":0.6,""threshold"":0.7,""margin"":-0.09999999999999998,""edge"":true},{""rule_id"":""C.percentile"",""actual"":0.559322033898305,""threshold"":0.6,""margin"":-0.04067796610169494,""edge"":false}]"
P07,positive,2025-03-07,机械设备,S3,False,False,4,"[""A"",""C"",""D"",""enhancers""]","[""B""]",[],B,False,True,False,True,False,"{""confirm"":0,""weaken"":0,""retire"":0,""recover"":0}",no_legal_transition_triggered,"[{""rule_id"":""B.win5"",""actual"":0.6,""threshold"":0.8,""margin"":-0.20000000000000007,""edge"":true},{""rule_id"":""B.win10"",""actual"":0.6,""threshold"":0.7,""margin"":-0.09999999999999998,""edge"":true}]"
P07,positive,2025-03-10,机械设备,S3,False,False,5,"[""A"",""B"",""C"",""D"",""enhancers""]",[],[],,,False,False,False,True,"{""confirm"":0,""weaken"":0,""retire"":0,""recover"":1}",recover_requires_two_or_retire_requires_three_sessions,[]
P07,positive,2025-03-11,机械设备,S3,False,False,4,"[""A"",""C"",""D"",""enhancers""]","[""B""]",[],B,False,False,False,True,False,"{""confirm"":0,""weaken"":0,""retire"":0,""recover"":0}",no_legal_transition_triggered,"[{""rule_id"":""B.win5"",""actual"":0.6,""threshold"":0.8,""margin"":-0.20000000000000007,""edge"":true},{""rule_id"":""B.win10"",""actual"":0.5,""threshold"":0.7,""margin"":-0.19999999999999996,""edge"":false}]"
P07,positive,2025-03-12,机械设备,S3,False,False,3,"[""A"",""D"",""enhancers""]","[""B"",""C""]",[],,,False,False,False,False,"{""confirm"":0,""weaken"":0,""retire"":0,""recover"":0}",no_legal_transition_triggered,"[{""rule_id"":""B.win5"",""actual"":0.4,""threshold"":0.8,""margin"":-0.4,""edge"":false},{""rule_id"":""B.win10"",""actual"":0.4,""threshold"":0.7,""margin"":-0.29999999999999993,""edge"":false},{""rule_id"":""C.trend"",""actual"":false,""threshold"":true,""margin"":null,""edge"":false}]"
P07,positive,2025-03-13,机械设备,S3,False,False,1,"[""C""]","[""A"",""B"",""D""]","[""enhancers""]",,,False,False,False,False,"{""confirm"":0,""weaken"":0,""retire"":0,""recover"":0}",no_legal_transition_triggered,"[{""rule_id"":""A.rank"",""actual"":0.36666666666666664,""threshold"":0.3,""margin"":-0.06666666666666665,""edge"":false},{""rule_id"":""B.win5"",""actual"":0.4,""threshold"":0.8,""margin"":-0.4,""edge"":false},{""rule_id"":""B.win10"",""actual"":0.4,""threshold"":0.7,""margin"":-0.29999999999999993,""edge"":false},{""rule_id"":""D.up"",""actual"":0.18867924528301888,""threshold"":0.2765285262962275,""margin"":-0.0878492810132086,""edge"":false},{""rule_id"":""D.newhigh"",""actual"":0.06491228070175438,""threshold"":0.12698412698412698,""margin"":-0.0620718462823726,""edge"":false},{""rule_id"":""E2"",""actual"":0.8491228070175438,""threshold"":0.8747795414462081,""margin"":-0.02565673442866423,""edge"":false},{""rule_id"":""E3"",""actual"":0.06491228070175438,""threshold"":0.12698412698412698,""margin"":-0.0620718462823726,""edge"":false}]"
P07,positive,2025-03-14,机械设备,S3,False,False,2,"[""A"",""enhancers""]","[""B"",""C"",""D""]",[],,,False,False,False,False,"{""confirm"":0,""weaken"":0,""retire"":0,""recover"":0}",no_legal_transition_triggered,"[{""rule_id"":""B.win5"",""actual"":0.2,""threshold"":0.8,""margin"":-0.6000000000000001,""edge"":false},{""rule_id"":""B.win10"",""actual"":0.4,""threshold"":0.7,""margin"":-0.29999999999999993,""edge"":false},{""rule_id"":""C.percentile"",""actual"":0.288135593220339,""threshold"":0.6,""margin"":-0.311864406779661,""edge"":false},{""rule_id"":""D.up"",""actual"":0.8113207547169812,""threshold"":0.834850455136541,""margin"":-0.023529700419559818,""edge"":false},{""rule_id"":""D.newhigh"",""actual"":0.09807355516637478,""threshold"":0.12698412698412698,""margin"":-0.028910571817752195,""edge"":false}]"
P07,positive,2025-03-17,机械设备,S3,False,False,3,"[""A"",""D"",""enhancers""]","[""B"",""C""]",[],,,False,False,False,False,"{""confirm"":0,""weaken"":0,""retire"":0,""recover"":0}",no_legal_transition_triggered,"[{""rule_id"":""B.win5"",""actual"":0.2,""threshold"":0.8,""margin"":-0.6000000000000001,""edge"":false},{""rule_id"":""B.win10"",""actual"":0.5,""threshold"":0.7,""margin"":-0.19999999999999996,""edge"":false},{""rule_id"":""C.percentile"",""actual"":0.4915254237288136,""threshold"":0.6,""margin"":-0.1084745762711864,""edge"":false}]"
P07,positive,2025-03-18,机械设备,S3,False,False,4,"[""A"",""C"",""D"",""enhancers""]","[""B""]",[],B,False,False,False,True,False,"{""confirm"":0,""weaken"":0,""retire"":0,""recover"":0}",no_legal_transition_triggered,"[{""rule_id"":""B.win5"",""actual"":0.4,""threshold"":0.8,""margin"":-0.4,""edge"":false},{""rule_id"":""B.win10"",""actual"":0.5,""threshold"":0.7,""margin"":-0.19999999999999996,""edge"":false}]"
P08,positive,2025-02-14,汽车,S3,False,False,2,"[""A"",""D""]","[""B"",""C""]","[""enhancers""]",,,False,False,False,False,"{""confirm"":0,""weaken"":0,""retire"":0,""recover"":0}",weaken,"[{""rule_id"":""B.win5"",""actual"":0.4,""threshold"":0.8,""margin"":-0.4,""edge"":false},{""rule_id"":""B.win10"",""actual"":0.5,""threshold"":0.7,""margin"":-0.19999999999999996,""edge"":false},{""rule_id"":""C.percentile"",""actual"":0.4576271186440678,""threshold"":0.6,""margin"":-0.14237288135593218,""edge"":false},{""rule_id"":""E2"",""actual"":0.607773851590106,""threshold"":0.6784452296819788,""margin"":-0.07067137809187285,""edge"":false},{""rule_id"":""E3"",""actual"":0.0636042402826855,""threshold"":0.07773851590106007,""margin"":-0.014134275618374562,""edge"":false}]"
P08,positive,2025-02-17,汽车,S3,False,False,2,"[""A"",""D""]","[""B"",""C""]","[""enhancers""]",,,False,False,False,False,"{""confirm"":0,""weaken"":0,""retire"":0,""recover"":0}",no_legal_transition_triggered,"[{""rule_id"":""B.win5"",""actual"":0.6,""threshold"":0.8,""margin"":-0.20000000000000007,""edge"":true},{""rule_id"":""B.win10"",""actual"":0.5,""threshold"":0.7,""margin"":-0.19999999999999996,""edge"":false},{""rule_id"":""C.percentile"",""actual"":0.13559322033898305,""threshold"":0.6,""margin"":-0.46440677966101696,""edge"":false},{""rule_id"":""E2"",""actual"":0.7173144876325088,""threshold"":0.7279151943462897,""margin"":-0.010600706713780883,""edge"":true},{""rule_id"":""E3"",""actual"":0.07773851590106007,""threshold"":0.11307420494699646,""margin"":-0.0353356890459364,""edge"":false}]"
P08,positive,2025-02-18,汽车,S3,False,False,3,"[""A"",""D"",""enhancers""]","[""B"",""C""]",[],,,False,False,False,False,"{""confirm"":0,""weaken"":0,""retire"":0,""recover"":0}",no_legal_transition_triggered,"[{""rule_id"":""B.win5"",""actual"":0.6,""threshold"":0.8,""margin"":-0.20000000000000007,""edge"":true},{""rule_id"":""B.win10"",""actual"":0.6,""threshold"":0.7,""margin"":-0.09999999999999998,""edge"":true},{""rule_id"":""C.percentile"",""actual"":0.3898305084745763,""threshold"":0.6,""margin"":-0.2101694915254237,""edge"":false}]"
P08,positive,2025-02-19,汽车,S3,False,False,5,"[""A"",""B"",""C"",""D"",""enhancers""]",[],[],,,False,False,False,True,"{""confirm"":0,""weaken"":0,""retire"":0,""recover"":1}",recover_requires_two_or_retire_requires_three_sessions,[]
P08,positive,2025-03-03,汽车,S3,False,False,1,"[""A""]","[""B"",""C"",""D""]","[""enhancers""]",,,False,False,False,False,"{""confirm"":0,""weaken"":0,""retire"":0,""recover"":0}",weaken,"[{""rule_id"":""B.win5"",""actual"":0.4,""threshold"":0.8,""margin"":-0.4,""edge"":false},{""rule_id"":""B.win10"",""actual"":0.5,""threshold"":0.7,""margin"":-0.19999999999999996,""edge"":false},{""rule_id"":""C.trend"",""actual"":false,""threshold"":true,""margin"":null,""edge"":false},{""rule_id"":""D.up"",""actual"":0.506896551724138,""threshold"":0.5989960959286112,""margin"":-0.0920995442044733,""edge"":false},{""rule_id"":""D.ma20"",""actual"":0.5104166666666666,""threshold"":0.6,""margin"":-0.08958333333333335,""edge"":false},{""rule_id"":""D.newhigh"",""actual"":0.028268551236749116,""threshold"":0.18374558303886926,""margin"":-0.15547703180212014,""edge"":false},{""rule_id"":""E2"",""actual"":0.6360424028268551,""threshold"":0.8268551236749117,""margin"":-0.19081272084805656,""edge"":false},{""rule_id"":""E3"",""actual"":0.028268551236749116,""threshold"":0.18374558303886926,""margin"":-0.15547703180212014,""edge"":false}]"
P08,positive,2025-03-04,汽车,S3,False,False,3,"[""A"",""C"",""D""]","[""B""]","[""enhancers""]",,,False,False,False,False,"{""confirm"":0,""weaken"":0,""retire"":0,""recover"":0}",no_legal_transition_triggered,"[{""rule_id"":""B.win5"",""actual"":0.4,""threshold"":0.8,""margin"":-0.4,""edge"":false},{""rule_id"":""B.win10"",""actual"":0.5,""threshold"":0.7,""margin"":-0.19999999999999996,""edge"":false},{""rule_id"":""E2"",""actual"":0.7491166077738516,""threshold"":0.8091872791519434,""margin"":-0.060070671378091856,""edge"":false},{""rule_id"":""E3"",""actual"":0.045936395759717315,""threshold"":0.14840989399293286,""margin"":-0.10247349823321555,""edge"":false}]"
P08,positive,2025-03-05,汽车,S3,False,False,4,"[""A"",""C"",""D"",""enhancers""]","[""B""]",[],B,False,False,False,True,False,"{""confirm"":0,""weaken"":0,""retire"":0,""recover"":0}",no_legal_transition_triggered,"[{""rule_id"":""B.win5"",""actual"":0.4,""threshold"":0.8,""margin"":-0.4,""edge"":false},{""rule_id"":""B.win10"",""actual"":0.5,""threshold"":0.7,""margin"":-0.19999999999999996,""edge"":false}]"
P08,positive,2025-03-06,汽车,S3,False,False,3,"[""A"",""D"",""enhancers""]","[""B"",""C""]",[],,,False,False,False,False,"{""confirm"":0,""weaken"":0,""retire"":0,""recover"":0}",no_legal_transition_triggered,"[{""rule_id"":""B.win5"",""actual"":0.4,""threshold"":0.8,""margin"":-0.4,""edge"":false},{""rule_id"":""B.win10"",""actual"":0.5,""threshold"":0.7,""margin"":-0.19999999999999996,""edge"":false},{""rule_id"":""C.trend"",""actual"":false,""threshold"":true,""margin"":null,""edge"":false}]"
P08,positive,2025-03-07,汽车,S3,False,False,4,"[""A"",""C"",""D"",""enhancers""]","[""B""]",[],B,False,True,False,True,False,"{""confirm"":0,""weaken"":0,""retire"":0,""recover"":0}",no_legal_transition_triggered,"[{""rule_id"":""B.win5"",""actual"":0.6,""threshold"":0.8,""margin"":-0.20000000000000007,""edge"":true},{""rule_id"":""B.win10"",""actual"":0.6,""threshold"":0.7,""margin"":-0.09999999999999998,""edge"":true}]"
P08,positive,2025-03-10,汽车,S3,False,False,4,"[""A"",""C"",""D"",""enhancers""]","[""B""]",[],B,False,False,False,True,False,"{""confirm"":0,""weaken"":0,""retire"":0,""recover"":0}",no_legal_transition_triggered,"[{""rule_id"":""B.win5"",""actual"":0.6,""threshold"":0.8,""margin"":-0.20000000000000007,""edge"":true},{""rule_id"":""B.win10"",""actual"":0.5,""threshold"":0.7,""margin"":-0.19999999999999996,""edge"":false}]"
P08,positive,2025-03-11,汽车,S3,False,False,3,"[""A"",""C"",""enhancers""]","[""B"",""D""]",[],,,False,False,False,False,"{""confirm"":0,""weaken"":0,""retire"":0,""recover"":0}",no_legal_transition_triggered,"[{""rule_id"":""B.win5"",""actual"":0.4,""threshold"":0.8,""margin"":-0.4,""edge"":false},{""rule_id"":""B.win10"",""actual"":0.4,""threshold"":0.7,""margin"":-0.29999999999999993,""edge"":false},{""rule_id"":""D.up"",""actual"":0.4020618556701031,""threshold"":0.5348577802565533,""margin"":-0.13279592458645018,""edge"":false},{""rule_id"":""D.newhigh"",""actual"":0.10283687943262411,""threshold"":0.12367491166077739,""margin"":-0.02083803222815328,""edge"":false}]"
P08,positive,2025-03-12,汽车,S3,False,False,4,"[""A"",""C"",""D"",""enhancers""]","[""B""]",[],B,False,False,False,False,False,"{""confirm"":0,""weaken"":0,""retire"":0,""recover"":0}",no_legal_transition_triggered,"[{""rule_id"":""B.win5"",""actual"":0.4,""threshold"":0.8,""margin"":-0.4,""edge"":false},{""rule_id"":""B.win10"",""actual"":0.4,""threshold"":0.7,""margin"":-0.29999999999999993,""edge"":false}]"
P08,positive,2025-03-13,汽车,S3,False,False,1,"[""C""]","[""A"",""B"",""D""]","[""enhancers""]",,,False,False,False,False,"{""confirm"":0,""weaken"":0,""retire"":0,""recover"":0}",no_legal_transition_triggered,"[{""rule_id"":""A.rank"",""actual"":0.3333333333333333,""threshold"":0.3,""margin"":-0.033333333333333326,""edge"":true},{""rule_id"":""B.win5"",""actual"":0.4,""threshold"":0.8,""margin"":-0.4,""edge"":false},{""rule_id"":""B.win10"",""actual"":0.4,""threshold"":0.7,""margin"":-0.29999999999999993,""edge"":false},{""rule_id"":""D.up"",""actual"":0.16151202749140894,""threshold"":0.2765285262962275,""margin"":-0.11501649880481854,""edge"":false},{""rule_id"":""D.newhigh"",""actual"":0.06382978723404255,""threshold"":0.15602836879432624,""margin"":-0.0921985815602837,""edge"":false},{""rule_id"":""E2"",""actual"":0.8014184397163121,""threshold"":0.8297872340425532,""margin"":-0.028368794326241065,""edge"":false},{""rule_id"":""E3"",""actual"":0.06382978723404255,""threshold"":0.15602836879432624,""margin"":-0.0921985815602837,""edge"":false}]"
P08,positive,2025-03-14,汽车,S3,False,False,4,"[""A"",""C"",""D"",""enhancers""]","[""B""]",[],B,False,False,False,True,False,"{""confirm"":0,""weaken"":0,""retire"":0,""recover"":0}",no_legal_transition_triggered,"[{""rule_id"":""B.win5"",""actual"":0.4,""threshold"":0.8,""margin"":-0.4,""edge"":false},{""rule_id"":""B.win10"",""actual"":0.5,""threshold"":0.7,""margin"":-0.19999999999999996,""edge"":false}]"
P08,positive,2025-03-17,汽车,S3,False,False,4,"[""A"",""C"",""D"",""enhancers""]","[""B""]",[],B,False,True,False,True,False,"{""confirm"":0,""weaken"":0,""retire"":0,""recover"":0}",no_legal_transition_triggered,"[{""rule_id"":""B.win5"",""actual"":0.6,""threshold"":0.8,""margin"":-0.20000000000000007,""edge"":true},{""rule_id"":""B.win10"",""actual"":0.6,""threshold"":0.7,""margin"":-0.09999999999999998,""edge"":true}]"
P08,positive,2025-03-18,汽车,S3,False,False,5,"[""A"",""B"",""C"",""D"",""enhancers""]",[],[],,,False,False,False,True,"{""confirm"":0,""weaken"":0,""retire"":0,""recover"":1}",recover_requires_two_or_retire_requires_three_sessions,[]
P09,positive,2025-05-06,有色金属,S1,False,False,3,"[""A"",""D"",""enhancers""]","[""B"",""C""]",[],,,False,False,False,False,"{""confirm"":0,""weaken"":0,""retire"":0,""recover"":0}",candidate,"[{""rule_id"":""B.win5"",""actual"":0.6,""threshold"":0.8,""margin"":-0.20000000000000007,""edge"":true},{""rule_id"":""B.win10"",""actual"":0.5,""threshold"":0.7,""margin"":-0.19999999999999996,""edge"":false},{""rule_id"":""C.percentile"",""actual"":0.5254237288135594,""threshold"":0.6,""margin"":-0.07457627118644061,""edge"":false}]"
P09,positive,2025-05-07,有色金属,S0,True,False,2,"[""D"",""enhancers""]","[""A"",""B"",""C""]",[],,,False,False,False,False,"{""confirm"":0,""weaken"":0,""retire"":0,""recover"":0}",candidate_failed,"[{""rule_id"":""A.rank"",""actual"":0.3333333333333333,""threshold"":0.3,""margin"":-0.033333333333333326,""edge"":true},{""rule_id"":""B.win5"",""actual"":0.4,""threshold"":0.8,""margin"":-0.4,""edge"":false},{""rule_id"":""B.win10"",""actual"":0.4,""threshold"":0.7,""margin"":-0.29999999999999993,""edge"":false},{""rule_id"":""C.percentile"",""actual"":0.3559322033898305,""threshold"":0.6,""margin"":-0.24406779661016947,""edge"":false}]"
P09,positive,2025-05-08,有色金属,S0,False,False,2,"[""D"",""enhancers""]","[""A"",""B"",""C""]",[],,,False,False,False,False,"{""confirm"":0,""weaken"":0,""retire"":0,""recover"":0}",no_legal_transition_triggered,"[{""rule_id"":""A.return"",""actual"":-0.01607202183035361,""threshold"":0,""margin"":-0.01607202183035361,""edge"":false},{""rule_id"":""A.rank"",""actual"":0.6333333333333333,""threshold"":0.3,""margin"":-0.3333333333333333,""edge"":false},{""rule_id"":""B.win5"",""actual"":0.2,""threshold"":0.8,""margin"":-0.6000000000000001,""edge"":false},{""rule_id"":""B.win10"",""actual"":0.3,""threshold"":0.7,""margin"":-0.39999999999999997,""edge"":false},{""rule_id"":""C.percentile"",""actual"":0.3050847457627119,""threshold"":0.6,""margin"":-0.2949152542372881,""edge"":false},{""rule_id"":""C.trend"",""actual"":false,""threshold"":true,""margin"":null,""edge"":false}]"
P09,positive,2025-05-09,有色金属,S0,False,False,0,[],"[""A"",""B"",""C"",""D"",""enhancers""]",[],,,False,False,False,False,"{""confirm"":0,""weaken"":0,""retire"":0,""recover"":0}",no_legal_transition_triggered,"[{""rule_id"":""A.return"",""actual"":-0.011436158222630555,""threshold"":0,""margin"":-0.011436158222630555,""edge"":false},{""rule_id"":""A.rank"",""actual"":0.5666666666666667,""threshold"":0.3,""margin"":-0.26666666666666666,""edge"":false},{""rule_id"":""B.win5"",""actual"":0.4,""threshold"":0.8,""margin"":-0.4,""edge"":false},{""rule_id"":""B.win10"",""actual"":0.4,""threshold"":0.7,""margin"":-0.29999999999999993,""edge"":false},{""rule_id"":""C.percentile"",""actual"":0.2542372881355932,""threshold"":0.6,""margin"":-0.34576271186440677,""edge"":false},{""rule_id"":""C.trend"",""actual"":false,""threshold"":true,""margin"":null,""edge"":false},{""rule_id"":""D.up"",""actual"":0.19285714285714287,""threshold"":0.22383073496659242,""margin"":-0.030973592109449555,""edge"":false},{""rule_id"":""D.newhigh"",""actual"":0.029411764705882353,""threshold"":0.04411764705882353,""margin"":-0.01470588235294118,""edge"":false},{""rule_id"":""E1"",""actual"":-0.023488465937531622,""threshold"":0,""margin"":-0.023488465937531622,""edge"":false},{""rule_id"":""E2"",""actual"":0.4632352941176471,""threshold"":0.4852941176470588,""margin"":-0.022058823529411742,""edge"":false},{""rule_id"":""E3"",""actual"":0.029411764705882353,""threshold"":0.04411764705882353,""margin"":-0.01470588235294118,""edge"":false}]"
P09,positive,2025-05-12,有色金属,S0,False,False,2,"[""D"",""enhancers""]","[""A"",""B"",""C""]",[],,,False,False,False,False,"{""confirm"":0,""weaken"":0,""retire"":0,""recover"":0}",no_legal_transition_triggered,"[{""rule_id"":""A.return"",""actual"":-0.006264300805541412,""threshold"":0,""margin"":-0.006264300805541412,""edge"":false},{""rule_id"":""A.rank"",""actual"":0.5,""threshold"":0.3,""margin"":-0.2,""edge"":false},{""rule_id"":""B.win5"",""actual"":0.6,""threshold"":0.8,""margin"":-0.20000000000000007,""edge"":true},{""rule_id"":""B.win10"",""actual"":0.5,""threshold"":0.7,""margin"":-0.19999999999999996,""edge"":false},{""rule_id"":""C.percentile"",""actual"":0.3728813559322034,""threshold"":0.6,""margin"":-0.22711864406779658,""edge"":false}]"
P09,positive,2025-05-13,有色金属,S0,False,False,2,"[""D"",""enhancers""]","[""A"",""B"",""C""]",[],,,False,False,False,False,"{""confirm"":0,""weaken"":0,""retire"":0,""recover"":0}",no_legal_transition_triggered,"[{""rule_id"":""A.return"",""actual"":-0.007631135638495268,""threshold"":0,""margin"":-0.007631135638495268,""edge"":false},{""rule_id"":""A.rank"",""actual"":0.5,""threshold"":0.3,""margin"":-0.2,""edge"":false},{""rule_id"":""B.win5"",""actual"":0.4,""threshold"":0.8,""margin"":-0.4,""edge"":false},{""rule_id"":""B.win10"",""actual"":0.5,""threshold"":0.7,""margin"":-0.19999999999999996,""edge"":false},{""rule_id"":""C.percentile"",""actual"":0.3050847457627119,""threshold"":0.6,""margin"":-0.2949152542372881,""edge"":false}]"
P09,positive,2025-05-14,有色金属,S0,False,False,2,"[""D"",""enhancers""]","[""A"",""B"",""C""]",[],,,False,False,False,False,"{""confirm"":0,""weaken"":0,""retire"":0,""recover"":0}",no_legal_transition_triggered,"[{""rule_id"":""A.return"",""actual"":-0.0006831758676388855,""threshold"":0,""margin"":-0.0006831758676388855,""edge"":true},{""rule_id"":""A.rank"",""actual"":0.43333333333333335,""threshold"":0.3,""margin"":-0.13333333333333336,""edge"":false},{""rule_id"":""B.win5"",""actual"":0.6,""threshold"":0.8,""margin"":-0.20000000000000007,""edge"":true},{""rule_id"":""B.win10"",""actual"":0.5,""threshold"":0.7,""margin"":-0.19999999999999996,""edge"":false},{""rule_id"":""C.percentile"",""actual"":0.3728813559322034,""threshold"":0.6,""margin"":-0.22711864406779658,""edge"":false}]"
P09,positive,2025-05-15,有色金属,S1,False,False,4,"[""B"",""C"",""D"",""enhancers""]","[""A""]",[],A,False,False,False,False,False,"{""confirm"":0,""weaken"":0,""retire"":0,""recover"":0}",candidate,"[{""rule_id"":""A.return"",""actual"":-0.005444039808498502,""threshold"":0,""margin"":-0.005444039808498502,""edge"":false},{""rule_id"":""A.rank"",""actual"":0.4666666666666667,""threshold"":0.3,""margin"":-0.16666666666666669,""edge"":false}]"
P09,positive,2025-05-16,有色金属,S1,True,False,3,"[""B"",""D"",""enhancers""]","[""A"",""C""]",[],,,False,False,False,False,"{""confirm"":0,""weaken"":0,""retire"":0,""recover"":0}",no_legal_transition_triggered,"[{""rule_id"":""A.return"",""actual"":-0.001407979605130505,""threshold"":0,""margin"":-0.001407979605130505,""edge"":true},{""rule_id"":""A.rank"",""actual"":0.4,""threshold"":0.3,""margin"":-0.10000000000000003,""edge"":false},{""rule_id"":""C.percentile"",""actual"":0.4576271186440678,""threshold"":0.6,""margin"":-0.14237288135593218,""edge"":false}]"
P09,positive,2025-05-19,有色金属,S0,True,False,2,"[""D"",""enhancers""]","[""A"",""B"",""C""]",[],,,False,False,False,False,"{""confirm"":0,""weaken"":0,""retire"":0,""recover"":0}",candidate_failed,"[{""rule_id"":""A.rank"",""actual"":0.4666666666666667,""threshold"":0.3,""margin"":-0.16666666666666669,""edge"":false},{""rule_id"":""B.win5"",""actual"":0.6,""threshold"":0.8,""margin"":-0.20000000000000007,""edge"":true},{""rule_id"":""B.win10"",""actual"":0.6,""threshold"":0.7,""margin"":-0.09999999999999998,""edge"":true},{""rule_id"":""C.percentile"",""actual"":0.288135593220339,""threshold"":0.6,""margin"":-0.311864406779661,""edge"":false},{""rule_id"":""C.trend"",""actual"":false,""threshold"":true,""margin"":null,""edge"":false}]"
P09,positive,2025-05-20,有色金属,S0,False,False,2,"[""D"",""enhancers""]","[""A"",""B"",""C""]",[],,,False,False,False,False,"{""confirm"":0,""weaken"":0,""retire"":0,""recover"":0}",no_legal_transition_triggered,"[{""rule_id"":""A.return"",""actual"":-0.010804237288003504,""threshold"":0,""margin"":-0.010804237288003504,""edge"":false},{""rule_id"":""A.rank"",""actual"":0.7666666666666667,""threshold"":0.3,""margin"":-0.46666666666666673,""edge"":false},{""rule_id"":""B.win5"",""actual"":0.6,""threshold"":0.8,""margin"":-0.20000000000000007,""edge"":true},{""rule_id"":""B.win10"",""actual"":0.5,""threshold"":0.7,""margin"":-0.19999999999999996,""edge"":false},{""rule_id"":""C.percentile"",""actual"":0.2542372881355932,""threshold"":0.6,""margin"":-0.34576271186440677,""edge"":false},{""rule_id"":""C.trend"",""actual"":false,""threshold"":true,""margin"":null,""edge"":false}]"
P09,positive,2025-05-21,有色金属,S1,False,False,3,"[""C"",""D"",""enhancers""]","[""A"",""B""]",[],,,False,False,False,False,"{""confirm"":0,""weaken"":0,""retire"":0,""recover"":0}",candidate,"[{""rule_id"":""A.rank"",""actual"":0.6,""threshold"":0.3,""margin"":-0.3,""edge"":false},{""rule_id"":""B.win5"",""actual"":0.6,""threshold"":0.8,""margin"":-0.20000000000000007,""edge"":true},{""rule_id"":""B.win10"",""actual"":0.6,""threshold"":0.7,""margin"":-0.09999999999999998,""edge"":true}]"
P09,positive,2025-05-22,有色金属,S0,True,False,1,"[""enhancers""]","[""A"",""B"",""C"",""D""]",[],,,False,False,False,False,"{""confirm"":0,""weaken"":0,""retire"":0,""recover"":0}",candidate_failed,"[{""rule_id"":""A.rank"",""actual"":0.4666666666666667,""threshold"":0.3,""margin"":-0.16666666666666669,""edge"":false},{""rule_id"":""B.win5"",""actual"":0.4,""threshold"":0.8,""margin"":-0.4,""edge"":false},{""rule_id"":""B.win10"",""actual"":0.6,""threshold"":0.7,""margin"":-0.09999999999999998,""edge"":true},{""rule_id"":""C.percentile"",""actual"":0.3220338983050847,""threshold"":0.6,""margin"":-0.27796610169491526,""edge"":false},{""rule_id"":""D.up"",""actual"":0.12142857142857143,""threshold"":0.16344725111441308,""margin"":-0.04201867968584165,""edge"":false},{""rule_id"":""D.ma20"",""actual"":0.5869565217391305,""threshold"":0.6,""margin"":-0.01304347826086949,""edge"":true},{""rule_id"":""D.newhigh"",""actual"":0.014814814814814815,""threshold"":0.06666666666666667,""margin"":-0.05185185185185185,""edge"":false}]"
P09,positive,2025-05-23,有色金属,S1,False,False,2,"[""A"",""enhancers""]","[""B"",""C"",""D""]",[],,,False,False,False,False,"{""confirm"":0,""weaken"":0,""retire"":0,""recover"":0}",candidate,"[{""rule_id"":""B.win5"",""actual"":0.4,""threshold"":0.8,""margin"":-0.4,""edge"":false},{""rule_id"":""B.win10"",""actual"":0.6,""threshold"":0.7,""margin"":-0.09999999999999998,""edge"":true},{""rule_id"":""C.percentile"",""actual"":0.3220338983050847,""threshold"":0.6,""margin"":-0.27796610169491526,""edge"":false},{""rule_id"":""D.ma20"",""actual"":0.5362318840579711,""threshold"":0.6,""margin"":-0.06376811594202891,""edge"":false},{""rule_id"":""D.newhigh"",""actual"":0.02962962962962963,""threshold"":0.06666666666666667,""margin"":-0.037037037037037035,""edge"":false}]"
P09,positive,2025-05-26,有色金属,S1,True,False,2,"[""D"",""enhancers""]","[""A"",""B"",""C""]",[],,,False,False,False,False,"{""confirm"":0,""weaken"":0,""retire"":0,""recover"":0}",no_legal_transition_triggered,"[{""rule_id"":""A.rank"",""actual"":0.4666666666666667,""threshold"":0.3,""margin"":-0.16666666666666669,""edge"":false},{""rule_id"":""B.win5"",""actual"":0.4,""threshold"":0.8,""margin"":-0.4,""edge"":false},{""rule_id"":""B.win10"",""actual"":0.5,""threshold"":0.7,""margin"":-0.19999999999999996,""edge"":false},{""rule_id"":""C.percentile"",""actual"":0.5084745762711864,""threshold"":0.6,""margin"":-0.09152542372881356,""edge"":false}]"
P09,positive,2025-05-27,有色金属,S0,True,False,1,"[""enhancers""]","[""A"",""B"",""C"",""D""]",[],,,False,False,False,False,"{""confirm"":0,""weaken"":0,""retire"":0,""recover"":0}",candidate_failed,"[{""rule_id"":""A.return"",""actual"":-0.0038932652755014896,""threshold"":0,""margin"":-0.0038932652755014896,""edge"":true},{""rule_id"":""A.rank"",""actual"":0.6333333333333333,""threshold"":0.3,""margin"":-0.3333333333333333,""edge"":false},{""rule_id"":""B.win5"",""actual"":0.4,""threshold"":0.8,""margin"":-0.4,""edge"":false},{""rule_id"":""B.win10"",""actual"":0.5,""threshold"":0.7,""margin"":-0.19999999999999996,""edge"":false},{""rule_id"":""C.percentile"",""actual"":0.3220338983050847,""threshold"":0.6,""margin"":-0.27796610169491526,""edge"":false},{""rule_id"":""D.up"",""actual"":0.14893617021276595,""threshold"":0.4852312836708155,""margin"":-0.3362951134580496,""edge"":false},{""rule_id"":""D.ma20"",""actual"":0.4057971014492754,""threshold"":0.6,""margin"":-0.1942028985507246,""edge"":false}]"
P09,positive,2025-05-28,有色金属,S0,False,False,2,"[""D"",""enhancers""]","[""A"",""B"",""C""]",[],,,False,False,False,False,"{""confirm"":0,""weaken"":0,""retire"":0,""recover"":0}",no_legal_transition_triggered,"[{""rule_id"":""A.return"",""actual"":-0.00750981010496099,""threshold"":0,""margin"":-0.00750981010496099,""edge"":false},{""rule_id"":""A.rank"",""actual"":0.7,""threshold"":0.3,""margin"":-0.39999999999999997,""edge"":false},{""rule_id"":""B.win5"",""actual"":0.4,""threshold"":0.8,""margin"":-0.4,""edge"":false},{""rule_id"":""B.win10"",""actual"":0.5,""threshold"":0.7,""margin"":-0.19999999999999996,""edge"":false},{""rule_id"":""C.percentile"",""actual"":0.05084745762711865,""threshold"":0.6,""margin"":-0.5491525423728814,""edge"":false},{""rule_id"":""C.trend"",""actual"":false,""threshold"":true,""margin"":null,""edge"":false}]"
P09,positive,2025-05-29,有色金属,S0,False,False,0,[],"[""A"",""B"",""C"",""D"",""enhancers""]",[],,,False,False,False,False,"{""confirm"":0,""weaken"":0,""retire"":0,""recover"":0}",no_legal_transition_triggered,"[{""rule_id"":""A.return"",""actual"":-0.0159052582029382,""threshold"":0,""margin"":-0.0159052582029382,""edge"":false},{""rule_id"":""A.rank"",""actual"":0.8666666666666667,""threshold"":0.3,""margin"":-0.5666666666666667,""edge"":false},{""rule_id"":""B.win5"",""actual"":0.4,""threshold"":0.8,""margin"":-0.4,""edge"":false},{""rule_id"":""B.win10"",""actual"":0.4,""threshold"":0.7,""margin"":-0.29999999999999993,""edge"":false},{""rule_id"":""C.percentile"",""actual"":0.0,""threshold"":0.6,""margin"":-0.6,""edge"":false},{""rule_id"":""C.trend"",""actual"":false,""threshold"":true,""margin"":null,""edge"":false},{""rule_id"":""D.up"",""actual"":0.7642857142857142,""threshold"":0.8199554069119287,""margin"":-0.05566969262621446,""edge"":false},{""rule_id"":""D.ma20"",""actual"":0.42028985507246375,""threshold"":0.6,""margin"":-0.17971014492753623,""edge"":false},{""rule_id"":""D.newhigh"",""actual"":0.007462686567164179,""threshold"":0.044444444444444446,""margin"":-0.036981757877280266,""edge"":false},{""rule_id"":""E1"",""actual"":-0.022328365244693726,""threshold"":0,""margin"":-0.022328365244693726,""edge"":false},{""rule_id"":""E2"",""actual"":0.4253731343283582,""threshold"":0.4740740740740741,""margin"":-0.04870093974571588,""edge"":false},{""rule_id"":""E3"",""actual"":0.007462686567164179,""threshold"":0.044444444444444446,""margin"":-0.036981757877280266,""edge"":false}]"
P09,positive,2025-05-30,有色金属,S0,False,False,0,[],"[""A"",""B"",""C"",""D"",""enhancers""]",[],,,False,False,False,False,"{""confirm"":0,""weaken"":0,""retire"":0,""recover"":0}",no_legal_transition_triggered,"[{""rule_id"":""A.return"",""actual"":-0.01745155429418921,""threshold"":0,""margin"":-0.01745155429418921,""edge"":false},{""rule_id"":""A.rank"",""actual"":0.9,""threshold"":0.3,""margin"":-0.6000000000000001,""edge"":false},{""rule_id"":""B.win5"",""actual"":0.2,""threshold"":0.8,""margin"":-0.6000000000000001,""edge"":false},{""rule_id"":""B.win10"",""actual"":0.3,""threshold"":0.7,""margin"":-0.39999999999999997,""edge"":false},{""rule_id"":""C.percentile"",""actual"":0.0,""threshold"":0.6,""margin"":-0.6,""edge"":false},{""rule_id"":""C.trend"",""actual"":false,""threshold"":true,""margin"":null,""edge"":false},{""rule_id"":""D.up"",""actual"":0.10714285714285714,""threshold"":0.20419918246005203,""margin"":-0.0970563253171949,""edge"":false},{""rule_id"":""D.ma20"",""actual"":0.2318840579710145,""threshold"":0.6,""margin"":-0.36811594202898545,""edge"":false},{""rule_id"":""D.newhigh"",""actual"":0.0,""threshold"":0.022222222222222223,""margin"":-0.022222222222222223,""edge"":false},{""rule_id"":""E1"",""actual"":-0.01983435539760392,""threshold"":0,""margin"":-0.01983435539760392,""edge"":false},{""rule_id"":""E2"",""actual"":0.3582089552238806,""threshold"":0.4148148148148148,""margin"":-0.05660585959093423,""edge"":false},{""rule_id"":""E3"",""actual"":0.0,""threshold"":0.022222222222222223,""margin"":-0.022222222222222223,""edge"":false}]"
P09,positive,2025-06-03,有色金属,S0,False,False,2,"[""D"",""enhancers""]","[""A"",""B"",""C""]",[],,,False,False,False,False,"{""confirm"":0,""weaken"":0,""retire"":0,""recover"":0}",no_legal_transition_triggered,"[{""rule_id"":""A.return"",""actual"":-0.0046085221751528405,""threshold"":0,""margin"":-0.0046085221751528405,""edge"":true},{""rule_id"":""A.rank"",""actual"":0.5,""threshold"":0.3,""margin"":-0.2,""edge"":false},{""rule_id"":""B.win5"",""actual"":0.4,""threshold"":0.8,""margin"":-0.4,""edge"":false},{""rule_id"":""B.win10"",""actual"":0.4,""threshold"":0.7,""margin"":-0.29999999999999993,""edge"":false},{""rule_id"":""C.percentile"",""actual"":0.1864406779661017,""threshold"":0.6,""margin"":-0.4135593220338983,""edge"":false}]"
P09,positive,2025-06-04,有色金属,S1,False,False,2,"[""D"",""enhancers""]","[""A"",""B"",""C""]",[],,,False,False,False,False,"{""confirm"":0,""weaken"":0,""retire"":0,""recover"":0}",candidate,"[{""rule_id"":""A.rank"",""actual"":0.4,""threshold"":0.3,""margin"":-0.10000000000000003,""edge"":false},{""rule_id"":""B.win5"",""actual"":0.6,""threshold"":0.8,""margin"":-0.20000000000000007,""edge"":true},{""rule_id"":""B.win10"",""actual"":0.5,""threshold"":0.7,""margin"":-0.19999999999999996,""edge"":false},{""rule_id"":""C.percentile"",""actual"":0.5084745762711864,""threshold"":0.6,""margin"":-0.09152542372881356,""edge"":false}]"
P09,positive,2025-06-05,有色金属,S0,True,False,2,"[""D"",""enhancers""]","[""A"",""B"",""C""]",[],,,False,False,False,False,"{""confirm"":0,""weaken"":0,""retire"":0,""recover"":0}",candidate_failed,"[{""rule_id"":""A.return"",""actual"":-0.004380590054377742,""threshold"":0,""margin"":-0.004380590054377742,""edge"":true},{""rule_id"":""A.rank"",""actual"":0.5,""threshold"":0.3,""margin"":-0.2,""edge"":false},{""rule_id"":""B.win5"",""actual"":0.4,""threshold"":0.8,""margin"":-0.4,""edge"":false},{""rule_id"":""B.win10"",""actual"":0.4,""threshold"":0.7,""margin"":-0.29999999999999993,""edge"":false},{""rule_id"":""C.percentile"",""actual"":0.2033898305084746,""threshold"":0.6,""margin"":-0.3966101694915254,""edge"":false}]"
P09,positive,2025-06-06,有色金属,S1,False,False,4,"[""A"",""C"",""D"",""enhancers""]","[""B""]",[],B,False,False,False,True,False,"{""confirm"":0,""weaken"":0,""retire"":0,""recover"":0}",candidate,"[{""rule_id"":""B.win5"",""actual"":0.6,""threshold"":0.8,""margin"":-0.20000000000000007,""edge"":true},{""rule_id"":""B.win10"",""actual"":0.5,""threshold"":0.7,""margin"":-0.19999999999999996,""edge"":false}]"
P09,positive,2025-06-09,有色金属,S1,True,False,3,"[""C"",""D"",""enhancers""]","[""A"",""B""]",[],,,False,False,False,False,"{""confirm"":0,""weaken"":0,""retire"":0,""recover"":0}",no_legal_transition_triggered,"[{""rule_id"":""A.return"",""actual"":-0.0007507600272163018,""threshold"":0,""margin"":-0.0007507600272163018,""edge"":true},{""rule_id"":""A.rank"",""actual"":0.43333333333333335,""threshold"":0.3,""margin"":-0.13333333333333336,""edge"":false},{""rule_id"":""B.win5"",""actual"":0.6,""threshold"":0.8,""margin"":-0.20000000000000007,""edge"":true},{""rule_id"":""B.win10"",""actual"":0.4,""threshold"":0.7,""margin"":-0.29999999999999993,""edge"":false}]"
P09,positive,2025-06-10,有色金属,S1,True,False,3,"[""C"",""D"",""enhancers""]","[""A"",""B""]",[],,,False,False,False,False,"{""confirm"":0,""weaken"":0,""retire"":0,""recover"":0}",no_legal_transition_triggered,"[{""rule_id"":""A.rank"",""actual"":0.5333333333333333,""threshold"":0.3,""margin"":-0.23333333333333334,""edge"":false},{""rule_id"":""B.win5"",""actual"":0.6,""threshold"":0.8,""margin"":-0.20000000000000007,""edge"":true},{""rule_id"":""B.win10"",""actual"":0.5,""threshold"":0.7,""margin"":-0.19999999999999996,""edge"":false}]"
P09,positive,2025-06-11,有色金属,S1,True,False,4,"[""A"",""C"",""D"",""enhancers""]","[""B""]",[],B,False,True,False,True,False,"{""confirm"":0,""weaken"":0,""retire"":0,""recover"":0}",no_legal_transition_triggered,"[{""rule_id"":""B.win5"",""actual"":0.6,""threshold"":0.8,""margin"":-0.20000000000000007,""edge"":true},{""rule_id"":""B.win10"",""actual"":0.6,""threshold"":0.7,""margin"":-0.09999999999999998,""edge"":true}]"
P09,positive,2025-06-12,有色金属,S1,True,False,5,"[""A"",""B"",""C"",""D"",""enhancers""]",[],[],,,False,False,False,True,"{""confirm"":1,""weaken"":0,""retire"":0,""recover"":0}",no_legal_transition_triggered,[]
P09,positive,2025-06-13,有色金属,S1,True,False,4,"[""A"",""B"",""D"",""enhancers""]","[""C""]",[],C,False,False,False,False,False,"{""confirm"":0,""weaken"":0,""retire"":0,""recover"":0}",no_legal_transition_triggered,"[{""rule_id"":""C.trend"",""actual"":false,""threshold"":true,""margin"":null,""edge"":false}]"
P10,positive,2025-05-06,国防军工,S0,False,False,2,"[""D"",""enhancers""]","[""A"",""B"",""C""]",[],,,False,False,False,False,"{""confirm"":0,""weaken"":0,""retire"":0,""recover"":0}",no_legal_transition_triggered,"[{""rule_id"":""A.return"",""actual"":-0.028810260942541133,""threshold"":0,""margin"":-0.028810260942541133,""edge"":false},{""rule_id"":""A.rank"",""actual"":0.7,""threshold"":0.3,""margin"":-0.39999999999999997,""edge"":false},{""rule_id"":""B.win5"",""actual"":0.2,""threshold"":0.8,""margin"":-0.6000000000000001,""edge"":false},{""rule_id"":""B.win10"",""actual"":0.2,""threshold"":0.7,""margin"":-0.49999999999999994,""edge"":false},{""rule_id"":""C.percentile"",""actual"":0.3898305084745763,""threshold"":0.6,""margin"":-0.2101694915254237,""edge"":false}]"
P10,positive,2025-05-07,国防军工,S1,False,False,4,"[""A"",""C"",""D"",""enhancers""]","[""B""]",[],B,False,False,False,False,False,"{""confirm"":0,""weaken"":0,""retire"":0,""recover"":0}",candidate,"[{""rule_id"":""B.win5"",""actual"":0.4,""threshold"":0.8,""margin"":-0.4,""edge"":false},{""rule_id"":""B.win10"",""actual"":0.3,""threshold"":0.7,""margin"":-0.39999999999999997,""edge"":false}]"
P10,positive,2025-05-08,国防军工,S1,True,False,4,"[""A"",""C"",""D"",""enhancers""]","[""B""]",[],B,False,False,False,False,False,"{""confirm"":0,""weaken"":0,""retire"":0,""recover"":0}",no_legal_transition_triggered,"[{""rule_id"":""B.win5"",""actual"":0.6,""threshold"":0.8,""margin"":-0.20000000000000007,""edge"":true},{""rule_id"":""B.win10"",""actual"":0.3,""threshold"":0.7,""margin"":-0.39999999999999997,""edge"":false}]"
P10,positive,2025-05-09,国防军工,S1,True,False,4,"[""A"",""C"",""D"",""enhancers""]","[""B""]",[],B,False,False,False,False,False,"{""confirm"":0,""weaken"":0,""retire"":0,""recover"":0}",no_legal_transition_triggered,"[{""rule_id"":""B.win5"",""actual"":0.6,""threshold"":0.8,""margin"":-0.20000000000000007,""edge"":true},{""rule_id"":""B.win10"",""actual"":0.3,""threshold"":0.7,""margin"":-0.39999999999999997,""edge"":false}]"
P10,positive,2025-05-12,国防军工,S1,True,False,4,"[""A"",""C"",""D"",""enhancers""]","[""B""]",[],B,False,False,False,False,False,"{""confirm"":0,""weaken"":0,""retire"":0,""recover"":0}",no_legal_transition_triggered,"[{""rule_id"":""B.win5"",""actual"":0.6,""threshold"":0.8,""margin"":-0.20000000000000007,""edge"":true},{""rule_id"":""B.win10"",""actual"":0.4,""threshold"":0.7,""margin"":-0.29999999999999993,""edge"":false}]"
P10,positive,2025-05-13,国防军工,S1,True,False,3,"[""A"",""C"",""enhancers""]","[""B"",""D""]",[],,,False,False,False,False,"{""confirm"":0,""weaken"":0,""retire"":0,""recover"":0}",no_legal_transition_triggered,"[{""rule_id"":""B.win5"",""actual"":0.6,""threshold"":0.8,""margin"":-0.20000000000000007,""edge"":true},{""rule_id"":""B.win10"",""actual"":0.4,""threshold"":0.7,""margin"":-0.29999999999999993,""edge"":false},{""rule_id"":""D.up"",""actual"":0.08450704225352113,""threshold"":0.3593837015036198,""margin"":-0.2748766592500987,""edge"":false},{""rule_id"":""D.newhigh"",""actual"":0.023076923076923078,""threshold"":0.18461538461538463,""margin"":-0.16153846153846155,""edge"":false}]"
P10,positive,2025-05-14,国防军工,S1,True,False,1,"[""A""]","[""B"",""C"",""D"",""enhancers""]",[],,,False,False,False,False,"{""confirm"":0,""weaken"":0,""retire"":0,""recover"":0}",no_legal_transition_triggered,"[{""rule_id"":""B.win5"",""actual"":0.4,""threshold"":0.8,""margin"":-0.4,""edge"":false},{""rule_id"":""B.win10"",""actual"":0.4,""threshold"":0.7,""margin"":-0.29999999999999993,""edge"":false},{""rule_id"":""C.trend"",""actual"":false,""threshold"":true,""margin"":null,""edge"":false},{""rule_id"":""D.up"",""actual"":0.19718309859154928,""threshold"":0.43116883116883115,""margin"":-0.23398573257728186,""edge"":false},{""rule_id"":""D.newhigh"",""actual"":0.038461538461538464,""threshold"":0.06923076923076923,""margin"":-0.03076923076923077,""edge"":false},{""rule_id"":""E1"",""actual"":-0.003481124707402028,""threshold"":0,""margin"":-0.003481124707402028,""edge"":true},{""rule_id"":""E2"",""actual"":0.7461538461538462,""threshold"":0.7538461538461538,""margin"":-0.007692307692307665,""edge"":true},{""rule_id"":""E3"",""actual"":0.038461538461538464,""threshold"":0.06923076923076923,""margin"":-0.03076923076923077,""edge"":false}]"
P10,positive,2025-05-15,国防军工,S1,True,False,3,"[""A"",""C"",""enhancers""]","[""B"",""D""]",[],,,False,False,False,False,"{""confirm"":0,""weaken"":0,""retire"":0,""recover"":0}",no_legal_transition_triggered,"[{""rule_id"":""B.win5"",""actual"":0.2,""threshold"":0.8,""margin"":-0.6000000000000001,""edge"":false},{""rule_id"":""B.win10"",""actual"":0.4,""threshold"":0.7,""margin"":-0.29999999999999993,""edge"":false},{""rule_id"":""D.up"",""actual"":0.13380281690140844,""threshold"":0.26034514752273147,""margin"":-0.12654233062132303,""edge"":false},{""rule_id"":""D.newhigh"",""actual"":0.022900763358778626,""threshold"":0.27692307692307694,""margin"":-0.25402231356429833,""edge"":false}]"
P10,positive,2025-05-16,国防军工,S0,True,False,3,"[""A"",""C"",""enhancers""]","[""B"",""D""]",[],,,False,False,False,False,"{""confirm"":0,""weaken"":0,""retire"":0,""recover"":0}",candidate_failed,"[{""rule_id"":""B.win5"",""actual"":0.2,""threshold"":0.8,""margin"":-0.6000000000000001,""edge"":false},{""rule_id"":""B.win10"",""actual"":0.4,""threshold"":0.7,""margin"":-0.29999999999999993,""edge"":false},{""rule_id"":""D.up"",""actual"":0.33098591549295775,""threshold"":0.5538233110616184,""margin"":-0.22283739556866067,""edge"":false},{""rule_id"":""D.newhigh"",""actual"":0.022900763358778626,""threshold"":0.023076923076923078,""margin"":-0.00017615971814445228,""edge"":true}]"
P10,positive,2025-05-19,国防军工,S1,False,False,4,"[""A"",""C"",""D"",""enhancers""]","[""B""]",[],B,False,False,False,False,False,"{""confirm"":0,""weaken"":0,""retire"":0,""recover"":0}",candidate,"[{""rule_id"":""B.win5"",""actual"":0.2,""threshold"":0.8,""margin"":-0.6000000000000001,""edge"":false},{""rule_id"":""B.win10"",""actual"":0.4,""threshold"":0.7,""margin"":-0.29999999999999993,""edge"":false}]"
P10,positive,2025-05-20,国防军工,S0,True,False,2,"[""A"",""C""]","[""B"",""D"",""enhancers""]",[],,,False,False,False,False,"{""confirm"":0,""weaken"":0,""retire"":0,""recover"":0}",candidate_failed,"[{""rule_id"":""B.win5"",""actual"":0.2,""threshold"":0.8,""margin"":-0.6000000000000001,""edge"":false},{""rule_id"":""B.win10"",""actual"":0.4,""threshold"":0.7,""margin"":-0.29999999999999993,""edge"":false},{""rule_id"":""D.up"",""actual"":0.3028169014084507,""threshold"":0.7084493964716806,""margin"":-0.4056324950632299,""edge"":false},{""rule_id"":""D.newhigh"",""actual"":0.015267175572519083,""threshold"":0.022900763358778626,""margin"":-0.0076335877862595426,""edge"":false},{""rule_id"":""E1"",""actual"":-0.007945694258201907,""threshold"":0,""margin"":-0.007945694258201907,""edge"":false},{""rule_id"":""E2"",""actual"":0.6030534351145038,""threshold"":0.6183206106870229,""margin"":-0.01526717557251911,""edge"":true},{""rule_id"":""E3"",""actual"":0.015267175572519083,""threshold"":0.022900763358778626,""margin"":-0.0076335877862595426,""edge"":false}]"
P10,positive,2025-05-21,国防军工,S0,False,False,0,[],"[""A"",""B"",""C"",""D"",""enhancers""]",[],,,False,False,False,False,"{""confirm"":0,""weaken"":0,""retire"":0,""recover"":0}",no_legal_transition_triggered,"[{""rule_id"":""A.return"",""actual"":-0.019321321564807814,""threshold"":0,""margin"":-0.019321321564807814,""edge"":false},{""rule_id"":""A.rank"",""actual"":0.9,""threshold"":0.3,""margin"":-0.6000000000000001,""edge"":false},{""rule_id"":""B.win5"",""actual"":0.2,""threshold"":0.8,""margin"":-0.6000000000000001,""edge"":false},{""rule_id"":""B.win10"",""actual"":0.3,""threshold"":0.7,""margin"":-0.39999999999999997,""edge"":false},{""rule_id"":""C.trend"",""actual"":false,""threshold"":true,""margin"":null,""edge"":false},{""rule_id"":""D.up"",""actual"":0.29577464788732394,""threshold"":0.2974577843755799,""margin"":-0.0016831364882559652,""edge"":true},{""rule_id"":""D.newhigh"",""actual"":0.0,""threshold"":0.022900763358778626,""margin"":-0.022900763358778626,""edge"":false},{""rule_id"":""E1"",""actual"":-0.007450952433455393,""threshold"":0,""margin"":-0.007450952433455393,""edge"":false},{""rule_id"":""E2"",""actual"":0.549618320610687,""threshold"":0.5725190839694656,""margin"":-0.022900763358778553,""edge"":false},{""rule_id"":""E3"",""actual"":0.0,""threshold"":0.022900763358778626,""margin"":-0.022900763358778626,""edge"":false}]"
P10,positive,2025-05-22,国防军工,S0,False,False,3,"[""C"",""D"",""enhancers""]","[""A"",""B""]",[],,,False,False,False,False,"{""confirm"":0,""weaken"":0,""retire"":0,""recover"":0}",no_legal_transition_triggered,"[{""rule_id"":""A.return"",""actual"":-0.02637003209990374,""threshold"":0,""margin"":-0.02637003209990374,""edge"":false},{""rule_id"":""A.rank"",""actual"":0.9333333333333333,""threshold"":0.3,""margin"":-0.6333333333333333,""edge"":false},{""rule_id"":""B.win5"",""actual"":0.4,""threshold"":0.8,""margin"":-0.4,""edge"":false},{""rule_id"":""B.win10"",""actual"":0.3,""threshold"":0.7,""margin"":-0.39999999999999997,""edge"":false}]"
P10,positive,2025-05-23,国防军工,S0,False,False,2,"[""C"",""enhancers""]","[""A"",""B"",""D""]",[],,,False,False,False,False,"{""confirm"":0,""weaken"":0,""retire"":0,""recover"":0}",no_legal_transition_triggered,"[{""rule_id"":""A.return"",""actual"":-0.026575100369500393,""threshold"":0,""margin"":-0.026575100369500393,""edge"":false},{""rule_id"":""A.rank"",""actual"":0.9333333333333333,""threshold"":0.3,""margin"":-0.6333333333333333,""edge"":false},{""rule_id"":""B.win5"",""actual"":0.4,""threshold"":0.8,""margin"":-0.4,""edge"":false},{""rule_id"":""B.win10"",""actual"":0.3,""threshold"":0.7,""margin"":-0.39999999999999997,""edge"":false},{""rule_id"":""D.up"",""actual"":0.176056338028169,""threshold"":0.20356612184249628,""margin"":-0.027509783814327282,""edge"":false},{""rule_id"":""D.ma20"",""actual"":0.38345864661654133,""threshold"":0.6,""margin"":-0.21654135338345865,""edge"":false},{""rule_id"":""D.newhigh"",""actual"":0.015267175572519083,""threshold"":0.015267175572519083,""margin"":0.0,""edge"":true}]"
P10,positive,2025-05-26,国防军工,S0,False,False,2,"[""D"",""enhancers""]","[""A"",""B"",""C""]",[],,,False,False,False,False,"{""confirm"":0,""weaken"":0,""retire"":0,""recover"":0}",no_legal_transition_triggered,"[{""rule_id"":""A.return"",""actual"":-0.056277553852406625,""threshold"":0,""margin"":-0.056277553852406625,""edge"":false},{""rule_id"":""A.rank"",""actual"":1.0,""threshold"":0.3,""margin"":-0.7,""edge"":false},{""rule_id"":""B.win5"",""actual"":0.4,""threshold"":0.8,""margin"":-0.4,""edge"":false},{""rule_id"":""B.win10"",""actual"":0.3,""threshold"":0.7,""margin"":-0.39999999999999997,""edge"":false},{""rule_id"":""C.trend"",""actual"":false,""threshold"":true,""margin"":null,""edge"":false}]"
P10,positive,2025-05-27,国防军工,S0,False,False,2,"[""C"",""enhancers""]","[""A"",""B"",""D""]",[],,,False,False,False,False,"{""confirm"":0,""weaken"":0,""retire"":0,""recover"":0}",no_legal_transition_triggered,"[{""rule_id"":""A.return"",""actual"":-0.02987021190090977,""threshold"":0,""margin"":-0.02987021190090977,""edge"":false},{""rule_id"":""A.rank"",""actual"":0.9333333333333333,""threshold"":0.3,""margin"":-0.6333333333333333,""edge"":false},{""rule_id"":""B.win5"",""actual"":0.4,""threshold"":0.8,""margin"":-0.4,""edge"":false},{""rule_id"":""B.win10"",""actual"":0.3,""threshold"":0.7,""margin"":-0.39999999999999997,""edge"":false},{""rule_id"":""D.up"",""actual"":0.46808510638297873,""threshold"":0.4852312836708155,""margin"":-0.017146177287836795,""edge"":true},{""rule_id"":""D.ma20"",""actual"":0.45864661654135336,""threshold"":0.6,""margin"":-0.14135338345864662,""edge"":false}]"
P10,positive,2025-05-28,国防军工,S0,False,False,2,"[""C"",""enhancers""]","[""A"",""B"",""D""]",[],,,False,False,False,False,"{""confirm"":0,""weaken"":0,""retire"":0,""recover"":0}",no_legal_transition_triggered,"[{""rule_id"":""A.return"",""actual"":-0.02376387220878795,""threshold"":0,""margin"":-0.02376387220878795,""edge"":false},{""rule_id"":""A.rank"",""actual"":0.9,""threshold"":0.3,""margin"":-0.6000000000000001,""edge"":false},{""rule_id"":""B.win5"",""actual"":0.4,""threshold"":0.8,""margin"":-0.4,""edge"":false},{""rule_id"":""B.win10"",""actual"":0.3,""threshold"":0.7,""margin"":-0.39999999999999997,""edge"":false},{""rule_id"":""D.up"",""actual"":0.22695035460992907,""threshold"":0.31871399368147185,""margin"":-0.09176363907154278,""edge"":false},{""rule_id"":""D.ma20"",""actual"":0.3233082706766917,""threshold"":0.6,""margin"":-0.27669172932330827,""edge"":false}]"
P10,positive,2025-05-29,国防军工,S0,False,False,2,"[""D"",""enhancers""]","[""A"",""B"",""C""]",[],,,False,False,False,False,"{""confirm"":0,""weaken"":0,""retire"":0,""recover"":0}",no_legal_transition_triggered,"[{""rule_id"":""A.return"",""actual"":-0.014629998410823353,""threshold"":0,""margin"":-0.014629998410823353,""edge"":false},{""rule_id"":""A.rank"",""actual"":0.7666666666666667,""threshold"":0.3,""margin"":-0.46666666666666673,""edge"":false},{""rule_id"":""B.win5"",""actual"":0.4,""threshold"":0.8,""margin"":-0.4,""edge"":false},{""rule_id"":""B.win10"",""actual"":0.4,""threshold"":0.7,""margin"":-0.29999999999999993,""edge"":false},{""rule_id"":""C.trend"",""actual"":false,""threshold"":true,""margin"":null,""edge"":false}]"
P10,positive,2025-05-30,国防军工,S1,False,False,2,"[""C"",""enhancers""]","[""A"",""B"",""D""]",[],,,False,False,False,False,"{""confirm"":0,""weaken"":0,""retire"":0,""recover"":0}",candidate,"[{""rule_id"":""A.rank"",""actual"":0.4,""threshold"":0.3,""margin"":-0.10000000000000003,""edge"":false},{""rule_id"":""B.win5"",""actual"":0.6,""threshold"":0.8,""margin"":-0.20000000000000007,""edge"":true},{""rule_id"":""B.win10"",""actual"":0.5,""threshold"":0.7,""margin"":-0.19999999999999996,""edge"":false},{""rule_id"":""D.ma20"",""actual"":0.5036496350364964,""threshold"":0.6,""margin"":-0.09635036496350358,""edge"":false},{""rule_id"":""D.newhigh"",""actual"":0.023255813953488372,""threshold"":0.038461538461538464,""margin"":-0.015205724508050092,""edge"":false}]"
P10,positive,2025-06-03,国防军工,S1,True,False,4,"[""A"",""C"",""D"",""enhancers""]","[""B""]",[],B,False,False,False,True,False,"{""confirm"":0,""weaken"":0,""retire"":0,""recover"":0}",no_legal_transition_triggered,"[{""rule_id"":""B.win5"",""actual"":0.6,""threshold"":0.8,""margin"":-0.20000000000000007,""edge"":true},{""rule_id"":""B.win10"",""actual"":0.5,""threshold"":0.7,""margin"":-0.19999999999999996,""edge"":false}]"
P10,positive,2025-06-04,国防军工,S1,True,False,3,"[""A"",""C"",""enhancers""]","[""B"",""D""]",[],,,False,False,False,False,"{""confirm"":0,""weaken"":0,""retire"":0,""recover"":0}",no_legal_transition_triggered,"[{""rule_id"":""B.win5"",""actual"":0.6,""threshold"":0.8,""margin"":-0.20000000000000007,""edge"":true},{""rule_id"":""B.win10"",""actual"":0.5,""threshold"":0.7,""margin"":-0.19999999999999996,""edge"":false},{""rule_id"":""D.up"",""actual"":0.3900709219858156,""threshold"":0.7310768086293472,""margin"":-0.3410058866435316,""edge"":false},{""rule_id"":""D.ma20"",""actual"":0.5214285714285715,""threshold"":0.6,""margin"":-0.07857142857142851,""edge"":false},{""rule_id"":""D.newhigh"",""actual"":0.023255813953488372,""threshold"":0.046153846153846156,""margin"":-0.022898032200357785,""edge"":false}]"
P10,positive,2025-06-05,国防军工,S1,True,False,3,"[""A"",""D"",""enhancers""]","[""B"",""C""]",[],,,False,False,False,False,"{""confirm"":0,""weaken"":0,""retire"":0,""recover"":0}",no_legal_transition_triggered,"[{""rule_id"":""B.win5"",""actual"":0.6,""threshold"":0.8,""margin"":-0.20000000000000007,""edge"":true},{""rule_id"":""B.win10"",""actual"":0.5,""threshold"":0.7,""margin"":-0.19999999999999996,""edge"":false},{""rule_id"":""C.percentile"",""actual"":0.576271186440678,""threshold"":0.6,""margin"":-0.023728813559321993,""edge"":true},{""rule_id"":""C.trend"",""actual"":false,""threshold"":true,""margin"":null,""edge"":false}]"
P10,positive,2025-06-06,国防军工,S0,True,False,1,"[""C""]","[""A"",""B"",""D"",""enhancers""]",[],,,False,False,False,False,"{""confirm"":0,""weaken"":0,""retire"":0,""recover"":0}",candidate_failed,"[{""rule_id"":""A.return"",""actual"":-0.002422660631811402,""threshold"":0,""margin"":-0.002422660631811402,""edge"":true},{""rule_id"":""A.rank"",""actual"":0.4666666666666667,""threshold"":0.3,""margin"":-0.16666666666666669,""edge"":false},{""rule_id"":""B.win5"",""actual"":0.4,""threshold"":0.8,""margin"":-0.4,""edge"":false},{""rule_id"":""B.win10"",""actual"":0.4,""threshold"":0.7,""margin"":-0.29999999999999993,""edge"":false},{""rule_id"":""D.up"",""actual"":0.375886524822695,""threshold"":0.47326401782398814,""margin"":-0.09737749300129311,""edge"":false},{""rule_id"":""D.ma20"",""actual"":0.5214285714285715,""threshold"":0.6,""margin"":-0.07857142857142851,""edge"":false},{""rule_id"":""D.newhigh"",""actual"":0.023255813953488372,""threshold"":0.046511627906976744,""margin"":-0.023255813953488372,""edge"":false},{""rule_id"":""E1"",""actual"":-0.029183016471218126,""threshold"":0,""margin"":-0.029183016471218126,""edge"":false},{""rule_id"":""E2"",""actual"":0.6511627906976745,""threshold"":0.6744186046511628,""margin"":-0.023255813953488302,""edge"":false},{""rule_id"":""E3"",""actual"":0.023255813953488372,""threshold"":0.046511627906976744,""margin"":-0.023255813953488372,""edge"":false}]"
P10,positive,2025-06-09,国防军工,S0,False,False,3,"[""C"",""D"",""enhancers""]","[""A"",""B""]",[],,,False,False,False,False,"{""confirm"":0,""weaken"":0,""retire"":0,""recover"":0}",no_legal_transition_triggered,"[{""rule_id"":""A.rank"",""actual"":0.3333333333333333,""threshold"":0.3,""margin"":-0.033333333333333326,""edge"":true},{""rule_id"":""B.win5"",""actual"":0.4,""threshold"":0.8,""margin"":-0.4,""edge"":false},{""rule_id"":""B.win10"",""actual"":0.5,""threshold"":0.7,""margin"":-0.19999999999999996,""edge"":false}]"
P10,positive,2025-06-10,国防军工,S0,False,False,0,[],"[""A"",""B"",""C"",""D"",""enhancers""]",[],,,False,False,False,False,"{""confirm"":0,""weaken"":0,""retire"":0,""recover"":0}",no_legal_transition_triggered,"[{""rule_id"":""A.return"",""actual"":-0.01294482680067488,""threshold"":0,""margin"":-0.01294482680067488,""edge"":false},{""rule_id"":""A.rank"",""actual"":0.7,""threshold"":0.3,""margin"":-0.39999999999999997,""edge"":false},{""rule_id"":""B.win5"",""actual"":0.2,""threshold"":0.8,""margin"":-0.6000000000000001,""edge"":false},{""rule_id"":""B.win10"",""actual"":0.4,""threshold"":0.7,""margin"":-0.29999999999999993,""edge"":false},{""rule_id"":""C.percentile"",""actual"":0.5084745762711864,""threshold"":0.6,""margin"":-0.09152542372881356,""edge"":false},{""rule_id"":""D.up"",""actual"":0.09219858156028368,""threshold"":0.23225566703827574,""margin"":-0.14005708547799206,""edge"":false},{""rule_id"":""D.ma20"",""actual"":0.45714285714285713,""threshold"":0.6,""margin"":-0.14285714285714285,""edge"":false},{""rule_id"":""D.newhigh"",""actual"":0.007751937984496124,""threshold"":0.03875968992248062,""margin"":-0.031007751937984496,""edge"":false},{""rule_id"":""E1"",""actual"":-0.06971983851529573,""threshold"":0,""margin"":-0.06971983851529573,""edge"":false},{""rule_id"":""E2"",""actual"":0.6124031007751938,""threshold"":0.6666666666666666,""margin"":-0.054263565891472854,""edge"":false},{""rule_id"":""E3"",""actual"":0.007751937984496124,""threshold"":0.03875968992248062,""margin"":-0.031007751937984496,""edge"":false}]"
P10,positive,2025-06-11,国防军工,S0,False,False,0,[],"[""A"",""B"",""C"",""D"",""enhancers""]",[],,,False,False,False,False,"{""confirm"":0,""weaken"":0,""retire"":0,""recover"":0}",no_legal_transition_triggered,"[{""rule_id"":""A.return"",""actual"":-0.015053985759293731,""threshold"":0,""margin"":-0.015053985759293731,""edge"":false},{""rule_id"":""A.rank"",""actual"":0.7666666666666667,""threshold"":0.3,""margin"":-0.46666666666666673,""edge"":false},{""rule_id"":""B.win5"",""actual"":0.2,""threshold"":0.8,""margin"":-0.6000000000000001,""edge"":false},{""rule_id"":""B.win10"",""actual"":0.4,""threshold"":0.7,""margin"":-0.29999999999999993,""edge"":false},{""rule_id"":""C.percentile"",""actual"":0.06779661016949153,""threshold"":0.6,""margin"":-0.5322033898305084,""edge"":false},{""rule_id"":""C.trend"",""actual"":false,""threshold"":true,""margin"":null,""edge"":false},{""rule_id"":""D.up"",""actual"":0.5774647887323944,""threshold"":0.6260659992584353,""margin"":-0.04860121052604094,""edge"":false},{""rule_id"":""D.ma20"",""actual"":0.5071428571428571,""threshold"":0.6,""margin"":-0.09285714285714286,""edge"":false},{""rule_id"":""D.newhigh"",""actual"":0.023255813953488372,""threshold"":0.023255813953488372,""margin"":0.0,""edge"":true},{""rule_id"":""E1"",""actual"":-0.04526899907758719,""threshold"":0,""margin"":-0.04526899907758719,""edge"":false},{""rule_id"":""E2"",""actual"":0.6124031007751938,""threshold"":0.6511627906976745,""margin"":-0.03875968992248069,""edge"":false},{""rule_id"":""E3"",""actual"":0.023255813953488372,""threshold"":0.023255813953488372,""margin"":0.0,""edge"":true}]"
P10,positive,2025-06-12,国防军工,S0,False,False,0,[],"[""A"",""B"",""C"",""D"",""enhancers""]",[],,,False,False,False,False,"{""confirm"":0,""weaken"":0,""retire"":0,""recover"":0}",no_legal_transition_triggered,"[{""rule_id"":""A.return"",""actual"":-0.01663453713580365,""threshold"":0,""margin"":-0.01663453713580365,""edge"":false},{""rule_id"":""A.rank"",""actual"":0.6333333333333333,""threshold"":0.3,""margin"":-0.3333333333333333,""edge"":false},{""rule_id"":""B.win5"",""actual"":0.2,""threshold"":0.8,""margin"":-0.6000000000000001,""edge"":false},{""rule_id"":""B.win10"",""actual"":0.4,""threshold"":0.7,""margin"":-0.29999999999999993,""edge"":false},{""rule_id"":""C.percentile"",""actual"":0.1016949152542373,""threshold"":0.6,""margin"":-0.4983050847457627,""edge"":false},{""rule_id"":""D.up"",""actual"":0.2535211267605634,""threshold"":0.42409638554216866,""margin"":-0.1705752587816053,""edge"":false},{""rule_id"":""D.ma20"",""actual"":0.4642857142857143,""threshold"":0.6,""margin"":-0.13571428571428568,""edge"":false},{""rule_id"":""D.newhigh"",""actual"":0.007751937984496124,""threshold"":0.031007751937984496,""margin"":-0.023255813953488372,""edge"":false},{""rule_id"":""E1"",""actual"":-0.040674904640834786,""threshold"":0,""margin"":-0.040674904640834786,""edge"":false},{""rule_id"":""E2"",""actual"":0.5891472868217055,""threshold"":0.7054263565891473,""margin"":-0.11627906976744184,""edge"":false},{""rule_id"":""E3"",""actual"":0.007751937984496124,""threshold"":0.031007751937984496,""margin"":-0.023255813953488372,""edge"":false}]"
P10,positive,2025-06-13,国防军工,S1,False,False,4,"[""A"",""C"",""D"",""enhancers""]","[""B""]",[],B,False,False,False,False,False,"{""confirm"":0,""weaken"":0,""retire"":0,""recover"":0}",candidate,"[{""rule_id"":""B.win5"",""actual"":0.4,""threshold"":0.8,""margin"":-0.4,""edge"":false},{""rule_id"":""B.win10"",""actual"":0.4,""threshold"":0.7,""margin"":-0.29999999999999993,""edge"":false}]"
N01,negative,2024-10-08,美容护理,S1,True,False,3,"[""A"",""D"",""enhancers""]","[""B""]","[""C""]",,,False,False,False,False,"{""confirm"":0,""weaken"":0,""retire"":0,""recover"":0}",no_legal_transition_triggered,"[{""rule_id"":""B.win5"",""actual"":0.4,""threshold"":0.8,""margin"":-0.4,""edge"":false},{""rule_id"":""B.win10"",""actual"":0.4,""threshold"":0.7,""margin"":-0.29999999999999993,""edge"":false}]"
N01,negative,2024-10-09,美容护理,S0,True,False,0,[],"[""A"",""B"",""D"",""enhancers""]","[""C""]",,,False,False,False,False,"{""confirm"":0,""weaken"":0,""retire"":0,""recover"":0}",candidate_failed,"[{""rule_id"":""A.return"",""actual"":-0.015145840693309598,""threshold"":0,""margin"":-0.015145840693309598,""edge"":false},{""rule_id"":""B.win5"",""actual"":0.4,""threshold"":0.8,""margin"":-0.4,""edge"":false},{""rule_id"":""B.win10"",""actual"":0.4,""threshold"":0.7,""margin"":-0.29999999999999993,""edge"":false},{""rule_id"":""D.up"",""actual"":0.030303030303030304,""threshold"":0.055076807793180964,""margin"":-0.02477377749015066,""edge"":false},{""rule_id"":""D.newhigh"",""actual"":0.030303030303030304,""threshold"":0.5757575757575758,""margin"":-0.5454545454545455,""edge"":false},{""rule_id"":""E1"",""actual"":-0.024422590049741677,""threshold"":0,""margin"":-0.024422590049741677,""edge"":false},{""rule_id"":""E2"",""actual"":1.0,""threshold"":1.0,""margin"":0.0,""edge"":true},{""rule_id"":""E3"",""actual"":0.030303030303030304,""threshold"":0.5757575757575758,""margin"":-0.5454545454545455,""edge"":false}]"
N01,negative,2024-10-10,美容护理,S0,False,False,0,[],"[""A"",""B"",""C"",""D"",""enhancers""]",[],,,False,False,False,False,"{""confirm"":0,""weaken"":0,""retire"":0,""recover"":0}",no_legal_transition_triggered,"[{""rule_id"":""A.return"",""actual"":-0.0216852692838021,""threshold"":0,""margin"":-0.0216852692838021,""edge"":false},{""rule_id"":""A.rank"",""actual"":0.43333333333333335,""threshold"":0.3,""margin"":-0.13333333333333336,""edge"":false},{""rule_id"":""B.win5"",""actual"":0.2,""threshold"":0.8,""margin"":-0.6000000000000001,""edge"":false},{""rule_id"":""B.win10"",""actual"":0.3,""threshold"":0.7,""margin"":-0.39999999999999997,""edge"":false},{""rule_id"":""C.trend"",""actual"":false,""threshold"":true,""margin"":null,""edge"":false},{""rule_id"":""D.up"",""actual"":0.5454545454545454,""threshold"":0.5602172691515265,""margin"":-0.014762723696981062,""edge"":true},{""rule_id"":""D.newhigh"",""actual"":0.0,""threshold"":0.9090909090909091,""margin"":-0.9090909090909091,""edge"":false},{""rule_id"":""E1"",""actual"":-0.02432527352824576,""threshold"":0,""margin"":-0.02432527352824576,""edge"":false},{""rule_id"":""E2"",""actual"":1.0,""threshold"":1.0,""margin"":0.0,""edge"":true},{""rule_id"":""E3"",""actual"":0.0,""threshold"":0.9090909090909091,""margin"":-0.9090909090909091,""edge"":false}]"
N01,negative,2024-10-11,美容护理,S1,False,False,2,"[""A"",""D""]","[""B"",""enhancers""]","[""C""]",,,False,False,False,False,"{""confirm"":0,""weaken"":0,""retire"":0,""recover"":0}",candidate,"[{""rule_id"":""B.win5"",""actual"":0.2,""threshold"":0.8,""margin"":-0.6000000000000001,""edge"":false},{""rule_id"":""B.win10"",""actual"":0.4,""threshold"":0.7,""margin"":-0.29999999999999993,""edge"":false},{""rule_id"":""E1"",""actual"":-2.204529959382029e-05,""threshold"":0,""margin"":-2.204529959382029e-05,""edge"":true},{""rule_id"":""E2"",""actual"":1.0,""threshold"":1.0,""margin"":0.0,""edge"":true},{""rule_id"":""E3"",""actual"":0.0,""threshold"":0.9696969696969697,""margin"":-0.9696969696969697,""edge"":false}]"
N02,negative,2024-10-08,房地产,S1,True,False,1,"[""enhancers""]","[""A"",""B"",""D""]","[""C""]",,,False,False,False,False,"{""confirm"":0,""weaken"":0,""retire"":0,""recover"":0}",no_legal_transition_triggered,"[{""rule_id"":""A.return"",""actual"":-0.012569355705286833,""threshold"":0,""margin"":-0.012569355705286833,""edge"":false},{""rule_id"":""B.win5"",""actual"":0.6,""threshold"":0.8,""margin"":-0.20000000000000007,""edge"":true},{""rule_id"":""B.win10"",""actual"":0.6,""threshold"":0.7,""margin"":-0.09999999999999998,""edge"":true},{""rule_id"":""D.up"",""actual"":0.6116504854368932,""threshold"":0.9417493912717737,""margin"":-0.33009890583488055,""edge"":false},{""rule_id"":""D.newhigh"",""actual"":0.64,""threshold"":0.71,""margin"":-0.06999999999999995,""edge"":false}]"
N02,negative,2024-10-09,房地产,S0,True,False,0,[],"[""A"",""B"",""D""]","[""C"",""enhancers""]",,,False,False,False,False,"{""confirm"":0,""weaken"":0,""retire"":0,""recover"":0}",candidate_failed,"[{""rule_id"":""A.return"",""actual"":-0.04219468512103952,""threshold"":0,""margin"":-0.04219468512103952,""edge"":false},{""rule_id"":""A.rank"",""actual"":0.5,""threshold"":0.3,""margin"":-0.2,""edge"":false},{""rule_id"":""B.win5"",""actual"":0.4,""threshold"":0.8,""margin"":-0.4,""edge"":false},{""rule_id"":""B.win10"",""actual"":0.5,""threshold"":0.7,""margin"":-0.19999999999999996,""edge"":false},{""rule_id"":""D.up"",""actual"":0.019417475728155338,""threshold"":0.055076807793180964,""margin"":-0.035659332065025626,""edge"":false},{""rule_id"":""D.newhigh"",""actual"":0.02,""threshold"":0.86,""margin"":-0.84,""edge"":false},{""rule_id"":""E2"",""actual"":0.99,""threshold"":0.99,""margin"":0.0,""edge"":true},{""rule_id"":""E3"",""actual"":0.02,""threshold"":0.86,""margin"":-0.84,""edge"":false}]"
N02,negative,2024-10-10,房地产,S0,False,False,0,[],"[""A"",""B"",""D""]","[""C"",""enhancers""]",,,False,False,False,False,"{""confirm"":0,""weaken"":0,""retire"":0,""recover"":0}",no_legal_transition_triggered,"[{""rule_id"":""A.return"",""actual"":-0.058728979466640796,""threshold"":0,""margin"":-0.058728979466640796,""edge"":false},{""rule_id"":""A.rank"",""actual"":0.7333333333333333,""threshold"":0.3,""margin"":-0.4333333333333333,""edge"":false},{""rule_id"":""B.win5"",""actual"":0.2,""threshold"":0.8,""margin"":-0.6000000000000001,""edge"":false},{""rule_id"":""B.win10"",""actual"":0.4,""threshold"":0.7,""margin"":-0.29999999999999993,""edge"":false},{""rule_id"":""D.up"",""actual"":0.2815533980582524,""threshold"":0.5602172691515265,""margin"":-0.27866387109327406,""edge"":false},{""rule_id"":""D.newhigh"",""actual"":0.01,""threshold"":0.95,""margin"":-0.94,""edge"":false},{""rule_id"":""E2"",""actual"":0.97,""threshold"":1.0,""margin"":-0.030000000000000027,""edge"":false},{""rule_id"":""E3"",""actual"":0.01,""threshold"":0.95,""margin"":-0.94,""edge"":false}]"
N02,negative,2024-10-11,房地产,S0,False,False,1,"[""D""]","[""A"",""B""]","[""C"",""enhancers""]",,,False,False,False,False,"{""confirm"":0,""weaken"":0,""retire"":0,""recover"":0}",no_legal_transition_triggered,"[{""rule_id"":""A.return"",""actual"":-0.03885504713765342,""threshold"":0,""margin"":-0.03885504713765342,""edge"":false},{""rule_id"":""A.rank"",""actual"":0.7,""threshold"":0.3,""margin"":-0.39999999999999997,""edge"":false},{""rule_id"":""B.win5"",""actual"":0.2,""threshold"":0.8,""margin"":-0.6000000000000001,""edge"":false},{""rule_id"":""B.win10"",""actual"":0.4,""threshold"":0.7,""margin"":-0.29999999999999993,""edge"":false},{""rule_id"":""E2"",""actual"":0.98,""threshold"":1.0,""margin"":-0.020000000000000018,""edge"":true},{""rule_id"":""E3"",""actual"":0.02,""threshold"":0.64,""margin"":-0.62,""edge"":false}]"
N03,negative,2024-10-08,食品饮料,S0,True,False,2,"[""D"",""enhancers""]","[""A"",""B""]","[""C""]",,,False,False,False,False,"{""confirm"":0,""weaken"":0,""retire"":0,""recover"":0}",candidate_failed,"[{""rule_id"":""A.return"",""actual"":-0.03123979014384215,""threshold"":0,""margin"":-0.03123979014384215,""edge"":false},{""rule_id"":""A.rank"",""actual"":0.4,""threshold"":0.3,""margin"":-0.10000000000000003,""edge"":false},{""rule_id"":""B.win5"",""actual"":0.4,""threshold"":0.8,""margin"":-0.4,""edge"":false},{""rule_id"":""B.win10"",""actual"":0.5,""threshold"":0.7,""margin"":-0.19999999999999996,""edge"":false}]"
N03,negative,2024-10-09,食品饮料,S0,False,False,0,[],"[""A"",""B"",""D"",""enhancers""]","[""C""]",,,False,False,False,False,"{""confirm"":0,""weaken"":0,""retire"":0,""recover"":0}",no_legal_transition_triggered,"[{""rule_id"":""A.return"",""actual"":-0.027197699874758507,""threshold"":0,""margin"":-0.027197699874758507,""edge"":false},{""rule_id"":""A.rank"",""actual"":0.36666666666666664,""threshold"":0.3,""margin"":-0.06666666666666665,""edge"":false},{""rule_id"":""B.win5"",""actual"":0.4,""threshold"":0.8,""margin"":-0.4,""edge"":false},{""rule_id"":""B.win10"",""actual"":0.5,""threshold"":0.7,""margin"":-0.19999999999999996,""edge"":false},{""rule_id"":""D.up"",""actual"":0.031496062992125984,""threshold"":0.055076807793180964,""margin"":-0.02358074480105498,""edge"":false},{""rule_id"":""D.newhigh"",""actual"":0.031746031746031744,""threshold"":0.672,""margin"":-0.6402539682539683,""edge"":false},{""rule_id"":""E1"",""actual"":-0.04658271835487504,""threshold"":0,""margin"":-0.04658271835487504,""edge"":false},{""rule_id"":""E2"",""actual"":0.9603174603174603,""threshold"":0.984,""margin"":-0.02368253968253964,""edge"":false},{""rule_id"":""E3"",""actual"":0.031746031746031744,""threshold"":0.672,""margin"":-0.6402539682539683,""edge"":false}]"
N03,negative,2024-10-10,食品饮料,S0,False,False,1,"[""D""]","[""A"",""B"",""C"",""enhancers""]",[],,,False,False,False,False,"{""confirm"":0,""weaken"":0,""retire"":0,""recover"":0}",no_legal_transition_triggered,"[{""rule_id"":""A.return"",""actual"":-0.046777947123865626,""threshold"":0,""margin"":-0.046777947123865626,""edge"":false},{""rule_id"":""A.rank"",""actual"":0.6,""threshold"":0.3,""margin"":-0.3,""edge"":false},{""rule_id"":""B.win5"",""actual"":0.4,""threshold"":0.8,""margin"":-0.4,""edge"":false},{""rule_id"":""B.win10"",""actual"":0.5,""threshold"":0.7,""margin"":-0.19999999999999996,""edge"":false},{""rule_id"":""C.trend"",""actual"":false,""threshold"":true,""margin"":null,""edge"":false},{""rule_id"":""E1"",""actual"":-0.04070229018889382,""threshold"":0,""margin"":-0.04070229018889382,""edge"":false},{""rule_id"":""E2"",""actual"":0.9603174603174603,""threshold"":1.0,""margin"":-0.03968253968253965,""edge"":false},{""rule_id"":""E3"",""actual"":0.015873015873015872,""threshold"":0.912,""margin"":-0.8961269841269841,""edge"":false}]"
N03,negative,2024-10-11,食品饮料,S0,False,False,1,"[""D""]","[""A"",""B"",""C"",""enhancers""]",[],,,False,False,False,False,"{""confirm"":0,""weaken"":0,""retire"":0,""recover"":0}",no_legal_transition_triggered,"[{""rule_id"":""A.return"",""actual"":-0.021189417794921228,""threshold"":0,""margin"":-0.021189417794921228,""edge"":false},{""rule_id"":""A.rank"",""actual"":0.43333333333333335,""threshold"":0.3,""margin"":-0.13333333333333336,""edge"":false},{""rule_id"":""B.win5"",""actual"":0.4,""threshold"":0.8,""margin"":-0.4,""edge"":false},{""rule_id"":""B.win10"",""actual"":0.5,""threshold"":0.7,""margin"":-0.19999999999999996,""edge"":false},{""rule_id"":""C.trend"",""actual"":false,""threshold"":true,""margin"":null,""edge"":false},{""rule_id"":""E1"",""actual"":-0.00968527404619679,""threshold"":0,""margin"":-0.00968527404619679,""edge"":false},{""rule_id"":""E2"",""actual"":0.9603174603174603,""threshold"":0.9920634920634921,""margin"":-0.031746031746031744,""edge"":false},{""rule_id"":""E3"",""actual"":0.007936507936507936,""threshold"":0.7777777777777778,""margin"":-0.7698412698412699,""edge"":false}]"
N04,negative,2024-12-10,食品饮料,S1,True,False,4,"[""A"",""C"",""D"",""enhancers""]","[""B""]",[],B,False,False,False,True,False,"{""confirm"":0,""weaken"":0,""retire"":0,""recover"":0}",no_legal_transition_triggered,"[{""rule_id"":""B.win5"",""actual"":0.6,""threshold"":0.8,""margin"":-0.20000000000000007,""edge"":true},{""rule_id"":""B.win10"",""actual"":0.5,""threshold"":0.7,""margin"":-0.19999999999999996,""edge"":false}]"
N04,negative,2024-12-11,食品饮料,S1,True,False,4,"[""A"",""C"",""D"",""enhancers""]","[""B""]",[],B,False,True,False,True,False,"{""confirm"":0,""weaken"":0,""retire"":0,""recover"":0}",no_legal_transition_triggered,"[{""rule_id"":""B.win5"",""actual"":0.6,""threshold"":0.8,""margin"":-0.20000000000000007,""edge"":true},{""rule_id"":""B.win10"",""actual"":0.6,""threshold"":0.7,""margin"":-0.09999999999999998,""edge"":true}]"
N04,negative,2024-12-12,食品饮料,S1,True,False,5,"[""A"",""B"",""C"",""D"",""enhancers""]",[],[],,,False,False,False,True,"{""confirm"":1,""weaken"":0,""retire"":0,""recover"":0}",no_legal_transition_triggered,[]
N04,negative,2024-12-13,食品饮料,S1,True,False,4,"[""A"",""B"",""C"",""enhancers""]","[""D""]",[],D,False,False,False,False,False,"{""confirm"":0,""weaken"":0,""retire"":0,""recover"":0}",no_legal_transition_triggered,"[{""rule_id"":""D.up"",""actual"":0.13385826771653545,""threshold"":0.17135931381689354,""margin"":-0.03750104610035809,""edge"":false},{""rule_id"":""D.newhigh"",""actual"":0.09523809523809523,""threshold"":0.23809523809523808,""margin"":-0.14285714285714285,""edge"":false}]"
N04,negative,2024-12-16,食品饮料,S1,True,False,1,"[""A""]","[""B"",""C"",""D""]","[""enhancers""]",,,False,False,False,False,"{""confirm"":0,""weaken"":0,""retire"":0,""recover"":0}",no_legal_transition_triggered,"[{""rule_id"":""B.win5"",""actual"":0.6,""threshold"":0.8,""margin"":-0.20000000000000007,""edge"":true},{""rule_id"":""B.win10"",""actual"":0.5,""threshold"":0.7,""margin"":-0.19999999999999996,""edge"":false},{""rule_id"":""C.trend"",""actual"":false,""threshold"":true,""margin"":null,""edge"":false},{""rule_id"":""D.up"",""actual"":0.1732283464566929,""threshold"":0.3290454884414616,""margin"":-0.15581714198476868,""edge"":false},{""rule_id"":""D.newhigh"",""actual"":0.047619047619047616,""threshold"":0.3968253968253968,""margin"":-0.3492063492063492,""edge"":false},{""rule_id"":""E2"",""actual"":0.9365079365079365,""threshold"":0.9920634920634921,""margin"":-0.05555555555555558,""edge"":false},{""rule_id"":""E3"",""actual"":0.047619047619047616,""threshold"":0.3968253968253968,""margin"":-0.3492063492063492,""edge"":false}]"
N04,negative,2024-12-17,食品饮料,S1,True,False,2,"[""A"",""D""]","[""B"",""C""]","[""enhancers""]",,,False,False,False,False,"{""confirm"":0,""weaken"":0,""retire"":0,""recover"":0}",no_legal_transition_triggered,"[{""rule_id"":""B.win5"",""actual"":0.4,""threshold"":0.8,""margin"":-0.4,""edge"":false},{""rule_id"":""B.win10"",""actual"":0.5,""threshold"":0.7,""margin"":-0.19999999999999996,""edge"":false},{""rule_id"":""C.trend"",""actual"":false,""threshold"":true,""margin"":null,""edge"":false},{""rule_id"":""E2"",""actual"":0.9126984126984127,""threshold"":0.9920634920634921,""margin"":-0.07936507936507942,""edge"":false},{""rule_id"":""E3"",""actual"":0.015873015873015872,""threshold"":0.5476190476190477,""margin"":-0.5317460317460319,""edge"":false}]"
N04,negative,2024-12-18,食品饮料,S1,True,False,1,"[""A""]","[""B"",""C"",""D""]","[""enhancers""]",,,False,False,False,False,"{""confirm"":0,""weaken"":0,""retire"":0,""recover"":0}",no_legal_transition_triggered,"[{""rule_id"":""B.win5"",""actual"":0.2,""threshold"":0.8,""margin"":-0.6000000000000001,""edge"":false},{""rule_id"":""B.win10"",""actual"":0.4,""threshold"":0.7,""margin"":-0.29999999999999993,""edge"":false},{""rule_id"":""C.percentile"",""actual"":0.559322033898305,""threshold"":0.6,""margin"":-0.04067796610169494,""edge"":false},{""rule_id"":""C.trend"",""actual"":false,""threshold"":true,""margin"":null,""edge"":false},{""rule_id"":""D.up"",""actual"":0.15748031496062992,""threshold"":0.5218120805369127,""margin"":-0.36433176557628283,""edge"":false},{""rule_id"":""D.ma20"",""actual"":0.5196850393700787,""threshold"":0.6,""margin"":-0.08031496062992127,""edge"":false},{""rule_id"":""D.newhigh"",""actual"":0.007936507936507936,""threshold"":0.09523809523809523,""margin"":-0.0873015873015873,""edge"":false},{""rule_id"":""E2"",""actual"":0.8888888888888888,""threshold"":0.9761904761904762,""margin"":-0.08730158730158732,""edge"":false},{""rule_id"":""E3"",""actual"":0.007936507936507936,""threshold"":0.09523809523809523,""margin"":-0.0873015873015873,""edge"":false}]"
N04,negative,2024-12-19,食品饮料,S1,True,False,1,"[""A""]","[""B"",""C"",""D""]","[""enhancers""]",,,False,False,False,False,"{""confirm"":0,""weaken"":0,""retire"":0,""recover"":0}",no_legal_transition_triggered,"[{""rule_id"":""B.win5"",""actual"":0.0,""threshold"":0.8,""margin"":-0.8,""edge"":false},{""rule_id"":""B.win10"",""actual"":0.4,""threshold"":0.7,""margin"":-0.29999999999999993,""edge"":false},{""rule_id"":""C.percentile"",""actual"":0.5254237288135594,""threshold"":0.6,""margin"":-0.07457627118644061,""edge"":false},{""rule_id"":""C.trend"",""actual"":false,""threshold"":true,""margin"":null,""edge"":false},{""rule_id"":""D.up"",""actual"":0.14173228346456693,""threshold"":0.451174058889303,""margin"":-0.30944177542473605,""edge"":false},{""rule_id"":""D.ma20"",""actual"":0.3858267716535433,""threshold"":0.6,""margin"":-0.2141732283464567,""edge"":false},{""rule_id"":""D.newhigh"",""actual"":0.015873015873015872,""threshold"":0.047619047619047616,""margin"":-0.031746031746031744,""edge"":false},{""rule_id"":""E2"",""actual"":0.8650793650793651,""threshold"":0.9365079365079365,""margin"":-0.0714285714285714,""edge"":false},{""rule_id"":""E3"",""actual"":0.015873015873015872,""threshold"":0.047619047619047616,""margin"":-0.031746031746031744,""edge"":false}]"
N04,negative,2024-12-20,食品饮料,S0,True,False,3,"[""A"",""D"",""enhancers""]","[""B"",""C""]",[],,,False,False,False,False,"{""confirm"":0,""weaken"":0,""retire"":0,""recover"":0}",candidate_failed,"[{""rule_id"":""B.win5"",""actual"":0.2,""threshold"":0.8,""margin"":-0.6000000000000001,""edge"":false},{""rule_id"":""B.win10"",""actual"":0.5,""threshold"":0.7,""margin"":-0.19999999999999996,""edge"":false},{""rule_id"":""C.percentile"",""actual"":0.4406779661016949,""threshold"":0.6,""margin"":-0.15932203389830507,""edge"":false},{""rule_id"":""C.trend"",""actual"":false,""threshold"":true,""margin"":null,""edge"":false}]"
N04,negative,2024-12-23,食品饮料,S0,False,False,2,"[""A"",""enhancers""]","[""B"",""C"",""D""]",[],,,False,False,False,False,"{""confirm"":0,""weaken"":0,""retire"":0,""recover"":0}",no_legal_transition_triggered,"[{""rule_id"":""B.win5"",""actual"":0.4,""threshold"":0.8,""margin"":-0.4,""edge"":false},{""rule_id"":""B.win10"",""actual"":0.5,""threshold"":0.7,""margin"":-0.19999999999999996,""edge"":false},{""rule_id"":""C.percentile"",""actual"":0.3728813559322034,""threshold"":0.6,""margin"":-0.22711864406779658,""edge"":false},{""rule_id"":""C.trend"",""actual"":false,""threshold"":true,""margin"":null,""edge"":false},{""rule_id"":""D.up"",""actual"":0.08661417322834646,""threshold"":0.10301788375558868,""margin"":-0.016403710527242224,""edge"":true},{""rule_id"":""D.ma20"",""actual"":0.2283464566929134,""threshold"":0.6,""margin"":-0.37165354330708655,""edge"":false}]"
N04,negative,2024-12-24,食品饮料,S1,False,False,3,"[""A"",""D"",""enhancers""]","[""B"",""C""]",[],,,False,False,False,False,"{""confirm"":0,""weaken"":0,""retire"":0,""recover"":0}",candidate,"[{""rule_id"":""B.win5"",""actual"":0.6,""threshold"":0.8,""margin"":-0.20000000000000007,""edge"":true},{""rule_id"":""B.win10"",""actual"":0.5,""threshold"":0.7,""margin"":-0.19999999999999996,""edge"":false},{""rule_id"":""C.percentile"",""actual"":0.5254237288135594,""threshold"":0.6,""margin"":-0.07457627118644061,""edge"":false}]"
N04,negative,2024-12-25,食品饮料,S1,True,False,3,"[""B"",""D"",""enhancers""]","[""A"",""C""]",[],,,False,False,False,False,"{""confirm"":0,""weaken"":0,""retire"":0,""recover"":0}",no_legal_transition_triggered,"[{""rule_id"":""A.rank"",""actual"":0.43333333333333335,""threshold"":0.3,""margin"":-0.13333333333333336,""edge"":false},{""rule_id"":""C.percentile"",""actual"":0.3220338983050847,""threshold"":0.6,""margin"":-0.27796610169491526,""edge"":false}]"
N04,negative,2024-12-26,食品饮料,S1,True,False,2,"[""B"",""enhancers""]","[""A"",""C"",""D""]",[],,,False,False,False,False,"{""confirm"":0,""weaken"":0,""retire"":0,""recover"":0}",no_legal_transition_triggered,"[{""rule_id"":""A.return"",""actual"":-0.036233234861930086,""threshold"":0,""margin"":-0.036233234861930086,""edge"":false},{""rule_id"":""A.rank"",""actual"":0.9,""threshold"":0.3,""margin"":-0.6000000000000001,""edge"":false},{""rule_id"":""C.percentile"",""actual"":0.288135593220339,""threshold"":0.6,""margin"":-0.311864406779661,""edge"":false},{""rule_id"":""C.trend"",""actual"":false,""threshold"":true,""margin"":null,""edge"":false},{""rule_id"":""D.up"",""actual"":0.5590551181102362,""threshold"":0.6786579683131407,""margin"":-0.11960285020290451,""edge"":false},{""rule_id"":""D.ma20"",""actual"":0.2283464566929134,""threshold"":0.6,""margin"":-0.37165354330708655,""edge"":false}]"
N04,negative,2024-12-27,食品饮料,S0,True,False,0,[],"[""A"",""B"",""C"",""D""]","[""enhancers""]",,,False,False,False,False,"{""confirm"":0,""weaken"":0,""retire"":0,""recover"":0}",candidate_failed,"[{""rule_id"":""A.return"",""actual"":-0.0303157286459258,""threshold"":0,""margin"":-0.0303157286459258,""edge"":false},{""rule_id"":""A.rank"",""actual"":0.8333333333333334,""threshold"":0.3,""margin"":-0.5333333333333334,""edge"":false},{""rule_id"":""B.win5"",""actual"":0.6,""threshold"":0.8,""margin"":-0.20000000000000007,""edge"":true},{""rule_id"":""B.win10"",""actual"":0.4,""threshold"":0.7,""margin"":-0.29999999999999993,""edge"":false},{""rule_id"":""C.percentile"",""actual"":0.23728813559322035,""threshold"":0.6,""margin"":-0.3627118644067796,""edge"":false},{""rule_id"":""C.trend"",""actual"":false,""threshold"":true,""margin"":null,""edge"":false},{""rule_id"":""D.ma20"",""actual"":0.2204724409448819,""threshold"":0.6,""margin"":-0.3795275590551181,""edge"":false},{""rule_id"":""D.newhigh"",""actual"":0.031746031746031744,""threshold"":0.047619047619047616,""margin"":-0.015873015873015872,""edge"":false},{""rule_id"":""E2"",""actual"":0.6587301587301587,""threshold"":0.7380952380952381,""margin"":-0.07936507936507942,""edge"":false},{""rule_id"":""E3"",""actual"":0.031746031746031744,""threshold"":0.047619047619047616,""margin"":-0.015873015873015872,""edge"":false}]"
N05,negative,2025-02-19,传媒,S3,False,False,1,"[""A""]","[""B"",""C"",""D""]","[""enhancers""]",,,False,False,False,False,"{""confirm"":0,""weaken"":0,""retire"":0,""recover"":0}",weaken,"[{""rule_id"":""B.win5"",""actual"":0.4,""threshold"":0.8,""margin"":-0.4,""edge"":false},{""rule_id"":""B.win10"",""actual"":0.6,""threshold"":0.7,""margin"":-0.09999999999999998,""edge"":true},{""rule_id"":""C.percentile"",""actual"":0.4406779661016949,""threshold"":0.6,""margin"":-0.15932203389830507,""edge"":false},{""rule_id"":""C.trend"",""actual"":false,""threshold"":true,""margin"":null,""edge"":false},{""rule_id"":""D.up"",""actual"":0.8549618320610687,""threshold"":0.8620753666233525,""margin"":-0.0071135345622838075,""edge"":true},{""rule_id"":""D.newhigh"",""actual"":0.038461538461538464,""threshold"":0.1,""margin"":-0.06153846153846154,""edge"":false},{""rule_id"":""E2"",""actual"":0.6307692307692307,""threshold"":0.8692307692307693,""margin"":-0.2384615384615385,""edge"":false},{""rule_id"":""E3"",""actual"":0.038461538461538464,""threshold"":0.1,""margin"":-0.06153846153846154,""edge"":false}]"
N05,negative,2025-02-20,传媒,S3,False,False,0,[],"[""A"",""B"",""C"",""D""]","[""enhancers""]",,,False,False,False,False,"{""confirm"":0,""weaken"":0,""retire"":0,""recover"":0}",no_legal_transition_triggered,"[{""rule_id"":""A.return"",""actual"":-0.006523795755449591,""threshold"":0,""margin"":-0.006523795755449591,""edge"":false},{""rule_id"":""A.rank"",""actual"":0.3333333333333333,""threshold"":0.3,""margin"":-0.033333333333333326,""edge"":true},{""rule_id"":""B.win5"",""actual"":0.2,""threshold"":0.8,""margin"":-0.6000000000000001,""edge"":false},{""rule_id"":""B.win10"",""actual"":0.5,""threshold"":0.7,""margin"":-0.19999999999999996,""edge"":false},{""rule_id"":""C.percentile"",""actual"":0.3389830508474576,""threshold"":0.6,""margin"":-0.26101694915254237,""edge"":false},{""rule_id"":""C.trend"",""actual"":false,""threshold"":true,""margin"":null,""edge"":false},{""rule_id"":""D.up"",""actual"":0.29770992366412213,""threshold"":0.6269959153360565,""margin"":-0.32928599167193434,""edge"":false},{""rule_id"":""D.newhigh"",""actual"":0.023076923076923078,""threshold"":0.06923076923076923,""margin"":-0.046153846153846156,""edge"":false},{""rule_id"":""E2"",""actual"":0.5923076923076923,""threshold"":0.7769230769230769,""margin"":-0.18461538461538463,""edge"":false},{""rule_id"":""E3"",""actual"":0.023076923076923078,""threshold"":0.06923076923076923,""margin"":-0.046153846153846156,""edge"":false}]"
N05,negative,2025-02-21,传媒,S3,False,False,3,"[""A"",""D"",""enhancers""]","[""B"",""C""]",[],,,False,False,False,False,"{""confirm"":0,""weaken"":0,""retire"":0,""recover"":0}",no_legal_transition_triggered,"[{""rule_id"":""B.win5"",""actual"":0.2,""threshold"":0.8,""margin"":-0.6000000000000001,""edge"":false},{""rule_id"":""B.win10"",""actual"":0.6,""threshold"":0.7,""margin"":-0.09999999999999998,""edge"":true},{""rule_id"":""C.percentile"",""actual"":0.3559322033898305,""threshold"":0.6,""margin"":-0.24406779661016947,""edge"":false}]"
N05,negative,2025-02-24,传媒,S3,False,False,1,"[""enhancers""]","[""A"",""B"",""C"",""D""]",[],,,False,False,False,False,"{""confirm"":0,""weaken"":0,""retire"":0,""recover"":0}",no_legal_transition_triggered,"[{""rule_id"":""A.return"",""actual"":-0.01446236791051958,""threshold"":0,""margin"":-0.01446236791051958,""edge"":false},{""rule_id"":""A.rank"",""actual"":0.36666666666666664,""threshold"":0.3,""margin"":-0.06666666666666665,""edge"":false},{""rule_id"":""B.win5"",""actual"":0.2,""threshold"":0.8,""margin"":-0.6000000000000001,""edge"":false},{""rule_id"":""B.win10"",""actual"":0.5,""threshold"":0.7,""margin"":-0.19999999999999996,""edge"":false},{""rule_id"":""C.percentile"",""actual"":0.3220338983050847,""threshold"":0.6,""margin"":-0.27796610169491526,""edge"":false},{""rule_id"":""D.up"",""actual"":0.3435114503816794,""threshold"":0.5158774373259053,""margin"":-0.1723659869442259,""edge"":false},{""rule_id"":""D.newhigh"",""actual"":0.023076923076923078,""threshold"":0.038461538461538464,""margin"":-0.015384615384615385,""edge"":false}]"
N05,negative,2025-02-25,传媒,S3,False,False,0,[],"[""A"",""B"",""C"",""D""]","[""enhancers""]",,,False,False,False,False,"{""confirm"":0,""weaken"":0,""retire"":1,""recover"":0}",recover_requires_two_or_retire_requires_three_sessions,"[{""rule_id"":""A.return"",""actual"":-0.04419950482615653,""threshold"":0,""margin"":-0.04419950482615653,""edge"":false},{""rule_id"":""A.rank"",""actual"":0.8666666666666667,""threshold"":0.3,""margin"":-0.5666666666666667,""edge"":false},{""rule_id"":""B.win5"",""actual"":0.2,""threshold"":0.8,""margin"":-0.6000000000000001,""edge"":false},{""rule_id"":""B.win10"",""actual"":0.4,""threshold"":0.7,""margin"":-0.29999999999999993,""edge"":false},{""rule_id"":""C.percentile"",""actual"":0.2542372881355932,""threshold"":0.6,""margin"":-0.34576271186440677,""edge"":false},{""rule_id"":""C.trend"",""actual"":false,""threshold"":true,""margin"":null,""edge"":false},{""rule_id"":""D.up"",""actual"":0.09923664122137404,""threshold"":0.2853427456808471,""margin"":-0.18610610445947307,""edge"":false},{""rule_id"":""D.newhigh"",""actual"":0.015384615384615385,""threshold"":0.023076923076923078,""margin"":-0.007692307692307693,""edge"":false},{""rule_id"":""E2"",""actual"":0.5615384615384615,""threshold"":0.5923076923076923,""margin"":-0.03076923076923077,""edge"":false},{""rule_id"":""E3"",""actual"":0.015384615384615385,""threshold"":0.023076923076923078,""margin"":-0.007692307692307693,""edge"":false}]"
N05,negative,2025-02-26,传媒,S3,False,False,0,[],"[""A"",""B"",""C"",""D""]","[""enhancers""]",,,False,False,False,False,"{""confirm"":0,""weaken"":0,""retire"":2,""recover"":0}",recover_requires_two_or_retire_requires_three_sessions,"[{""rule_id"":""A.return"",""actual"":-0.055759553607684476,""threshold"":0,""margin"":-0.055759553607684476,""edge"":false},{""rule_id"":""A.rank"",""actual"":0.9666666666666667,""threshold"":0.3,""margin"":-0.6666666666666667,""edge"":false},{""rule_id"":""B.win5"",""actual"":0.2,""threshold"":0.8,""margin"":-0.6000000000000001,""edge"":false},{""rule_id"":""B.win10"",""actual"":0.3,""threshold"":0.7,""margin"":-0.39999999999999997,""edge"":false},{""rule_id"":""C.percentile"",""actual"":0.06779661016949153,""threshold"":0.6,""margin"":-0.5322033898305084,""edge"":false},{""rule_id"":""C.trend"",""actual"":false,""threshold"":true,""margin"":null,""edge"":false},{""rule_id"":""D.up"",""actual"":0.5801526717557252,""threshold"":0.7893368010403121,""margin"":-0.20918412928458696,""edge"":false},{""rule_id"":""D.ma20"",""actual"":0.5648854961832062,""threshold"":0.6,""margin"":-0.03511450381679382,""edge"":false},{""rule_id"":""D.newhigh"",""actual"":0.015384615384615385,""threshold"":0.05384615384615385,""margin"":-0.038461538461538464,""edge"":false},{""rule_id"":""E2"",""actual"":0.5538461538461539,""threshold"":0.7,""margin"":-0.14615384615384608,""edge"":false},{""rule_id"":""E3"",""actual"":0.015384615384615385,""threshold"":0.05384615384615385,""margin"":-0.038461538461538464,""edge"":false}]"
N05,negative,2025-02-27,传媒,S4,False,False,0,[],"[""A"",""B"",""C"",""D""]","[""enhancers""]",,,False,False,False,False,"{""confirm"":0,""weaken"":0,""retire"":0,""recover"":0}",retire,"[{""rule_id"":""A.return"",""actual"":-0.08833216613377826,""threshold"":0,""margin"":-0.08833216613377826,""edge"":false},{""rule_id"":""A.rank"",""actual"":1.0,""threshold"":0.3,""margin"":-0.7,""edge"":false},{""rule_id"":""B.win5"",""actual"":0.2,""threshold"":0.8,""margin"":-0.6000000000000001,""edge"":false},{""rule_id"":""B.win10"",""actual"":0.2,""threshold"":0.7,""margin"":-0.49999999999999994,""edge"":false},{""rule_id"":""C.percentile"",""actual"":0.288135593220339,""threshold"":0.6,""margin"":-0.311864406779661,""edge"":false},{""rule_id"":""D.up"",""actual"":0.24427480916030533,""threshold"":0.3963210702341137,""margin"":-0.1520462610738084,""edge"":false},{""rule_id"":""D.ma20"",""actual"":0.42748091603053434,""threshold"":0.6,""margin"":-0.17251908396946564,""edge"":false},{""rule_id"":""D.newhigh"",""actual"":0.023076923076923078,""threshold"":0.023076923076923078,""margin"":0.0,""edge"":true},{""rule_id"":""E2"",""actual"":0.46923076923076923,""threshold"":0.676923076923077,""margin"":-0.20769230769230773,""edge"":false},{""rule_id"":""E3"",""actual"":0.023076923076923078,""threshold"":0.023076923076923078,""margin"":0.0,""edge"":true}]"
N05,negative,2025-02-28,传媒,S4,False,False,0,[],"[""A"",""B"",""C"",""D"",""enhancers""]",[],,,False,False,False,False,"{""confirm"":0,""weaken"":0,""retire"":0,""recover"":0}",no_legal_transition_triggered,"[{""rule_id"":""A.return"",""actual"":-0.10157240745249763,""threshold"":0,""margin"":-0.10157240745249763,""edge"":false},{""rule_id"":""A.rank"",""actual"":1.0,""threshold"":0.3,""margin"":-0.7,""edge"":false},{""rule_id"":""B.win5"",""actual"":0.0,""threshold"":0.8,""margin"":-0.8,""edge"":false},{""rule_id"":""B.win10"",""actual"":0.1,""threshold"":0.7,""margin"":-0.6,""edge"":false},{""rule_id"":""C.percentile"",""actual"":0.23728813559322035,""threshold"":0.6,""margin"":-0.3627118644067796,""edge"":false},{""rule_id"":""D.up"",""actual"":0.03816793893129771,""threshold"":0.10574242705816762,""margin"":-0.06757448812686992,""edge"":false},{""rule_id"":""D.ma20"",""actual"":0.12213740458015267,""threshold"":0.6,""margin"":-0.4778625954198473,""edge"":false},{""rule_id"":""D.newhigh"",""actual"":0.007692307692307693,""threshold"":0.015384615384615385,""margin"":-0.007692307692307693,""edge"":false},{""rule_id"":""E1"",""actual"":-0.01290217278454664,""threshold"":0,""margin"":-0.01290217278454664,""edge"":false},{""rule_id"":""E2"",""actual"":0.24615384615384617,""threshold"":0.5615384615384615,""margin"":-0.3153846153846154,""edge"":false},{""rule_id"":""E3"",""actual"":0.007692307692307693,""threshold"":0.015384615384615385,""margin"":-0.007692307692307693,""edge"":false}]"
N05,negative,2025-03-03,传媒,S4,False,False,0,[],"[""A"",""B"",""C"",""D"",""enhancers""]",[],,,False,False,False,False,"{""confirm"":0,""weaken"":0,""retire"":0,""recover"":0}",no_legal_transition_triggered,"[{""rule_id"":""A.return"",""actual"":-0.09065516447826794,""threshold"":0,""margin"":-0.09065516447826794,""edge"":false},{""rule_id"":""A.rank"",""actual"":1.0,""threshold"":0.3,""margin"":-0.7,""edge"":false},{""rule_id"":""B.win5"",""actual"":0.0,""threshold"":0.8,""margin"":-0.8,""edge"":false},{""rule_id"":""B.win10"",""actual"":0.1,""threshold"":0.7,""margin"":-0.6,""edge"":false},{""rule_id"":""C.percentile"",""actual"":0.0847457627118644,""threshold"":0.6,""margin"":-0.5152542372881356,""edge"":false},{""rule_id"":""C.trend"",""actual"":false,""threshold"":true,""margin"":null,""edge"":false},{""rule_id"":""D.ma20"",""actual"":0.11450381679389313,""threshold"":0.6,""margin"":-0.4854961832061069,""edge"":false},{""rule_id"":""D.newhigh"",""actual"":0.0,""threshold"":0.015384615384615385,""margin"":-0.015384615384615385,""edge"":false},{""rule_id"":""E1"",""actual"":-0.037659570607152526,""threshold"":0,""margin"":-0.037659570607152526,""edge"":false},{""rule_id"":""E2"",""actual"":0.25384615384615383,""threshold"":0.5538461538461539,""margin"":-0.30000000000000004,""edge"":false},{""rule_id"":""E3"",""actual"":0.0,""threshold"":0.015384615384615385,""margin"":-0.015384615384615385,""edge"":false}]"
N05,negative,2025-03-04,传媒,S4,False,False,0,[],"[""A"",""B"",""C"",""D"",""enhancers""]",[],,,False,False,False,False,"{""confirm"":0,""weaken"":0,""retire"":0,""recover"":0}",no_legal_transition_triggered,"[{""rule_id"":""A.return"",""actual"":-0.0780362090705835,""threshold"":0,""margin"":-0.0780362090705835,""edge"":false},{""rule_id"":""A.rank"",""actual"":1.0,""threshold"":0.3,""margin"":-0.7,""edge"":false},{""rule_id"":""B.win5"",""actual"":0.0,""threshold"":0.8,""margin"":-0.8,""edge"":false},{""rule_id"":""B.win10"",""actual"":0.1,""threshold"":0.7,""margin"":-0.6,""edge"":false},{""rule_id"":""C.percentile"",""actual"":0.0,""threshold"":0.6,""margin"":-0.6,""edge"":false},{""rule_id"":""C.trend"",""actual"":false,""threshold"":true,""margin"":null,""edge"":false},{""rule_id"":""D.ma20"",""actual"":0.12213740458015267,""threshold"":0.6,""margin"":-0.4778625954198473,""edge"":false},{""rule_id"":""D.newhigh"",""actual"":0.0,""threshold"":0.023076923076923078,""margin"":-0.023076923076923078,""edge"":false},{""rule_id"":""E1"",""actual"":-0.05614282995411024,""threshold"":0,""margin"":-0.05614282995411024,""edge"":false},{""rule_id"":""E2"",""actual"":0.3076923076923077,""threshold"":0.46923076923076923,""margin"":-0.16153846153846152,""edge"":false},{""rule_id"":""E3"",""actual"":0.0,""threshold"":0.023076923076923078,""margin"":-0.023076923076923078,""edge"":false}]"
N05,negative,2025-03-05,传媒,S4,False,False,0,[],"[""A"",""B"",""C"",""D""]","[""enhancers""]",,,False,False,False,False,"{""confirm"":0,""weaken"":0,""retire"":0,""recover"":0}",no_legal_transition_triggered,"[{""rule_id"":""A.return"",""actual"":-0.07378327426131914,""threshold"":0,""margin"":-0.07378327426131914,""edge"":false},{""rule_id"":""A.rank"",""actual"":1.0,""threshold"":0.3,""margin"":-0.7,""edge"":false},{""rule_id"":""B.win5"",""actual"":0.0,""threshold"":0.8,""margin"":-0.8,""edge"":false},{""rule_id"":""B.win10"",""actual"":0.1,""threshold"":0.7,""margin"":-0.6,""edge"":false},{""rule_id"":""C.percentile"",""actual"":0.0,""threshold"":0.6,""margin"":-0.6,""edge"":false},{""rule_id"":""C.trend"",""actual"":false,""threshold"":true,""margin"":null,""edge"":false},{""rule_id"":""D.ma20"",""actual"":0.1297709923664122,""threshold"":0.6,""margin"":-0.47022900763358777,""edge"":false},{""rule_id"":""D.newhigh"",""actual"":0.0,""threshold"":0.007692307692307693,""margin"":-0.007692307692307693,""edge"":false},{""rule_id"":""E1"",""actual"":-0.06936774212885277,""threshold"":0,""margin"":-0.06936774212885277,""edge"":false},{""rule_id"":""E3"",""actual"":0.0,""threshold"":0.007692307692307693,""margin"":-0.007692307692307693,""edge"":false}]"
N05,negative,2025-03-06,传媒,S4,False,False,2,"[""D"",""enhancers""]","[""A"",""B"",""C""]",[],,,False,False,False,False,"{""confirm"":0,""weaken"":0,""retire"":0,""recover"":0}",no_legal_transition_triggered,"[{""rule_id"":""A.return"",""actual"":-0.03700151747400415,""threshold"":0,""margin"":-0.03700151747400415,""edge"":false},{""rule_id"":""A.rank"",""actual"":0.9333333333333333,""threshold"":0.3,""margin"":-0.6333333333333333,""edge"":false},{""rule_id"":""B.win5"",""actual"":0.2,""threshold"":0.8,""margin"":-0.6000000000000001,""edge"":false},{""rule_id"":""B.win10"",""actual"":0.2,""threshold"":0.7,""margin"":-0.49999999999999994,""edge"":false},{""rule_id"":""C.percentile"",""actual"":0.4406779661016949,""threshold"":0.6,""margin"":-0.15932203389830507,""edge"":false}]"
N05,negative,2025-03-07,传媒,S4,False,False,1,"[""enhancers""]","[""A"",""B"",""C"",""D""]",[],,,False,False,False,False,"{""confirm"":0,""weaken"":0,""retire"":0,""recover"":0}",no_legal_transition_triggered,"[{""rule_id"":""A.return"",""actual"":-0.05184815897872108,""threshold"":0,""margin"":-0.05184815897872108,""edge"":false},{""rule_id"":""A.rank"",""actual"":1.0,""threshold"":0.3,""margin"":-0.7,""edge"":false},{""rule_id"":""B.win5"",""actual"":0.2,""threshold"":0.8,""margin"":-0.6000000000000001,""edge"":false},{""rule_id"":""B.win10"",""actual"":0.1,""threshold"":0.7,""margin"":-0.6,""edge"":false},{""rule_id"":""C.percentile"",""actual"":0.5254237288135594,""threshold"":0.6,""margin"":-0.07457627118644061,""edge"":false},{""rule_id"":""D.up"",""actual"":0.20610687022900764,""threshold"":0.3183339531424321,""margin"":-0.11222708291342448,""edge"":false},{""rule_id"":""D.ma20"",""actual"":0.2900763358778626,""threshold"":0.6,""margin"":-0.3099236641221374,""edge"":false}]"
N06,negative,2024-12-16,纺织服饰,S3,False,True,4,"[""A"",""B"",""C"",""D""]",[],"[""enhancers""]",enhancers,,False,False,False,,"{""confirm"":0,""weaken"":0,""retire"":0,""recover"":0}",rule_evidence_unavailable:recover,"[{""rule_id"":""E2"",""actual"":0.970873786407767,""threshold"":0.9711538461538461,""margin"":-0.0002800597460791421,""edge"":true},{""rule_id"":""E3"",""actual"":0.24271844660194175,""threshold"":0.2980769230769231,""margin"":-0.05535847647498132,""edge"":false}]"
N06,negative,2024-12-17,纺织服饰,S3,False,False,3,"[""A"",""B"",""C""]","[""D""]","[""enhancers""]",,,False,False,False,False,"{""confirm"":0,""weaken"":0,""retire"":0,""recover"":0}",freeze_recovery_first_session_no_transition,"[{""rule_id"":""D.up"",""actual"":0.04807692307692308,""threshold"":0.10288909599254427,""margin"":-0.05481217291562119,""edge"":false},{""rule_id"":""D.ma20"",""actual"":0.5,""threshold"":0.6,""margin"":-0.09999999999999998,""edge"":false},{""rule_id"":""D.newhigh"",""actual"":0.02912621359223301,""threshold"":0.4174757281553398,""margin"":-0.3883495145631068,""edge"":false},{""rule_id"":""E2"",""actual"":0.9320388349514563,""threshold"":0.970873786407767,""margin"":-0.03883495145631066,""edge"":false},{""rule_id"":""E3"",""actual"":0.02912621359223301,""threshold"":0.4174757281553398,""margin"":-0.3883495145631068,""edge"":false}]"
N06,negative,2024-12-18,纺织服饰,S3,False,False,1,"[""A""]","[""B"",""C"",""D""]","[""enhancers""]",,,False,False,False,False,"{""confirm"":0,""weaken"":0,""retire"":0,""recover"":0}",no_legal_transition_triggered,"[{""rule_id"":""B.win5"",""actual"":0.6,""threshold"":0.8,""margin"":-0.20000000000000007,""edge"":true},{""rule_id"":""B.win10"",""actual"":0.5,""threshold"":0.7,""margin"":-0.19999999999999996,""edge"":false},{""rule_id"":""C.trend"",""actual"":false,""threshold"":true,""margin"":null,""edge"":false},{""rule_id"":""D.up"",""actual"":0.36538461538461536,""threshold"":0.5218120805369127,""margin"":-0.15642746515229738,""edge"":false},{""rule_id"":""D.ma20"",""actual"":0.40384615384615385,""threshold"":0.6,""margin"":-0.19615384615384612,""edge"":false},{""rule_id"":""D.newhigh"",""actual"":0.02912621359223301,""threshold"":0.23300970873786409,""margin"":-0.2038834951456311,""edge"":false},{""rule_id"":""E2"",""actual"":0.9320388349514563,""threshold"":0.9805825242718447,""margin"":-0.04854368932038833,""edge"":false},{""rule_id"":""E3"",""actual"":0.02912621359223301,""threshold"":0.23300970873786409,""margin"":-0.2038834951456311,""edge"":false}]"
N06,negative,2024-12-19,纺织服饰,S3,False,False,1,"[""A""]","[""B"",""C"",""D""]","[""enhancers""]",,,False,False,False,False,"{""confirm"":0,""weaken"":0,""retire"":0,""recover"":0}",no_legal_transition_triggered,"[{""rule_id"":""B.win5"",""actual"":0.4,""threshold"":0.8,""margin"":-0.4,""edge"":false},{""rule_id"":""B.win10"",""actual"":0.5,""threshold"":0.7,""margin"":-0.19999999999999996,""edge"":false},{""rule_id"":""C.trend"",""actual"":false,""threshold"":true,""margin"":null,""edge"":false},{""rule_id"":""D.up"",""actual"":0.3173076923076923,""threshold"":0.451174058889303,""margin"":-0.13386636658161072,""edge"":false},{""rule_id"":""D.ma20"",""actual"":0.3557692307692308,""threshold"":0.6,""margin"":-0.2442307692307692,""edge"":false},{""rule_id"":""D.newhigh"",""actual"":0.02912621359223301,""threshold"":0.24271844660194175,""margin"":-0.21359223300970875,""edge"":false},{""rule_id"":""E2"",""actual"":0.9514563106796117,""threshold"":0.970873786407767,""margin"":-0.01941747572815533,""edge"":true},{""rule_id"":""E3"",""actual"":0.02912621359223301,""threshold"":0.24271844660194175,""margin"":-0.21359223300970875,""edge"":false}]"
N06,negative,2024-12-20,纺织服饰,S3,False,False,4,"[""A"",""C"",""D"",""enhancers""]","[""B""]",[],B,False,False,False,True,False,"{""confirm"":0,""weaken"":0,""retire"":0,""recover"":0}",no_legal_transition_triggered,"[{""rule_id"":""B.win5"",""actual"":0.4,""threshold"":0.8,""margin"":-0.4,""edge"":false},{""rule_id"":""B.win10"",""actual"":0.5,""threshold"":0.7,""margin"":-0.19999999999999996,""edge"":false}]"
N06,negative,2024-12-23,纺织服饰,S3,False,False,2,"[""A"",""C""]","[""B"",""D""]","[""enhancers""]",,,False,False,False,False,"{""confirm"":0,""weaken"":0,""retire"":0,""recover"":0}",no_legal_transition_triggered,"[{""rule_id"":""B.win5"",""actual"":0.2,""threshold"":0.8,""margin"":-0.6000000000000001,""edge"":false},{""rule_id"":""B.win10"",""actual"":0.5,""threshold"":0.7,""margin"":-0.19999999999999996,""edge"":false},{""rule_id"":""D.up"",""actual"":0.07692307692307693,""threshold"":0.10301788375558868,""margin"":-0.026094806832511752,""edge"":false},{""rule_id"":""D.ma20"",""actual"":0.21153846153846154,""threshold"":0.6,""margin"":-0.3884615384615384,""edge"":false},{""rule_id"":""D.newhigh"",""actual"":0.009708737864077669,""threshold"":0.02912621359223301,""margin"":-0.01941747572815534,""edge"":false},{""rule_id"":""E2"",""actual"":0.6213592233009708,""threshold"":0.9320388349514563,""margin"":-0.3106796116504855,""edge"":false},{""rule_id"":""E3"",""actual"":0.009708737864077669,""threshold"":0.02912621359223301,""margin"":-0.01941747572815534,""edge"":false}]"
N06,negative,2024-12-24,纺织服饰,S3,False,False,3,"[""A"",""C"",""enhancers""]","[""B"",""D""]",[],,,False,False,False,False,"{""confirm"":0,""weaken"":0,""retire"":0,""recover"":0}",no_legal_transition_triggered,"[{""rule_id"":""B.win5"",""actual"":0.2,""threshold"":0.8,""margin"":-0.6000000000000001,""edge"":false},{""rule_id"":""B.win10"",""actual"":0.5,""threshold"":0.7,""margin"":-0.19999999999999996,""edge"":false},{""rule_id"":""D.up"",""actual"":0.6504854368932039,""threshold"":0.7285767511177347,""margin"":-0.07809131422453075,""edge"":false},{""rule_id"":""D.ma20"",""actual"":0.21359223300970873,""threshold"":0.6,""margin"":-0.3864077669902912,""edge"":false}]"
N06,negative,2024-12-25,纺织服饰,S3,False,False,0,[],"[""A"",""B"",""C"",""D""]","[""enhancers""]",,,False,False,False,False,"{""confirm"":0,""weaken"":0,""retire"":1,""recover"":0}",recover_requires_two_or_retire_requires_three_sessions,"[{""rule_id"":""A.return"",""actual"":-0.011357546790101924,""threshold"":0,""margin"":-0.011357546790101924,""edge"":false},{""rule_id"":""A.rank"",""actual"":0.6333333333333333,""threshold"":0.3,""margin"":-0.3333333333333333,""edge"":false},{""rule_id"":""B.win5"",""actual"":0.2,""threshold"":0.8,""margin"":-0.6000000000000001,""edge"":false},{""rule_id"":""B.win10"",""actual"":0.4,""threshold"":0.7,""margin"":-0.29999999999999993,""edge"":false},{""rule_id"":""C.trend"",""actual"":false,""threshold"":true,""margin"":null,""edge"":false},{""rule_id"":""D.up"",""actual"":0.13592233009708737,""threshold"":0.16939992545657845,""margin"":-0.033477595359491075,""edge"":false},{""rule_id"":""D.ma20"",""actual"":0.14563106796116504,""threshold"":0.6,""margin"":-0.45436893203883494,""edge"":false},{""rule_id"":""D.newhigh"",""actual"":0.0,""threshold"":0.04854368932038835,""margin"":-0.04854368932038835,""edge"":false},{""rule_id"":""E2"",""actual"":0.4411764705882353,""threshold"":0.941747572815534,""margin"":-0.5005711022272987,""edge"":false},{""rule_id"":""E3"",""actual"":0.0,""threshold"":0.04854368932038835,""margin"":-0.04854368932038835,""edge"":false}]"
N06,negative,2024-12-26,纺织服饰,S3,False,False,0,[],"[""A"",""B"",""C"",""D"",""enhancers""]",[],,,False,False,False,False,"{""confirm"":0,""weaken"":0,""retire"":2,""recover"":0}",recover_requires_two_or_retire_requires_three_sessions,"[{""rule_id"":""A.return"",""actual"":-0.023941076259978544,""threshold"":0,""margin"":-0.023941076259978544,""edge"":false},{""rule_id"":""A.rank"",""actual"":0.7333333333333333,""threshold"":0.3,""margin"":-0.4333333333333333,""edge"":false},{""rule_id"":""B.win5"",""actual"":0.2,""threshold"":0.8,""margin"":-0.6000000000000001,""edge"":false},{""rule_id"":""B.win10"",""actual"":0.3,""threshold"":0.7,""margin"":-0.39999999999999997,""edge"":false},{""rule_id"":""C.percentile"",""actual"":0.4576271186440678,""threshold"":0.6,""margin"":-0.14237288135593218,""edge"":false},{""rule_id"":""C.trend"",""actual"":false,""threshold"":true,""margin"":null,""edge"":false},{""rule_id"":""D.up"",""actual"":0.6019417475728155,""threshold"":0.6786579683131407,""margin"":-0.07671622074032525,""edge"":false},{""rule_id"":""D.ma20"",""actual"":0.1650485436893204,""threshold"":0.6,""margin"":-0.43495145631067955,""edge"":false},{""rule_id"":""D.newhigh"",""actual"":0.0,""threshold"":0.009708737864077669,""margin"":-0.009708737864077669,""edge"":false},{""rule_id"":""E1"",""actual"":-0.01351187135185039,""threshold"":0,""margin"":-0.01351187135185039,""edge"":false},{""rule_id"":""E2"",""actual"":0.46078431372549017,""threshold"":0.6213592233009708,""margin"":-0.16057490957548065,""edge"":false},{""rule_id"":""E3"",""actual"":0.0,""threshold"":0.009708737864077669,""margin"":-0.009708737864077669,""edge"":false}]"
N06,negative,2024-12-27,纺织服饰,S4,False,False,0,[],"[""A"",""B"",""C"",""D"",""enhancers""]",[],,,False,False,False,False,"{""confirm"":0,""weaken"":0,""retire"":0,""recover"":0}",retire,"[{""rule_id"":""A.return"",""actual"":-0.03498562188352061,""threshold"":0,""margin"":-0.03498562188352061,""edge"":false},{""rule_id"":""A.rank"",""actual"":0.9,""threshold"":0.3,""margin"":-0.6000000000000001,""edge"":false},{""rule_id"":""B.win5"",""actual"":0.2,""threshold"":0.8,""margin"":-0.6000000000000001,""edge"":false},{""rule_id"":""B.win10"",""actual"":0.3,""threshold"":0.7,""margin"":-0.39999999999999997,""edge"":false},{""rule_id"":""C.percentile"",""actual"":0.4576271186440678,""threshold"":0.6,""margin"":-0.14237288135593218,""edge"":false},{""rule_id"":""C.trend"",""actual"":false,""threshold"":true,""margin"":null,""edge"":false},{""rule_id"":""D.ma20"",""actual"":0.17475728155339806,""threshold"":0.6,""margin"":-0.4252427184466019,""edge"":false},{""rule_id"":""D.newhigh"",""actual"":0.0,""threshold"":0.029411764705882353,""margin"":-0.029411764705882353,""edge"":false},{""rule_id"":""E1"",""actual"":-0.014085605404199897,""threshold"":0,""margin"":-0.014085605404199897,""edge"":false},{""rule_id"":""E2"",""actual"":0.5490196078431373,""threshold"":0.6176470588235294,""margin"":-0.06862745098039214,""edge"":false},{""rule_id"":""E3"",""actual"":0.0,""threshold"":0.029411764705882353,""margin"":-0.029411764705882353,""edge"":false}]"
N07,negative,2024-12-20,社会服务,S3,False,False,1,"[""A""]","[""B"",""C"",""D""]","[""enhancers""]",,,False,False,False,False,"{""confirm"":0,""weaken"":0,""retire"":0,""recover"":0}",weaken,"[{""rule_id"":""B.win5"",""actual"":0.2,""threshold"":0.8,""margin"":-0.6000000000000001,""edge"":false},{""rule_id"":""B.win10"",""actual"":0.5,""threshold"":0.7,""margin"":-0.19999999999999996,""edge"":false},{""rule_id"":""C.trend"",""actual"":false,""threshold"":true,""margin"":null,""edge"":false},{""rule_id"":""D.up"",""actual"":0.4358974358974359,""threshold"":0.6610137905329855,""margin"":-0.22511635463554958,""edge"":false},{""rule_id"":""D.ma20"",""actual"":0.4935064935064935,""threshold"":0.6,""margin"":-0.10649350649350647,""edge"":false},{""rule_id"":""D.newhigh"",""actual"":0.039473684210526314,""threshold"":0.039473684210526314,""margin"":0.0,""edge"":true},{""rule_id"":""E2"",""actual"":0.8289473684210527,""threshold"":0.8421052631578947,""margin"":-0.013157894736842035,""edge"":true},{""rule_id"":""E3"",""actual"":0.039473684210526314,""threshold"":0.039473684210526314,""margin"":0.0,""edge"":true}]"
N07,negative,2024-12-23,社会服务,S3,False,False,0,[],"[""A"",""B"",""C"",""D""]","[""enhancers""]",,,False,False,False,False,"{""confirm"":0,""weaken"":0,""retire"":0,""recover"":0}",no_legal_transition_triggered,"[{""rule_id"":""A.rank"",""actual"":0.3333333333333333,""threshold"":0.3,""margin"":-0.033333333333333326,""edge"":true},{""rule_id"":""B.win5"",""actual"":0.0,""threshold"":0.8,""margin"":-0.8,""edge"":false},{""rule_id"":""B.win10"",""actual"":0.5,""threshold"":0.7,""margin"":-0.19999999999999996,""edge"":false},{""rule_id"":""C.trend"",""actual"":false,""threshold"":true,""margin"":null,""edge"":false},{""rule_id"":""D.up"",""actual"":0.038461538461538464,""threshold"":0.10301788375558868,""margin"":-0.06455634529405022,""edge"":false},{""rule_id"":""D.ma20"",""actual"":0.09090909090909091,""threshold"":0.6,""margin"":-0.509090909090909,""edge"":false},{""rule_id"":""D.newhigh"",""actual"":0.0,""threshold"":0.05263157894736842,""margin"":-0.05263157894736842,""edge"":false},{""rule_id"":""E2"",""actual"":0.4868421052631579,""threshold"":0.868421052631579,""margin"":-0.3815789473684211,""edge"":false},{""rule_id"":""E3"",""actual"":0.0,""threshold"":0.05263157894736842,""margin"":-0.05263157894736842,""edge"":false}]"
N07,negative,2024-12-24,社会服务,S3,False,False,0,[],"[""A"",""B"",""C"",""D"",""enhancers""]",[],,,False,False,False,False,"{""confirm"":0,""weaken"":0,""retire"":1,""recover"":0}",recover_requires_two_or_retire_requires_three_sessions,"[{""rule_id"":""A.return"",""actual"":-0.004310191017155018,""threshold"":0,""margin"":-0.004310191017155018,""edge"":true},{""rule_id"":""A.rank"",""actual"":0.5,""threshold"":0.3,""margin"":-0.2,""edge"":false},{""rule_id"":""B.win5"",""actual"":0.0,""threshold"":0.8,""margin"":-0.8,""edge"":false},{""rule_id"":""B.win10"",""actual"":0.4,""threshold"":0.7,""margin"":-0.29999999999999993,""edge"":false},{""rule_id"":""C.trend"",""actual"":false,""threshold"":true,""margin"":null,""edge"":false},{""rule_id"":""D.up"",""actual"":0.6282051282051282,""threshold"":0.7285767511177347,""margin"":-0.10037162291260648,""edge"":false},{""rule_id"":""D.ma20"",""actual"":0.1038961038961039,""threshold"":0.6,""margin"":-0.49610389610389605,""edge"":false},{""rule_id"":""D.newhigh"",""actual"":0.0,""threshold"":0.013157894736842105,""margin"":-0.013157894736842105,""edge"":false},{""rule_id"":""E1"",""actual"":-0.006543262419901774,""threshold"":0,""margin"":-0.006543262419901774,""edge"":false},{""rule_id"":""E2"",""actual"":0.4868421052631579,""threshold"":0.8289473684210527,""margin"":-0.34210526315789475,""edge"":false},{""rule_id"":""E3"",""actual"":0.0,""threshold"":0.013157894736842105,""margin"":-0.013157894736842105,""edge"":false}]"
N07,negative,2024-12-25,社会服务,S3,False,False,0,[],"[""A"",""B"",""C"",""D"",""enhancers""]",[],,,False,False,False,False,"{""confirm"":0,""weaken"":0,""retire"":2,""recover"":0}",recover_requires_two_or_retire_requires_three_sessions,"[{""rule_id"":""A.return"",""actual"":-0.008927636249555171,""threshold"":0,""margin"":-0.008927636249555171,""edge"":false},{""rule_id"":""A.rank"",""actual"":0.5666666666666667,""threshold"":0.3,""margin"":-0.26666666666666666,""edge"":false},{""rule_id"":""B.win5"",""actual"":0.0,""threshold"":0.8,""margin"":-0.8,""edge"":false},{""rule_id"":""B.win10"",""actual"":0.3,""threshold"":0.7,""margin"":-0.39999999999999997,""edge"":false},{""rule_id"":""C.percentile"",""actual"":0.5423728813559322,""threshold"":0.6,""margin"":-0.057627118644067776,""edge"":false},{""rule_id"":""C.trend"",""actual"":false,""threshold"":true,""margin"":null,""edge"":false},{""rule_id"":""D.up"",""actual"":0.14102564102564102,""threshold"":0.16939992545657845,""margin"":-0.028374284430937424,""edge"":false},{""rule_id"":""D.ma20"",""actual"":0.11688311688311688,""threshold"":0.6,""margin"":-0.4831168831168831,""edge"":false},{""rule_id"":""D.newhigh"",""actual"":0.0,""threshold"":0.039473684210526314,""margin"":-0.039473684210526314,""edge"":false},{""rule_id"":""E1"",""actual"":-0.006426354248848076,""threshold"":0,""margin"":-0.006426354248848076,""edge"":false},{""rule_id"":""E2"",""actual"":0.39473684210526316,""threshold"":0.8289473684210527,""margin"":-0.4342105263157895,""edge"":false},{""rule_id"":""E3"",""actual"":0.0,""threshold"":0.039473684210526314,""margin"":-0.039473684210526314,""edge"":false}]"
N07,negative,2024-12-26,社会服务,S4,False,False,0,[],"[""A"",""B"",""C"",""D"",""enhancers""]",[],,,False,False,False,False,"{""confirm"":0,""weaken"":0,""retire"":0,""recover"":0}",retire,"[{""rule_id"":""A.return"",""actual"":-0.020345681096896495,""threshold"":0,""margin"":-0.020345681096896495,""edge"":false},{""rule_id"":""A.rank"",""actual"":0.7,""threshold"":0.3,""margin"":-0.39999999999999997,""edge"":false},{""rule_id"":""B.win5"",""actual"":0.0,""threshold"":0.8,""margin"":-0.8,""edge"":false},{""rule_id"":""B.win10"",""actual"":0.2,""threshold"":0.7,""margin"":-0.49999999999999994,""edge"":false},{""rule_id"":""C.percentile"",""actual"":0.1864406779661017,""threshold"":0.6,""margin"":-0.4135593220338983,""edge"":false},{""rule_id"":""C.trend"",""actual"":false,""threshold"":true,""margin"":null,""edge"":false},{""rule_id"":""D.ma20"",""actual"":0.14285714285714285,""threshold"":0.6,""margin"":-0.45714285714285713,""edge"":false},{""rule_id"":""D.newhigh"",""actual"":0.0,""threshold"":0.0,""margin"":0.0,""edge"":true},{""rule_id"":""E1"",""actual"":-0.00173909317080434,""threshold"":0,""margin"":-0.00173909317080434,""edge"":true},{""rule_id"":""E2"",""actual"":0.4605263157894737,""threshold"":0.4868421052631579,""margin"":-0.026315789473684237,""edge"":false},{""rule_id"":""E3"",""actual"":0.0,""threshold"":0.0,""margin"":0.0,""edge"":true}]"
N07,negative,2024-12-27,社会服务,S4,False,False,1,"[""enhancers""]","[""A"",""B"",""C"",""D""]",[],,,False,False,False,False,"{""confirm"":0,""weaken"":0,""retire"":0,""recover"":0}",no_legal_transition_triggered,"[{""rule_id"":""A.return"",""actual"":-0.03918914388806105,""threshold"":0,""margin"":-0.03918914388806105,""edge"":false},{""rule_id"":""A.rank"",""actual"":0.9333333333333333,""threshold"":0.3,""margin"":-0.6333333333333333,""edge"":false},{""rule_id"":""B.win5"",""actual"":0.2,""threshold"":0.8,""margin"":-0.6000000000000001,""edge"":false},{""rule_id"":""B.win10"",""actual"":0.2,""threshold"":0.7,""margin"":-0.49999999999999994,""edge"":false},{""rule_id"":""C.percentile"",""actual"":0.13559322033898305,""threshold"":0.6,""margin"":-0.46440677966101696,""edge"":false},{""rule_id"":""C.trend"",""actual"":false,""threshold"":true,""margin"":null,""edge"":false},{""rule_id"":""D.ma20"",""actual"":0.14285714285714285,""threshold"":0.6,""margin"":-0.45714285714285713,""edge"":false},{""rule_id"":""D.newhigh"",""actual"":0.0,""threshold"":0.0,""margin"":0.0,""edge"":true}]"
N08,negative,2024-12-30,煤炭,S1,True,False,4,"[""A"",""C"",""D"",""enhancers""]","[""B""]",[],B,False,True,False,True,False,"{""confirm"":0,""weaken"":0,""retire"":0,""recover"":0}",no_legal_transition_triggered,"[{""rule_id"":""B.win5"",""actual"":0.6,""threshold"":0.8,""margin"":-0.20000000000000007,""edge"":true},{""rule_id"":""B.win10"",""actual"":0.6,""threshold"":0.7,""margin"":-0.09999999999999998,""edge"":true}]"
N08,negative,2024-12-31,煤炭,S1,True,False,5,"[""A"",""B"",""C"",""D"",""enhancers""]",[],[],,,False,False,False,True,"{""confirm"":1,""weaken"":0,""retire"":0,""recover"":0}",no_legal_transition_triggered,[]
N08,negative,2025-01-02,煤炭,S1,True,False,1,"[""C""]","[""A"",""B"",""D""]","[""enhancers""]",,,False,False,False,False,"{""confirm"":0,""weaken"":0,""retire"":0,""recover"":0}",no_legal_transition_triggered,"[{""rule_id"":""A.rank"",""actual"":0.36666666666666664,""threshold"":0.3,""margin"":-0.06666666666666665,""edge"":false},{""rule_id"":""B.win5"",""actual"":0.6,""threshold"":0.8,""margin"":-0.20000000000000007,""edge"":true},{""rule_id"":""B.win10"",""actual"":0.5,""threshold"":0.7,""margin"":-0.19999999999999996,""edge"":false},{""rule_id"":""D.up"",""actual"":0.02702702702702703,""threshold"":0.1718546132339236,""margin"":-0.14482758620689656,""edge"":false},{""rule_id"":""D.ma20"",""actual"":0.05714285714285714,""threshold"":0.6,""margin"":-0.5428571428571428,""edge"":false},{""rule_id"":""D.newhigh"",""actual"":0.0,""threshold"":0.02857142857142857,""margin"":-0.02857142857142857,""edge"":false},{""rule_id"":""E2"",""actual"":0.11428571428571428,""threshold"":0.2,""margin"":-0.08571428571428573,""edge"":false},{""rule_id"":""E3"",""actual"":0.0,""threshold"":0.02857142857142857,""margin"":-0.02857142857142857,""edge"":false}]"
N08,negative,2025-01-03,煤炭,S1,True,False,3,"[""A"",""B"",""C""]","[""D""]","[""enhancers""]",,,False,False,False,False,"{""confirm"":0,""weaken"":0,""retire"":0,""recover"":0}",no_legal_transition_triggered,"[{""rule_id"":""D.ma20"",""actual"":0.05714285714285714,""threshold"":0.6,""margin"":-0.5428571428571428,""edge"":false},{""rule_id"":""D.newhigh"",""actual"":0.0,""threshold"":0.02857142857142857,""margin"":-0.02857142857142857,""edge"":false},{""rule_id"":""E2"",""actual"":0.14285714285714285,""threshold"":0.17142857142857143,""margin"":-0.02857142857142858,""edge"":false},{""rule_id"":""E3"",""actual"":0.0,""threshold"":0.02857142857142857,""margin"":-0.02857142857142857,""edge"":false}]"
N08,negative,2025-01-06,煤炭,S1,True,False,3,"[""A"",""B"",""C""]","[""D""]","[""enhancers""]",,,False,False,False,False,"{""confirm"":0,""weaken"":0,""retire"":0,""recover"":0}",no_legal_transition_triggered,"[{""rule_id"":""D.ma20"",""actual"":0.05714285714285714,""threshold"":0.6,""margin"":-0.5428571428571428,""edge"":false},{""rule_id"":""D.newhigh"",""actual"":0.02857142857142857,""threshold"":0.05714285714285714,""margin"":-0.02857142857142857,""edge"":false},{""rule_id"":""E2"",""actual"":0.11428571428571428,""threshold"":0.17142857142857143,""margin"":-0.05714285714285715,""edge"":false},{""rule_id"":""E3"",""actual"":0.02857142857142857,""threshold"":0.05714285714285714,""margin"":-0.02857142857142857,""edge"":false}]"
N08,negative,2025-01-07,煤炭,S1,True,False,2,"[""A"",""C""]","[""B"",""D""]","[""enhancers""]",,,False,False,False,False,"{""confirm"":0,""weaken"":0,""retire"":0,""recover"":0}",no_legal_transition_triggered,"[{""rule_id"":""B.win5"",""actual"":0.6,""threshold"":0.8,""margin"":-0.20000000000000007,""edge"":true},{""rule_id"":""B.win10"",""actual"":0.6,""threshold"":0.7,""margin"":-0.09999999999999998,""edge"":true},{""rule_id"":""D.up"",""actual"":0.2702702702702703,""threshold"":0.8177413343272456,""margin"":-0.5474710640569753,""edge"":false},{""rule_id"":""D.ma20"",""actual"":0.08571428571428572,""threshold"":0.6,""margin"":-0.5142857142857142,""edge"":false},{""rule_id"":""D.newhigh"",""actual"":0.0,""threshold"":0.0,""margin"":0.0,""edge"":true},{""rule_id"":""E2"",""actual"":0.11428571428571428,""threshold"":0.11428571428571428,""margin"":0.0,""edge"":true},{""rule_id"":""E3"",""actual"":0.0,""threshold"":0.0,""margin"":0.0,""edge"":true}]"
N08,negative,2025-01-08,煤炭,S0,True,False,1,"[""A""]","[""B"",""C"",""D""]","[""enhancers""]",,,False,False,False,False,"{""confirm"":0,""weaken"":0,""retire"":0,""recover"":0}",candidate_failed,"[{""rule_id"":""B.win5"",""actual"":0.4,""threshold"":0.8,""margin"":-0.4,""edge"":false},{""rule_id"":""B.win10"",""actual"":0.6,""threshold"":0.7,""margin"":-0.09999999999999998,""edge"":true},{""rule_id"":""C.percentile"",""actual"":0.576271186440678,""threshold"":0.6,""margin"":-0.023728813559321993,""edge"":true},{""rule_id"":""C.trend"",""actual"":false,""threshold"":true,""margin"":null,""edge"":false},{""rule_id"":""D.up"",""actual"":0.08108108108108109,""threshold"":0.36778398510242083,""margin"":-0.28670290402133974,""edge"":false},{""rule_id"":""D.ma20"",""actual"":0.08571428571428572,""threshold"":0.6,""margin"":-0.5142857142857142,""edge"":false},{""rule_id"":""D.newhigh"",""actual"":0.0,""threshold"":0.0,""margin"":0.0,""edge"":true},{""rule_id"":""E2"",""actual"":0.08571428571428572,""threshold"":0.14285714285714285,""margin"":-0.057142857142857134,""edge"":false},{""rule_id"":""E3"",""actual"":0.0,""threshold"":0.0,""margin"":0.0,""edge"":true}]"
N08,negative,2025-01-09,煤炭,S0,False,False,1,"[""C""]","[""A"",""B"",""D""]","[""enhancers""]",,,False,False,False,False,"{""confirm"":0,""weaken"":0,""retire"":0,""recover"":0}",no_legal_transition_triggered,"[{""rule_id"":""A.rank"",""actual"":0.43333333333333335,""threshold"":0.3,""margin"":-0.13333333333333336,""edge"":false},{""rule_id"":""B.win5"",""actual"":0.4,""threshold"":0.8,""margin"":-0.4,""edge"":false},{""rule_id"":""B.win10"",""actual"":0.5,""threshold"":0.7,""margin"":-0.19999999999999996,""edge"":false},{""rule_id"":""D.up"",""actual"":0.2702702702702703,""threshold"":0.5075404952522807,""margin"":-0.23727022498201045,""edge"":false},{""rule_id"":""D.ma20"",""actual"":0.08571428571428572,""threshold"":0.6,""margin"":-0.5142857142857142,""edge"":false},{""rule_id"":""D.newhigh"",""actual"":0.02857142857142857,""threshold"":0.02857142857142857,""margin"":0.0,""edge"":true},{""rule_id"":""E2"",""actual"":0.05714285714285714,""threshold"":0.11428571428571428,""margin"":-0.05714285714285714,""edge"":false},{""rule_id"":""E3"",""actual"":0.02857142857142857,""threshold"":0.02857142857142857,""margin"":0.0,""edge"":true}]"
N08,negative,2025-01-10,煤炭,S0,False,False,2,"[""A"",""C""]","[""B"",""D""]","[""enhancers""]",,,False,False,False,False,"{""confirm"":0,""weaken"":0,""retire"":0,""recover"":0}",no_legal_transition_triggered,"[{""rule_id"":""B.win5"",""actual"":0.4,""threshold"":0.8,""margin"":-0.4,""edge"":false},{""rule_id"":""B.win10"",""actual"":0.6,""threshold"":0.7,""margin"":-0.09999999999999998,""edge"":true},{""rule_id"":""D.up"",""actual"":0.08108108108108109,""threshold"":0.0990504561534165,""margin"":-0.01796937507233541,""edge"":true},{""rule_id"":""D.ma20"",""actual"":0.05714285714285714,""threshold"":0.6,""margin"":-0.5428571428571428,""edge"":false},{""rule_id"":""D.newhigh"",""actual"":0.0,""threshold"":0.0,""margin"":0.0,""edge"":true},{""rule_id"":""E2"",""actual"":0.05714285714285714,""threshold"":0.11428571428571428,""margin"":-0.05714285714285714,""edge"":false},{""rule_id"":""E3"",""actual"":0.0,""threshold"":0.0,""margin"":0.0,""edge"":true}]"
N09,negative,2025-01-02,通信,S3,False,False,2,"[""A"",""enhancers""]","[""B"",""C"",""D""]",[],,,False,False,False,False,"{""confirm"":0,""weaken"":0,""retire"":0,""recover"":0}",weaken,"[{""rule_id"":""B.win5"",""actual"":0.2,""threshold"":0.8,""margin"":-0.6000000000000001,""edge"":false},{""rule_id"":""B.win10"",""actual"":0.3,""threshold"":0.7,""margin"":-0.39999999999999997,""edge"":false},{""rule_id"":""C.trend"",""actual"":false,""threshold"":true,""margin"":null,""edge"":false},{""rule_id"":""D.up"",""actual"":0.17054263565891473,""threshold"":0.1718546132339236,""margin"":-0.0013119775750088658,""edge"":true},{""rule_id"":""D.ma20"",""actual"":0.203125,""threshold"":0.6,""margin"":-0.396875,""edge"":false}]"
N09,negative,2025-01-03,通信,S3,False,False,0,[],"[""A"",""B"",""C"",""D""]","[""enhancers""]",,,False,False,False,False,"{""confirm"":0,""weaken"":0,""retire"":1,""recover"":0}",recover_requires_two_or_retire_requires_three_sessions,"[{""rule_id"":""A.return"",""actual"":-0.02077726176421002,""threshold"":0,""margin"":-0.02077726176421002,""edge"":false},{""rule_id"":""A.rank"",""actual"":0.8,""threshold"":0.3,""margin"":-0.5,""edge"":false},{""rule_id"":""B.win5"",""actual"":0.0,""threshold"":0.8,""margin"":-0.8,""edge"":false},{""rule_id"":""B.win10"",""actual"":0.2,""threshold"":0.7,""margin"":-0.49999999999999994,""edge"":false},{""rule_id"":""C.trend"",""actual"":false,""threshold"":true,""margin"":null,""edge"":false},{""rule_id"":""D.up"",""actual"":0.09302325581395349,""threshold"":0.11403018446059252,""margin"":-0.021006928646639028,""edge"":false},{""rule_id"":""D.ma20"",""actual"":0.1328125,""threshold"":0.6,""margin"":-0.4671875,""edge"":false},{""rule_id"":""D.newhigh"",""actual"":0.015873015873015872,""threshold"":0.09448818897637795,""margin"":-0.07861517310336208,""edge"":false},{""rule_id"":""E2"",""actual"":0.2222222222222222,""threshold"":0.5984251968503937,""margin"":-0.37620297462817154,""edge"":false},{""rule_id"":""E3"",""actual"":0.015873015873015872,""threshold"":0.09448818897637795,""margin"":-0.07861517310336208,""edge"":false}]"
N09,negative,2025-01-06,通信,S3,False,False,0,[],"[""A"",""B"",""C"",""D""]","[""enhancers""]",,,False,False,False,False,"{""confirm"":0,""weaken"":0,""retire"":2,""recover"":0}",recover_requires_two_or_retire_requires_three_sessions,"[{""rule_id"":""A.return"",""actual"":-0.0318499431324023,""threshold"":0,""margin"":-0.0318499431324023,""edge"":false},{""rule_id"":""A.rank"",""actual"":0.9,""threshold"":0.3,""margin"":-0.6000000000000001,""edge"":false},{""rule_id"":""B.win5"",""actual"":0.0,""threshold"":0.8,""margin"":-0.8,""edge"":false},{""rule_id"":""B.win10"",""actual"":0.1,""threshold"":0.7,""margin"":-0.6,""edge"":false},{""rule_id"":""C.trend"",""actual"":false,""threshold"":true,""margin"":null,""edge"":false},{""rule_id"":""D.up"",""actual"":0.24031007751937986,""threshold"":0.4266815725731321,""margin"":-0.18637149505375225,""edge"":false},{""rule_id"":""D.ma20"",""actual"":0.0859375,""threshold"":0.6,""margin"":-0.5140625,""edge"":false},{""rule_id"":""D.newhigh"",""actual"":0.007936507936507936,""threshold"":0.031496062992125984,""margin"":-0.023559555055618048,""edge"":false},{""rule_id"":""E2"",""actual"":0.1746031746031746,""threshold"":0.4409448818897638,""margin"":-0.2663417072865892,""edge"":false},{""rule_id"":""E3"",""actual"":0.007936507936507936,""threshold"":0.031496062992125984,""margin"":-0.023559555055618048,""edge"":false}]"
N09,negative,2025-01-07,通信,S4,False,False,1,"[""C""]","[""A"",""B"",""D""]","[""enhancers""]",,,False,False,False,False,"{""confirm"":0,""weaken"":0,""retire"":0,""recover"":0}",retire,"[{""rule_id"":""A.return"",""actual"":-0.016977946509367903,""threshold"":0,""margin"":-0.016977946509367903,""edge"":false},{""rule_id"":""A.rank"",""actual"":0.8333333333333334,""threshold"":0.3,""margin"":-0.5333333333333334,""edge"":false},{""rule_id"":""B.win5"",""actual"":0.2,""threshold"":0.8,""margin"":-0.6000000000000001,""edge"":false},{""rule_id"":""B.win10"",""actual"":0.2,""threshold"":0.7,""margin"":-0.49999999999999994,""edge"":false},{""rule_id"":""D.ma20"",""actual"":0.125,""threshold"":0.6,""margin"":-0.475,""edge"":false},{""rule_id"":""D.newhigh"",""actual"":0.031746031746031744,""threshold"":0.031746031746031744,""margin"":0.0,""edge"":true},{""rule_id"":""E2"",""actual"":0.2619047619047619,""threshold"":0.373015873015873,""margin"":-0.1111111111111111,""edge"":false},{""rule_id"":""E3"",""actual"":0.031746031746031744,""threshold"":0.031746031746031744,""margin"":0.0,""edge"":true}]"
N09,negative,2025-01-08,通信,S4,False,False,3,"[""C"",""D"",""enhancers""]","[""A"",""B""]",[],,,False,False,False,False,"{""confirm"":0,""weaken"":0,""retire"":0,""recover"":0}",no_legal_transition_triggered,"[{""rule_id"":""A.return"",""actual"":-0.015106753546529683,""threshold"":0,""margin"":-0.015106753546529683,""edge"":false},{""rule_id"":""A.rank"",""actual"":0.8333333333333334,""threshold"":0.3,""margin"":-0.5333333333333334,""edge"":false},{""rule_id"":""B.win5"",""actual"":0.4,""threshold"":0.8,""margin"":-0.4,""edge"":false},{""rule_id"":""B.win10"",""actual"":0.3,""threshold"":0.7,""margin"":-0.39999999999999997,""edge"":false}]"
N09,negative,2025-01-09,通信,S1,False,False,3,"[""C"",""D"",""enhancers""]","[""A"",""B""]",[],,,False,False,False,False,"{""confirm"":0,""weaken"":0,""retire"":0,""recover"":0}",new_lifecycle_reentry,"[{""rule_id"":""A.return"",""actual"":-0.01043699485143712,""threshold"":0,""margin"":-0.01043699485143712,""edge"":false},{""rule_id"":""A.rank"",""actual"":0.7,""threshold"":0.3,""margin"":-0.39999999999999997,""edge"":false},{""rule_id"":""B.win5"",""actual"":0.6,""threshold"":0.8,""margin"":-0.20000000000000007,""edge"":true},{""rule_id"":""B.win10"",""actual"":0.4,""threshold"":0.7,""margin"":-0.29999999999999993,""edge"":false}]"
N09,negative,2025-01-10,通信,S0,True,False,1,"[""C""]","[""A"",""B"",""D""]","[""enhancers""]",,,False,False,False,False,"{""confirm"":0,""weaken"":0,""retire"":0,""recover"":0}",candidate_failed,"[{""rule_id"":""A.return"",""actual"":-0.0427308154848941,""threshold"":0,""margin"":-0.0427308154848941,""edge"":false},{""rule_id"":""A.rank"",""actual"":1.0,""threshold"":0.3,""margin"":-0.7,""edge"":false},{""rule_id"":""B.win5"",""actual"":0.6,""threshold"":0.8,""margin"":-0.20000000000000007,""edge"":true},{""rule_id"":""B.win10"",""actual"":0.3,""threshold"":0.7,""margin"":-0.39999999999999997,""edge"":false},{""rule_id"":""D.up"",""actual"":0.03875968992248062,""threshold"":0.0990504561534165,""margin"":-0.06029076623093588,""edge"":false},{""rule_id"":""D.ma20"",""actual"":0.0859375,""threshold"":0.6,""margin"":-0.5140625,""edge"":false},{""rule_id"":""D.newhigh"",""actual"":0.0,""threshold"":0.031746031746031744,""margin"":-0.031746031746031744,""edge"":false},{""rule_id"":""E2"",""actual"":0.19047619047619047,""threshold"":0.2619047619047619,""margin"":-0.07142857142857145,""edge"":false},{""rule_id"":""E3"",""actual"":0.0,""threshold"":0.031746031746031744,""margin"":-0.031746031746031744,""edge"":false}]"
N10,negative,2024-11-05,房地产,S1,True,False,4,"[""A"",""B"",""D"",""enhancers""]","[""C""]",[],C,False,True,True,True,False,"{""confirm"":0,""weaken"":0,""retire"":0,""recover"":0}",no_legal_transition_triggered,"[{""rule_id"":""C.percentile"",""actual"":0.5897435897435898,""threshold"":0.6,""margin"":-0.01025641025641022,""edge"":true}]"
N10,negative,2024-11-06,房地产,S1,True,False,5,"[""A"",""B"",""C"",""D"",""enhancers""]",[],[],,,False,False,False,True,"{""confirm"":1,""weaken"":0,""retire"":0,""recover"":0}",no_legal_transition_triggered,[]
N10,negative,2024-11-12,房地产,S3,False,False,2,"[""A"",""B""]","[""C"",""D""]","[""enhancers""]",,,False,False,False,False,"{""confirm"":0,""weaken"":0,""retire"":0,""recover"":0}",weaken,"[{""rule_id"":""C.percentile"",""actual"":0.25,""threshold"":0.6,""margin"":-0.35,""edge"":false},{""rule_id"":""C.trend"",""actual"":false,""threshold"":true,""margin"":null,""edge"":false},{""rule_id"":""D.up"",""actual"":0.2621359223300971,""threshold"":0.2774869109947644,""margin"":-0.015350988664667331,""edge"":true},{""rule_id"":""D.newhigh"",""actual"":0.08,""threshold"":0.74,""margin"":-0.66,""edge"":false},{""rule_id"":""E2"",""actual"":0.99,""threshold"":1.0,""margin"":-0.010000000000000009,""edge"":true},{""rule_id"":""E3"",""actual"":0.08,""threshold"":0.74,""margin"":-0.66,""edge"":false}]"
N10,negative,2024-11-13,房地产,S3,False,False,0,[],"[""A"",""B"",""C"",""D"",""enhancers""]",[],,,False,False,False,False,"{""confirm"":0,""weaken"":0,""retire"":1,""recover"":0}",recover_requires_two_or_retire_requires_three_sessions,"[{""rule_id"":""A.return"",""actual"":-0.00226585892778175,""threshold"":0,""margin"":-0.00226585892778175,""edge"":true},{""rule_id"":""A.rank"",""actual"":0.4,""threshold"":0.3,""margin"":-0.10000000000000003,""edge"":false},{""rule_id"":""B.win5"",""actual"":0.4,""threshold"":0.8,""margin"":-0.4,""edge"":false},{""rule_id"":""B.win10"",""actual"":0.6,""threshold"":0.7,""margin"":-0.09999999999999998,""edge"":true},{""rule_id"":""C.percentile"",""actual"":0.37777777777777777,""threshold"":0.6,""margin"":-0.2222222222222222,""edge"":false},{""rule_id"":""D.up"",""actual"":0.3592233009708738,""threshold"":0.482803738317757,""margin"":-0.12358043734688323,""edge"":false},{""rule_id"":""D.newhigh"",""actual"":0.05,""threshold"":0.12,""margin"":-0.06999999999999999,""edge"":false},{""rule_id"":""E1"",""actual"":-0.059437697575166926,""threshold"":0,""margin"":-0.059437697575166926,""edge"":false},{""rule_id"":""E2"",""actual"":0.99,""threshold"":0.99,""margin"":0.0,""edge"":true},{""rule_id"":""E3"",""actual"":0.05,""threshold"":0.12,""margin"":-0.06999999999999999,""edge"":false}]"
N10,negative,2024-11-14,房地产,S3,False,False,0,[],"[""A"",""B"",""C"",""D"",""enhancers""]",[],,,False,False,False,False,"{""confirm"":0,""weaken"":0,""retire"":2,""recover"":0}",recover_requires_two_or_retire_requires_three_sessions,"[{""rule_id"":""A.return"",""actual"":-0.025698122986185234,""threshold"":0,""margin"":-0.025698122986185234,""edge"":false},{""rule_id"":""A.rank"",""actual"":0.7666666666666667,""threshold"":0.3,""margin"":-0.46666666666666673,""edge"":false},{""rule_id"":""B.win5"",""actual"":0.2,""threshold"":0.8,""margin"":-0.6000000000000001,""edge"":false},{""rule_id"":""B.win10"",""actual"":0.5,""threshold"":0.7,""margin"":-0.19999999999999996,""edge"":false},{""rule_id"":""C.percentile"",""actual"":0.5,""threshold"":0.6,""margin"":-0.09999999999999998,""edge"":false},{""rule_id"":""D.up"",""actual"":0.05825242718446602,""threshold"":0.09084112149532711,""margin"":-0.03258869431086109,""edge"":false},{""rule_id"":""D.newhigh"",""actual"":0.03,""threshold"":0.1,""margin"":-0.07,""edge"":false},{""rule_id"":""E1"",""actual"":-0.007828665285716019,""threshold"":0,""margin"":-0.007828665285716019,""edge"":false},{""rule_id"":""E2"",""actual"":0.99,""threshold"":0.99,""margin"":0.0,""edge"":true},{""rule_id"":""E3"",""actual"":0.03,""threshold"":0.1,""margin"":-0.07,""edge"":false}]"
N10,negative,2024-11-15,房地产,S4,False,False,0,[],"[""A"",""B"",""C"",""D""]","[""enhancers""]",,,False,False,False,False,"{""confirm"":0,""weaken"":0,""retire"":0,""recover"":0}",retire,"[{""rule_id"":""A.return"",""actual"":-0.06670298825673948,""threshold"":0,""margin"":-0.06670298825673948,""edge"":false},{""rule_id"":""A.rank"",""actual"":0.9666666666666667,""threshold"":0.3,""margin"":-0.6666666666666667,""edge"":false},{""rule_id"":""B.win5"",""actual"":0.2,""threshold"":0.8,""margin"":-0.6000000000000001,""edge"":false},{""rule_id"":""B.win10"",""actual"":0.4,""threshold"":0.7,""margin"":-0.29999999999999993,""edge"":false},{""rule_id"":""C.percentile"",""actual"":0.19148936170212766,""threshold"":0.6,""margin"":-0.4085106382978723,""edge"":false},{""rule_id"":""D.up"",""actual"":0.06796116504854369,""threshold"":0.1730841121495327,""margin"":-0.10512294710098902,""edge"":false},{""rule_id"":""D.ma20"",""actual"":0.3106796116504854,""threshold"":0.6,""margin"":-0.28932038834951457,""edge"":false},{""rule_id"":""D.newhigh"",""actual"":0.01,""threshold"":0.08,""margin"":-0.07,""edge"":false},{""rule_id"":""E2"",""actual"":0.99,""threshold"":0.99,""margin"":0.0,""edge"":true},{""rule_id"":""E3"",""actual"":0.01,""threshold"":0.08,""margin"":-0.07,""edge"":false}]"
A01,ambiguous,2025-02-05,传媒,S1,True,False,5,"[""A"",""B"",""C"",""D"",""enhancers""]",[],[],,,False,False,False,True,"{""confirm"":1,""weaken"":0,""retire"":0,""recover"":0}",no_legal_transition_triggered,[]
A01,ambiguous,2025-02-19,传媒,S3,False,False,1,"[""A""]","[""B"",""C"",""D""]","[""enhancers""]",,,False,False,False,False,"{""confirm"":0,""weaken"":0,""retire"":0,""recover"":0}",weaken,"[{""rule_id"":""B.win5"",""actual"":0.4,""threshold"":0.8,""margin"":-0.4,""edge"":false},{""rule_id"":""B.win10"",""actual"":0.6,""threshold"":0.7,""margin"":-0.09999999999999998,""edge"":true},{""rule_id"":""C.percentile"",""actual"":0.4406779661016949,""threshold"":0.6,""margin"":-0.15932203389830507,""edge"":false},{""rule_id"":""C.trend"",""actual"":false,""threshold"":true,""margin"":null,""edge"":false},{""rule_id"":""D.up"",""actual"":0.8549618320610687,""threshold"":0.8620753666233525,""margin"":-0.0071135345622838075,""edge"":true},{""rule_id"":""D.newhigh"",""actual"":0.038461538461538464,""threshold"":0.1,""margin"":-0.06153846153846154,""edge"":false},{""rule_id"":""E2"",""actual"":0.6307692307692307,""threshold"":0.8692307692307693,""margin"":-0.2384615384615385,""edge"":false},{""rule_id"":""E3"",""actual"":0.038461538461538464,""threshold"":0.1,""margin"":-0.06153846153846154,""edge"":false}]"
A01,ambiguous,2025-02-20,传媒,S3,False,False,0,[],"[""A"",""B"",""C"",""D""]","[""enhancers""]",,,False,False,False,False,"{""confirm"":0,""weaken"":0,""retire"":0,""recover"":0}",no_legal_transition_triggered,"[{""rule_id"":""A.return"",""actual"":-0.006523795755449591,""threshold"":0,""margin"":-0.006523795755449591,""edge"":false},{""rule_id"":""A.rank"",""actual"":0.3333333333333333,""threshold"":0.3,""margin"":-0.033333333333333326,""edge"":true},{""rule_id"":""B.win5"",""actual"":0.2,""threshold"":0.8,""margin"":-0.6000000000000001,""edge"":false},{""rule_id"":""B.win10"",""actual"":0.5,""threshold"":0.7,""margin"":-0.19999999999999996,""edge"":false},{""rule_id"":""C.percentile"",""actual"":0.3389830508474576,""threshold"":0.6,""margin"":-0.26101694915254237,""edge"":false},{""rule_id"":""C.trend"",""actual"":false,""threshold"":true,""margin"":null,""edge"":false},{""rule_id"":""D.up"",""actual"":0.29770992366412213,""threshold"":0.6269959153360565,""margin"":-0.32928599167193434,""edge"":false},{""rule_id"":""D.newhigh"",""actual"":0.023076923076923078,""threshold"":0.06923076923076923,""margin"":-0.046153846153846156,""edge"":false},{""rule_id"":""E2"",""actual"":0.5923076923076923,""threshold"":0.7769230769230769,""margin"":-0.18461538461538463,""edge"":false},{""rule_id"":""E3"",""actual"":0.023076923076923078,""threshold"":0.06923076923076923,""margin"":-0.046153846153846156,""edge"":false}]"
A01,ambiguous,2025-02-21,传媒,S3,False,False,3,"[""A"",""D"",""enhancers""]","[""B"",""C""]",[],,,False,False,False,False,"{""confirm"":0,""weaken"":0,""retire"":0,""recover"":0}",no_legal_transition_triggered,"[{""rule_id"":""B.win5"",""actual"":0.2,""threshold"":0.8,""margin"":-0.6000000000000001,""edge"":false},{""rule_id"":""B.win10"",""actual"":0.6,""threshold"":0.7,""margin"":-0.09999999999999998,""edge"":true},{""rule_id"":""C.percentile"",""actual"":0.3559322033898305,""threshold"":0.6,""margin"":-0.24406779661016947,""edge"":false}]"
A01,ambiguous,2025-02-24,传媒,S3,False,False,1,"[""enhancers""]","[""A"",""B"",""C"",""D""]",[],,,False,False,False,False,"{""confirm"":0,""weaken"":0,""retire"":0,""recover"":0}",no_legal_transition_triggered,"[{""rule_id"":""A.return"",""actual"":-0.01446236791051958,""threshold"":0,""margin"":-0.01446236791051958,""edge"":false},{""rule_id"":""A.rank"",""actual"":0.36666666666666664,""threshold"":0.3,""margin"":-0.06666666666666665,""edge"":false},{""rule_id"":""B.win5"",""actual"":0.2,""threshold"":0.8,""margin"":-0.6000000000000001,""edge"":false},{""rule_id"":""B.win10"",""actual"":0.5,""threshold"":0.7,""margin"":-0.19999999999999996,""edge"":false},{""rule_id"":""C.percentile"",""actual"":0.3220338983050847,""threshold"":0.6,""margin"":-0.27796610169491526,""edge"":false},{""rule_id"":""D.up"",""actual"":0.3435114503816794,""threshold"":0.5158774373259053,""margin"":-0.1723659869442259,""edge"":false},{""rule_id"":""D.newhigh"",""actual"":0.023076923076923078,""threshold"":0.038461538461538464,""margin"":-0.015384615384615385,""edge"":false}]"
A01,ambiguous,2025-02-25,传媒,S3,False,False,0,[],"[""A"",""B"",""C"",""D""]","[""enhancers""]",,,False,False,False,False,"{""confirm"":0,""weaken"":0,""retire"":1,""recover"":0}",recover_requires_two_or_retire_requires_three_sessions,"[{""rule_id"":""A.return"",""actual"":-0.04419950482615653,""threshold"":0,""margin"":-0.04419950482615653,""edge"":false},{""rule_id"":""A.rank"",""actual"":0.8666666666666667,""threshold"":0.3,""margin"":-0.5666666666666667,""edge"":false},{""rule_id"":""B.win5"",""actual"":0.2,""threshold"":0.8,""margin"":-0.6000000000000001,""edge"":false},{""rule_id"":""B.win10"",""actual"":0.4,""threshold"":0.7,""margin"":-0.29999999999999993,""edge"":false},{""rule_id"":""C.percentile"",""actual"":0.2542372881355932,""threshold"":0.6,""margin"":-0.34576271186440677,""edge"":false},{""rule_id"":""C.trend"",""actual"":false,""threshold"":true,""margin"":null,""edge"":false},{""rule_id"":""D.up"",""actual"":0.09923664122137404,""threshold"":0.2853427456808471,""margin"":-0.18610610445947307,""edge"":false},{""rule_id"":""D.newhigh"",""actual"":0.015384615384615385,""threshold"":0.023076923076923078,""margin"":-0.007692307692307693,""edge"":false},{""rule_id"":""E2"",""actual"":0.5615384615384615,""threshold"":0.5923076923076923,""margin"":-0.03076923076923077,""edge"":false},{""rule_id"":""E3"",""actual"":0.015384615384615385,""threshold"":0.023076923076923078,""margin"":-0.007692307692307693,""edge"":false}]"
A01,ambiguous,2025-02-26,传媒,S3,False,False,0,[],"[""A"",""B"",""C"",""D""]","[""enhancers""]",,,False,False,False,False,"{""confirm"":0,""weaken"":0,""retire"":2,""recover"":0}",recover_requires_two_or_retire_requires_three_sessions,"[{""rule_id"":""A.return"",""actual"":-0.055759553607684476,""threshold"":0,""margin"":-0.055759553607684476,""edge"":false},{""rule_id"":""A.rank"",""actual"":0.9666666666666667,""threshold"":0.3,""margin"":-0.6666666666666667,""edge"":false},{""rule_id"":""B.win5"",""actual"":0.2,""threshold"":0.8,""margin"":-0.6000000000000001,""edge"":false},{""rule_id"":""B.win10"",""actual"":0.3,""threshold"":0.7,""margin"":-0.39999999999999997,""edge"":false},{""rule_id"":""C.percentile"",""actual"":0.06779661016949153,""threshold"":0.6,""margin"":-0.5322033898305084,""edge"":false},{""rule_id"":""C.trend"",""actual"":false,""threshold"":true,""margin"":null,""edge"":false},{""rule_id"":""D.up"",""actual"":0.5801526717557252,""threshold"":0.7893368010403121,""margin"":-0.20918412928458696,""edge"":false},{""rule_id"":""D.ma20"",""actual"":0.5648854961832062,""threshold"":0.6,""margin"":-0.03511450381679382,""edge"":false},{""rule_id"":""D.newhigh"",""actual"":0.015384615384615385,""threshold"":0.05384615384615385,""margin"":-0.038461538461538464,""edge"":false},{""rule_id"":""E2"",""actual"":0.5538461538461539,""threshold"":0.7,""margin"":-0.14615384615384608,""edge"":false},{""rule_id"":""E3"",""actual"":0.015384615384615385,""threshold"":0.05384615384615385,""margin"":-0.038461538461538464,""edge"":false}]"
A01,ambiguous,2025-02-27,传媒,S4,False,False,0,[],"[""A"",""B"",""C"",""D""]","[""enhancers""]",,,False,False,False,False,"{""confirm"":0,""weaken"":0,""retire"":0,""recover"":0}",retire,"[{""rule_id"":""A.return"",""actual"":-0.08833216613377826,""threshold"":0,""margin"":-0.08833216613377826,""edge"":false},{""rule_id"":""A.rank"",""actual"":1.0,""threshold"":0.3,""margin"":-0.7,""edge"":false},{""rule_id"":""B.win5"",""actual"":0.2,""threshold"":0.8,""margin"":-0.6000000000000001,""edge"":false},{""rule_id"":""B.win10"",""actual"":0.2,""threshold"":0.7,""margin"":-0.49999999999999994,""edge"":false},{""rule_id"":""C.percentile"",""actual"":0.288135593220339,""threshold"":0.6,""margin"":-0.311864406779661,""edge"":false},{""rule_id"":""D.up"",""actual"":0.24427480916030533,""threshold"":0.3963210702341137,""margin"":-0.1520462610738084,""edge"":false},{""rule_id"":""D.ma20"",""actual"":0.42748091603053434,""threshold"":0.6,""margin"":-0.17251908396946564,""edge"":false},{""rule_id"":""D.newhigh"",""actual"":0.023076923076923078,""threshold"":0.023076923076923078,""margin"":0.0,""edge"":true},{""rule_id"":""E2"",""actual"":0.46923076923076923,""threshold"":0.676923076923077,""margin"":-0.20769230769230773,""edge"":false},{""rule_id"":""E3"",""actual"":0.023076923076923078,""threshold"":0.023076923076923078,""margin"":0.0,""edge"":true}]"
A01,ambiguous,2025-02-28,传媒,S4,False,False,0,[],"[""A"",""B"",""C"",""D"",""enhancers""]",[],,,False,False,False,False,"{""confirm"":0,""weaken"":0,""retire"":0,""recover"":0}",no_legal_transition_triggered,"[{""rule_id"":""A.return"",""actual"":-0.10157240745249763,""threshold"":0,""margin"":-0.10157240745249763,""edge"":false},{""rule_id"":""A.rank"",""actual"":1.0,""threshold"":0.3,""margin"":-0.7,""edge"":false},{""rule_id"":""B.win5"",""actual"":0.0,""threshold"":0.8,""margin"":-0.8,""edge"":false},{""rule_id"":""B.win10"",""actual"":0.1,""threshold"":0.7,""margin"":-0.6,""edge"":false},{""rule_id"":""C.percentile"",""actual"":0.23728813559322035,""threshold"":0.6,""margin"":-0.3627118644067796,""edge"":false},{""rule_id"":""D.up"",""actual"":0.03816793893129771,""threshold"":0.10574242705816762,""margin"":-0.06757448812686992,""edge"":false},{""rule_id"":""D.ma20"",""actual"":0.12213740458015267,""threshold"":0.6,""margin"":-0.4778625954198473,""edge"":false},{""rule_id"":""D.newhigh"",""actual"":0.007692307692307693,""threshold"":0.015384615384615385,""margin"":-0.007692307692307693,""edge"":false},{""rule_id"":""E1"",""actual"":-0.01290217278454664,""threshold"":0,""margin"":-0.01290217278454664,""edge"":false},{""rule_id"":""E2"",""actual"":0.24615384615384617,""threshold"":0.5615384615384615,""margin"":-0.3153846153846154,""edge"":false},{""rule_id"":""E3"",""actual"":0.007692307692307693,""threshold"":0.015384615384615385,""margin"":-0.007692307692307693,""edge"":false}]"
A02,ambiguous,2025-04-15,通信,S4,False,False,0,[],"[""A"",""B"",""C"",""D""]","[""enhancers""]",,,False,False,False,False,"{""confirm"":0,""weaken"":0,""retire"":0,""recover"":0}",no_legal_transition_triggered,"[{""rule_id"":""A.return"",""actual"":-0.049488247958051734,""threshold"":0,""margin"":-0.049488247958051734,""edge"":false},{""rule_id"":""A.rank"",""actual"":1.0,""threshold"":0.3,""margin"":-0.7,""edge"":false},{""rule_id"":""B.win5"",""actual"":0.4,""threshold"":0.8,""margin"":-0.4,""edge"":false},{""rule_id"":""B.win10"",""actual"":0.3,""threshold"":0.7,""margin"":-0.39999999999999997,""edge"":false},{""rule_id"":""C.percentile"",""actual"":0.0,""threshold"":0.6,""margin"":-0.6,""edge"":false},{""rule_id"":""D.up"",""actual"":0.32061068702290074,""threshold"":0.4483014664934101,""margin"":-0.12769077947050933,""edge"":false},{""rule_id"":""D.ma20"",""actual"":0.0916030534351145,""threshold"":0.6,""margin"":-0.5083969465648854,""edge"":false},{""rule_id"":""D.newhigh"",""actual"":0.0,""threshold"":0.0,""margin"":0.0,""edge"":true},{""rule_id"":""E1"",""actual"":-0.08461852163975303,""threshold"":0,""margin"":-0.08461852163975303,""edge"":false},{""rule_id"":""E3"",""actual"":0.0,""threshold"":0.0,""margin"":0.0,""edge"":true}]"
A02,ambiguous,2025-04-16,通信,S4,False,False,0,[],"[""A"",""B"",""C"",""D""]","[""enhancers""]",,,False,False,False,False,"{""confirm"":0,""weaken"":0,""retire"":0,""recover"":0}",no_legal_transition_triggered,"[{""rule_id"":""A.return"",""actual"":-0.04085007234822058,""threshold"":0,""margin"":-0.04085007234822058,""edge"":false},{""rule_id"":""A.rank"",""actual"":1.0,""threshold"":0.3,""margin"":-0.7,""edge"":false},{""rule_id"":""B.win5"",""actual"":0.2,""threshold"":0.8,""margin"":-0.6000000000000001,""edge"":false},{""rule_id"":""B.win10"",""actual"":0.3,""threshold"":0.7,""margin"":-0.39999999999999997,""edge"":false},{""rule_id"":""C.percentile"",""actual"":0.01694915254237288,""threshold"":0.6,""margin"":-0.5830508474576271,""edge"":false},{""rule_id"":""D.up"",""actual"":0.13740458015267176,""threshold"":0.18686212655409168,""margin"":-0.049457546401419916,""edge"":false},{""rule_id"":""D.ma20"",""actual"":0.08396946564885496,""threshold"":0.6,""margin"":-0.516030534351145,""edge"":false},{""rule_id"":""E1"",""actual"":-0.08495673874169185,""threshold"":0,""margin"":-0.08495673874169185,""edge"":false},{""rule_id"":""E2"",""actual"":0.08527131782945736,""threshold"":0.10852713178294573,""margin"":-0.023255813953488372,""edge"":false}]"
A02,ambiguous,2025-04-17,通信,S4,False,False,0,[],"[""A"",""B"",""C"",""D"",""enhancers""]",[],,,False,False,False,False,"{""confirm"":0,""weaken"":0,""retire"":0,""recover"":0}",no_legal_transition_triggered,"[{""rule_id"":""A.return"",""actual"":-0.051400965077018634,""threshold"":0,""margin"":-0.051400965077018634,""edge"":false},{""rule_id"":""A.rank"",""actual"":1.0,""threshold"":0.3,""margin"":-0.7,""edge"":false},{""rule_id"":""B.win5"",""actual"":0.2,""threshold"":0.8,""margin"":-0.6000000000000001,""edge"":false},{""rule_id"":""B.win10"",""actual"":0.2,""threshold"":0.7,""margin"":-0.49999999999999994,""edge"":false},{""rule_id"":""C.percentile"",""actual"":0.0,""threshold"":0.6,""margin"":-0.6,""edge"":false},{""rule_id"":""D.up"",""actual"":0.44274809160305345,""threshold"":0.5793768545994066,""margin"":-0.13662876299635313,""edge"":false},{""rule_id"":""D.ma20"",""actual"":0.09923664122137404,""threshold"":0.6,""margin"":-0.500763358778626,""edge"":false},{""rule_id"":""D.newhigh"",""actual"":0.0,""threshold"":0.015503875968992248,""margin"":-0.015503875968992248,""edge"":false},{""rule_id"":""E1"",""actual"":-0.08299922940146087,""threshold"":0,""margin"":-0.08299922940146087,""edge"":false},{""rule_id"":""E2"",""actual"":0.09302325581395349,""threshold"":0.10852713178294573,""margin"":-0.015503875968992248,""edge"":true},{""rule_id"":""E3"",""actual"":0.0,""threshold"":0.015503875968992248,""margin"":-0.015503875968992248,""edge"":false}]"
A02,ambiguous,2025-04-18,通信,S4,False,False,2,"[""D"",""enhancers""]","[""A"",""B"",""C""]",[],,,False,False,False,False,"{""confirm"":0,""weaken"":0,""retire"":0,""recover"":0}",no_legal_transition_triggered,"[{""rule_id"":""A.return"",""actual"":-0.02189539329436374,""threshold"":0,""margin"":-0.02189539329436374,""edge"":false},{""rule_id"":""A.rank"",""actual"":0.9,""threshold"":0.3,""margin"":-0.6000000000000001,""edge"":false},{""rule_id"":""B.win5"",""actual"":0.2,""threshold"":0.8,""margin"":-0.6000000000000001,""edge"":false},{""rule_id"":""B.win10"",""actual"":0.3,""threshold"":0.7,""margin"":-0.39999999999999997,""edge"":false},{""rule_id"":""C.percentile"",""actual"":0.23728813559322035,""threshold"":0.6,""margin"":-0.3627118644067796,""edge"":false}]"
A02,ambiguous,2025-04-21,通信,S1,False,False,0,[],"[""A"",""B"",""C"",""D""]","[""enhancers""]",,,False,False,False,False,"{""confirm"":0,""weaken"":0,""retire"":0,""recover"":0}",new_lifecycle_reentry,"[{""rule_id"":""A.rank"",""actual"":0.3333333333333333,""threshold"":0.3,""margin"":-0.033333333333333326,""edge"":true},{""rule_id"":""B.win5"",""actual"":0.4,""threshold"":0.8,""margin"":-0.4,""edge"":false},{""rule_id"":""B.win10"",""actual"":0.4,""threshold"":0.7,""margin"":-0.29999999999999993,""edge"":false},{""rule_id"":""C.percentile"",""actual"":0.2711864406779661,""threshold"":0.6,""margin"":-0.3288135593220339,""edge"":false},{""rule_id"":""D.up"",""actual"":0.7557251908396947,""threshold"":0.8088699202078308,""margin"":-0.05314472936813608,""edge"":false},{""rule_id"":""D.ma20"",""actual"":0.32061068702290074,""threshold"":0.6,""margin"":-0.27938931297709924,""edge"":false},{""rule_id"":""D.newhigh"",""actual"":0.007692307692307693,""threshold"":0.007751937984496124,""margin"":-5.963029218843119e-05,""edge"":true},{""rule_id"":""E1"",""actual"":-0.05735814763218594,""threshold"":0,""margin"":-0.05735814763218594,""edge"":false},{""rule_id"":""E3"",""actual"":0.007692307692307693,""threshold"":0.007751937984496124,""margin"":-5.963029218843119e-05,""edge"":true}]"
A02,ambiguous,2025-04-22,通信,S0,True,False,2,"[""A"",""enhancers""]","[""B"",""C"",""D""]",[],,,False,False,False,False,"{""confirm"":0,""weaken"":0,""retire"":0,""recover"":0}",candidate_failed,"[{""rule_id"":""B.win5"",""actual"":0.4,""threshold"":0.8,""margin"":-0.4,""edge"":false},{""rule_id"":""B.win10"",""actual"":0.4,""threshold"":0.7,""margin"":-0.29999999999999993,""edge"":false},{""rule_id"":""C.percentile"",""actual"":0.2542372881355932,""threshold"":0.6,""margin"":-0.34576271186440677,""edge"":false},{""rule_id"":""D.up"",""actual"":0.24427480916030533,""threshold"":0.4682510211659859,""margin"":-0.22397621200568055,""edge"":false},{""rule_id"":""D.ma20"",""actual"":0.3053435114503817,""threshold"":0.6,""margin"":-0.2946564885496183,""edge"":false}]"
A02,ambiguous,2025-04-23,通信,S1,False,False,1,"[""A""]","[""B"",""C"",""D""]","[""enhancers""]",,,False,False,False,False,"{""confirm"":0,""weaken"":0,""retire"":0,""recover"":0}",candidate,"[{""rule_id"":""B.win5"",""actual"":0.6,""threshold"":0.8,""margin"":-0.20000000000000007,""edge"":true},{""rule_id"":""B.win10"",""actual"":0.4,""threshold"":0.7,""margin"":-0.29999999999999993,""edge"":false},{""rule_id"":""C.percentile"",""actual"":0.4406779661016949,""threshold"":0.6,""margin"":-0.15932203389830507,""edge"":false},{""rule_id"":""D.ma20"",""actual"":0.46564885496183206,""threshold"":0.6,""margin"":-0.13435114503816792,""edge"":false},{""rule_id"":""D.newhigh"",""actual"":0.0,""threshold"":0.007692307692307693,""margin"":-0.007692307692307693,""edge"":false},{""rule_id"":""E1"",""actual"":-0.03403452801215001,""threshold"":0,""margin"":-0.03403452801215001,""edge"":false},{""rule_id"":""E3"",""actual"":0.0,""threshold"":0.007692307692307693,""margin"":-0.007692307692307693,""edge"":false}]"
A02,ambiguous,2025-04-24,通信,S1,True,False,0,[],"[""A"",""B"",""C"",""D"",""enhancers""]",[],,,False,False,False,False,"{""confirm"":0,""weaken"":0,""retire"":0,""recover"":0}",no_legal_transition_triggered,"[{""rule_id"":""A.return"",""actual"":-0.0003628663164216839,""threshold"":0,""margin"":-0.0003628663164216839,""edge"":true},{""rule_id"":""A.rank"",""actual"":0.5666666666666667,""threshold"":0.3,""margin"":-0.26666666666666666,""edge"":false},{""rule_id"":""B.win5"",""actual"":0.6,""threshold"":0.8,""margin"":-0.20000000000000007,""edge"":true},{""rule_id"":""B.win10"",""actual"":0.4,""threshold"":0.7,""margin"":-0.29999999999999993,""edge"":false},{""rule_id"":""C.percentile"",""actual"":0.2711864406779661,""threshold"":0.6,""margin"":-0.3288135593220339,""edge"":false},{""rule_id"":""D.up"",""actual"":0.10687022900763359,""threshold"":0.28587339892333397,""margin"":-0.17900316991570037,""edge"":false},{""rule_id"":""D.ma20"",""actual"":0.32061068702290074,""threshold"":0.6,""margin"":-0.27938931297709924,""edge"":false},{""rule_id"":""D.newhigh"",""actual"":0.007692307692307693,""threshold"":0.007692307692307693,""margin"":0.0,""edge"":true},{""rule_id"":""E1"",""actual"":-0.0433210051403653,""threshold"":0,""margin"":-0.0433210051403653,""edge"":false},{""rule_id"":""E2"",""actual"":0.1076923076923077,""threshold"":0.16153846153846155,""margin"":-0.05384615384615385,""edge"":false},{""rule_id"":""E3"",""actual"":0.007692307692307693,""threshold"":0.007692307692307693,""margin"":0.0,""edge"":true}]"
A02,ambiguous,2025-04-25,通信,S1,True,False,1,"[""D""]","[""A"",""B"",""C""]","[""enhancers""]",,,False,False,False,False,"{""confirm"":0,""weaken"":0,""retire"":0,""recover"":0}",no_legal_transition_triggered,"[{""rule_id"":""A.return"",""actual"":-0.007001813111051858,""threshold"":0,""margin"":-0.007001813111051858,""edge"":false},{""rule_id"":""A.rank"",""actual"":0.7,""threshold"":0.3,""margin"":-0.39999999999999997,""edge"":false},{""rule_id"":""B.win5"",""actual"":0.6,""threshold"":0.8,""margin"":-0.20000000000000007,""edge"":true},{""rule_id"":""B.win10"",""actual"":0.4,""threshold"":0.7,""margin"":-0.29999999999999993,""edge"":false},{""rule_id"":""C.percentile"",""actual"":0.3898305084745763,""threshold"":0.6,""margin"":-0.2101694915254237,""edge"":false},{""rule_id"":""E1"",""actual"":-0.038306685159915865,""threshold"":0,""margin"":-0.038306685159915865,""edge"":false},{""rule_id"":""E2"",""actual"":0.13846153846153847,""threshold"":0.16153846153846155,""margin"":-0.023076923076923078,""edge"":false}]"
A02,ambiguous,2025-04-28,通信,S1,True,False,0,[],"[""A"",""B"",""C"",""D"",""enhancers""]",[],,,False,False,False,False,"{""confirm"":0,""weaken"":0,""retire"":0,""recover"":0}",no_legal_transition_triggered,"[{""rule_id"":""A.return"",""actual"":-0.0027665539632489855,""threshold"":0,""margin"":-0.0027665539632489855,""edge"":true},{""rule_id"":""A.rank"",""actual"":0.6333333333333333,""threshold"":0.3,""margin"":-0.3333333333333333,""edge"":false},{""rule_id"":""B.win5"",""actual"":0.6,""threshold"":0.8,""margin"":-0.20000000000000007,""edge"":true},{""rule_id"":""B.win10"",""actual"":0.5,""threshold"":0.7,""margin"":-0.19999999999999996,""edge"":false},{""rule_id"":""C.percentile"",""actual"":0.2542372881355932,""threshold"":0.6,""margin"":-0.34576271186440677,""edge"":false},{""rule_id"":""D.ma20"",""actual"":0.3923076923076923,""threshold"":0.6,""margin"":-0.20769230769230768,""edge"":false},{""rule_id"":""D.newhigh"",""actual"":0.0,""threshold"":0.0,""margin"":0.0,""edge"":true},{""rule_id"":""E1"",""actual"":-0.037454197342712936,""threshold"":0,""margin"":-0.037454197342712936,""edge"":false},{""rule_id"":""E2"",""actual"":0.13953488372093023,""threshold"":0.14615384615384616,""margin"":-0.006618962432915931,""edge"":true},{""rule_id"":""E3"",""actual"":0.0,""threshold"":0.0,""margin"":0.0,""edge"":true}]"
A02,ambiguous,2025-04-29,通信,S1,True,False,2,"[""D"",""enhancers""]","[""A"",""B"",""C""]",[],,,False,False,False,False,"{""confirm"":0,""weaken"":0,""retire"":0,""recover"":0}",no_legal_transition_triggered,"[{""rule_id"":""A.return"",""actual"":-0.0016359218687642674,""threshold"":0,""margin"":-0.0016359218687642674,""edge"":true},{""rule_id"":""A.rank"",""actual"":0.5666666666666667,""threshold"":0.3,""margin"":-0.26666666666666666,""edge"":false},{""rule_id"":""B.win5"",""actual"":0.6,""threshold"":0.8,""margin"":-0.20000000000000007,""edge"":true},{""rule_id"":""B.win10"",""actual"":0.5,""threshold"":0.7,""margin"":-0.19999999999999996,""edge"":false},{""rule_id"":""C.percentile"",""actual"":0.23728813559322035,""threshold"":0.6,""margin"":-0.3627118644067796,""edge"":false},{""rule_id"":""C.trend"",""actual"":false,""threshold"":true,""margin"":null,""edge"":false}]"
A02,ambiguous,2025-04-30,通信,S1,True,False,2,"[""A"",""D""]","[""B"",""C""]","[""enhancers""]",,,False,False,False,False,"{""confirm"":0,""weaken"":0,""retire"":0,""recover"":0}",no_legal_transition_triggered,"[{""rule_id"":""B.win5"",""actual"":0.6,""threshold"":0.8,""margin"":-0.20000000000000007,""edge"":true},{""rule_id"":""B.win10"",""actual"":0.6,""threshold"":0.7,""margin"":-0.09999999999999998,""edge"":true},{""rule_id"":""C.percentile"",""actual"":0.23728813559322035,""threshold"":0.6,""margin"":-0.3627118644067796,""edge"":false},{""rule_id"":""C.trend"",""actual"":false,""threshold"":true,""margin"":null,""edge"":false},{""rule_id"":""E1"",""actual"":-0.028511542145430946,""threshold"":0,""margin"":-0.028511542145430946,""edge"":false},{""rule_id"":""E3"",""actual"":0.0,""threshold"":0.023076923076923078,""margin"":-0.023076923076923078,""edge"":false}]"
A02,ambiguous,2025-05-06,通信,S1,True,False,4,"[""A"",""B"",""D"",""enhancers""]","[""C""]",[],C,False,False,False,False,False,"{""confirm"":0,""weaken"":0,""retire"":0,""recover"":0}",no_legal_transition_triggered,"[{""rule_id"":""C.percentile"",""actual"":0.4745762711864407,""threshold"":0.6,""margin"":-0.1254237288135593,""edge"":false}]"
A02,ambiguous,2025-05-07,通信,S1,True,False,3,"[""A"",""D"",""enhancers""]","[""B"",""C""]",[],,,False,False,False,False,"{""confirm"":0,""weaken"":0,""retire"":0,""recover"":0}",no_legal_transition_triggered,"[{""rule_id"":""B.win5"",""actual"":0.6,""threshold"":0.8,""margin"":-0.20000000000000007,""edge"":true},{""rule_id"":""B.win10"",""actual"":0.6,""threshold"":0.7,""margin"":-0.09999999999999998,""edge"":true},{""rule_id"":""C.percentile"",""actual"":0.3220338983050847,""threshold"":0.6,""margin"":-0.27796610169491526,""edge"":false}]"
A02,ambiguous,2025-05-08,通信,S1,True,False,4,"[""A"",""C"",""D"",""enhancers""]","[""B""]",[],B,False,True,False,True,False,"{""confirm"":0,""weaken"":0,""retire"":0,""recover"":0}",no_legal_transition_triggered,"[{""rule_id"":""B.win5"",""actual"":0.6,""threshold"":0.8,""margin"":-0.20000000000000007,""edge"":true},{""rule_id"":""B.win10"",""actual"":0.6,""threshold"":0.7,""margin"":-0.09999999999999998,""edge"":true}]"
A02,ambiguous,2025-05-09,通信,S1,True,False,2,"[""A"",""enhancers""]","[""B"",""C"",""D""]",[],,,False,False,False,False,"{""confirm"":0,""weaken"":0,""retire"":0,""recover"":0}",no_legal_transition_triggered,"[{""rule_id"":""B.win5"",""actual"":0.6,""threshold"":0.8,""margin"":-0.20000000000000007,""edge"":true},{""rule_id"":""B.win10"",""actual"":0.6,""threshold"":0.7,""margin"":-0.09999999999999998,""edge"":true},{""rule_id"":""C.percentile"",""actual"":0.5932203389830508,""threshold"":0.6,""margin"":-0.006779661016949157,""edge"":true},{""rule_id"":""D.up"",""actual"":0.16279069767441862,""threshold"":0.22383073496659242,""margin"":-0.061040037292173804,""edge"":false},{""rule_id"":""D.newhigh"",""actual"":0.008064516129032258,""threshold"":0.024193548387096774,""margin"":-0.016129032258064516,""edge"":false}]"
A02,ambiguous,2025-05-12,通信,S1,True,False,3,"[""A"",""D"",""enhancers""]","[""B"",""C""]",[],,,False,False,False,False,"{""confirm"":0,""weaken"":0,""retire"":0,""recover"":0}",no_legal_transition_triggered,"[{""rule_id"":""B.win5"",""actual"":0.6,""threshold"":0.8,""margin"":-0.20000000000000007,""edge"":true},{""rule_id"":""B.win10"",""actual"":0.6,""threshold"":0.7,""margin"":-0.09999999999999998,""edge"":true},{""rule_id"":""C.percentile"",""actual"":0.423728813559322,""threshold"":0.6,""margin"":-0.17627118644067796,""edge"":false},{""rule_id"":""C.trend"",""actual"":false,""threshold"":true,""margin"":null,""edge"":false}]"
A02,ambiguous,2025-05-13,通信,S1,True,False,2,"[""A"",""enhancers""]","[""B"",""C"",""D""]",[],,,False,False,False,False,"{""confirm"":0,""weaken"":0,""retire"":0,""recover"":0}",no_legal_transition_triggered,"[{""rule_id"":""B.win5"",""actual"":0.4,""threshold"":0.8,""margin"":-0.4,""edge"":false},{""rule_id"":""B.win10"",""actual"":0.6,""threshold"":0.7,""margin"":-0.09999999999999998,""edge"":true},{""rule_id"":""C.percentile"",""actual"":0.4745762711864407,""threshold"":0.6,""margin"":-0.1254237288135593,""edge"":false},{""rule_id"":""D.up"",""actual"":0.14728682170542637,""threshold"":0.3593837015036198,""margin"":-0.21209687979819344,""edge"":false},{""rule_id"":""D.newhigh"",""actual"":0.03225806451612903,""threshold"":0.04032258064516129,""margin"":-0.008064516129032258,""edge"":false}]"
A02,ambiguous,2025-05-14,通信,S1,True,False,3,"[""A"",""D"",""enhancers""]","[""B"",""C""]",[],,,False,False,False,False,"{""confirm"":0,""weaken"":0,""retire"":0,""recover"":0}",no_legal_transition_triggered,"[{""rule_id"":""B.win5"",""actual"":0.6,""threshold"":0.8,""margin"":-0.20000000000000007,""edge"":true},{""rule_id"":""B.win10"",""actual"":0.6,""threshold"":0.7,""margin"":-0.09999999999999998,""edge"":true},{""rule_id"":""C.percentile"",""actual"":0.4915254237288136,""threshold"":0.6,""margin"":-0.1084745762711864,""edge"":false}]"
A02,ambiguous,2025-05-15,通信,S1,True,False,2,"[""A"",""enhancers""]","[""B"",""C"",""D""]",[],,,False,False,False,False,"{""confirm"":0,""weaken"":0,""retire"":0,""recover"":0}",no_legal_transition_triggered,"[{""rule_id"":""B.win5"",""actual"":0.4,""threshold"":0.8,""margin"":-0.4,""edge"":false},{""rule_id"":""B.win10"",""actual"":0.5,""threshold"":0.7,""margin"":-0.19999999999999996,""edge"":false},{""rule_id"":""C.percentile"",""actual"":0.4067796610169492,""threshold"":0.6,""margin"":-0.1932203389830508,""edge"":false},{""rule_id"":""D.up"",""actual"":0.06201550387596899,""threshold"":0.26034514752273147,""margin"":-0.19832964364676248,""edge"":false},{""rule_id"":""D.newhigh"",""actual"":0.008064516129032258,""threshold"":0.03225806451612903,""margin"":-0.024193548387096774,""edge"":false}]"
A02,ambiguous,2025-05-16,通信,S1,True,False,3,"[""A"",""D"",""enhancers""]","[""B"",""C""]",[],,,False,False,False,False,"{""confirm"":0,""weaken"":0,""retire"":0,""recover"":0}",no_legal_transition_triggered,"[{""rule_id"":""B.win5"",""actual"":0.6,""threshold"":0.8,""margin"":-0.20000000000000007,""edge"":true},{""rule_id"":""B.win10"",""actual"":0.6,""threshold"":0.7,""margin"":-0.09999999999999998,""edge"":true},{""rule_id"":""C.percentile"",""actual"":0.3559322033898305,""threshold"":0.6,""margin"":-0.24406779661016947,""edge"":false},{""rule_id"":""C.trend"",""actual"":false,""threshold"":true,""margin"":null,""edge"":false}]"
A02,ambiguous,2025-05-19,通信,S0,True,False,2,"[""D"",""enhancers""]","[""A"",""B"",""C""]",[],,,False,False,False,False,"{""confirm"":0,""weaken"":0,""retire"":0,""recover"":0}",candidate_failed,"[{""rule_id"":""A.return"",""actual"":-0.0006269800024127914,""threshold"":0,""margin"":-0.0006269800024127914,""edge"":true},{""rule_id"":""A.rank"",""actual"":0.5666666666666667,""threshold"":0.3,""margin"":-0.26666666666666666,""edge"":false},{""rule_id"":""B.win5"",""actual"":0.4,""threshold"":0.8,""margin"":-0.4,""edge"":false},{""rule_id"":""B.win10"",""actual"":0.5,""threshold"":0.7,""margin"":-0.19999999999999996,""edge"":false},{""rule_id"":""C.percentile"",""actual"":0.15254237288135594,""threshold"":0.6,""margin"":-0.447457627118644,""edge"":false},{""rule_id"":""C.trend"",""actual"":false,""threshold"":true,""margin"":null,""edge"":false}]"
A02,ambiguous,2025-05-20,通信,S0,False,False,2,"[""D"",""enhancers""]","[""A"",""B"",""C""]",[],,,False,False,False,False,"{""confirm"":0,""weaken"":0,""retire"":0,""recover"":0}",no_legal_transition_triggered,"[{""rule_id"":""A.return"",""actual"":-0.015603477585848013,""threshold"":0,""margin"":-0.015603477585848013,""edge"":false},{""rule_id"":""A.rank"",""actual"":0.8333333333333334,""threshold"":0.3,""margin"":-0.5333333333333334,""edge"":false},{""rule_id"":""B.win5"",""actual"":0.4,""threshold"":0.8,""margin"":-0.4,""edge"":false},{""rule_id"":""B.win10"",""actual"":0.4,""threshold"":0.7,""margin"":-0.29999999999999993,""edge"":false},{""rule_id"":""C.percentile"",""actual"":0.13559322033898305,""threshold"":0.6,""margin"":-0.46440677966101696,""edge"":false},{""rule_id"":""C.trend"",""actual"":false,""threshold"":true,""margin"":null,""edge"":false}]"
A02,ambiguous,2025-05-21,通信,S0,False,False,1,"[""enhancers""]","[""A"",""B"",""C"",""D""]",[],,,False,False,False,False,"{""confirm"":0,""weaken"":0,""retire"":0,""recover"":0}",no_legal_transition_triggered,"[{""rule_id"":""A.return"",""actual"":-0.01864839534393492,""threshold"":0,""margin"":-0.01864839534393492,""edge"":false},{""rule_id"":""A.rank"",""actual"":0.8666666666666667,""threshold"":0.3,""margin"":-0.5666666666666667,""edge"":false},{""rule_id"":""B.win5"",""actual"":0.2,""threshold"":0.8,""margin"":-0.6000000000000001,""edge"":false},{""rule_id"":""B.win10"",""actual"":0.4,""threshold"":0.7,""margin"":-0.29999999999999993,""edge"":false},{""rule_id"":""C.percentile"",""actual"":0.1694915254237288,""threshold"":0.6,""margin"":-0.43050847457627117,""edge"":false},{""rule_id"":""D.up"",""actual"":0.13953488372093023,""threshold"":0.2974577843755799,""margin"":-0.15792290065464967,""edge"":false},{""rule_id"":""D.newhigh"",""actual"":0.008,""threshold"":0.03225806451612903,""margin"":-0.02425806451612903,""edge"":false}]"
A02,ambiguous,2025-05-22,通信,S0,False,False,0,[],"[""A"",""B"",""C"",""D"",""enhancers""]",[],,,False,False,False,False,"{""confirm"":0,""weaken"":0,""retire"":0,""recover"":0}",no_legal_transition_triggered,"[{""rule_id"":""A.return"",""actual"":-0.026248282179167526,""threshold"":0,""margin"":-0.026248282179167526,""edge"":false},{""rule_id"":""A.rank"",""actual"":0.9,""threshold"":0.3,""margin"":-0.6000000000000001,""edge"":false},{""rule_id"":""B.win5"",""actual"":0.4,""threshold"":0.8,""margin"":-0.4,""edge"":false},{""rule_id"":""B.win10"",""actual"":0.4,""threshold"":0.7,""margin"":-0.29999999999999993,""edge"":false},{""rule_id"":""C.percentile"",""actual"":0.06779661016949153,""threshold"":0.6,""margin"":-0.5322033898305084,""edge"":false},{""rule_id"":""D.up"",""actual"":0.13953488372093023,""threshold"":0.16344725111441308,""margin"":-0.023912367393482847,""edge"":false},{""rule_id"":""D.ma20"",""actual"":0.544,""threshold"":0.6,""margin"":-0.05599999999999994,""edge"":false},{""rule_id"":""D.newhigh"",""actual"":0.008,""threshold"":0.04838709677419355,""margin"":-0.04038709677419355,""edge"":false},{""rule_id"":""E1"",""actual"":-0.009979803423345146,""threshold"":0,""margin"":-0.009979803423345146,""edge"":false},{""rule_id"":""E2"",""actual"":0.272,""threshold"":0.33064516129032256,""margin"":-0.058645161290322545,""edge"":false},{""rule_id"":""E3"",""actual"":0.008,""threshold"":0.04838709677419355,""margin"":-0.04038709677419355,""edge"":false}]"
A02,ambiguous,2025-05-23,通信,S0,False,False,0,[],"[""A"",""B"",""C"",""D"",""enhancers""]",[],,,False,False,False,False,"{""confirm"":0,""weaken"":0,""retire"":0,""recover"":0}",no_legal_transition_triggered,"[{""rule_id"":""A.return"",""actual"":-0.029464735645521323,""threshold"":0,""margin"":-0.029464735645521323,""edge"":false},{""rule_id"":""A.rank"",""actual"":0.9666666666666667,""threshold"":0.3,""margin"":-0.6666666666666667,""edge"":false},{""rule_id"":""B.win5"",""actual"":0.2,""threshold"":0.8,""margin"":-0.6000000000000001,""edge"":false},{""rule_id"":""B.win10"",""actual"":0.4,""threshold"":0.7,""margin"":-0.29999999999999993,""edge"":false},{""rule_id"":""C.percentile"",""actual"":0.1016949152542373,""threshold"":0.6,""margin"":-0.4983050847457627,""edge"":false},{""rule_id"":""D.up"",""actual"":0.09302325581395349,""threshold"":0.20356612184249628,""margin"":-0.1105428660285428,""edge"":false},{""rule_id"":""D.ma20"",""actual"":0.264,""threshold"":0.6,""margin"":-0.33599999999999997,""edge"":false},{""rule_id"":""D.newhigh"",""actual"":0.008,""threshold"":0.04032258064516129,""margin"":-0.03232258064516129,""edge"":false},{""rule_id"":""E1"",""actual"":-0.009445012062806013,""threshold"":0,""margin"":-0.009445012062806013,""edge"":false},{""rule_id"":""E2"",""actual"":0.208,""threshold"":0.3709677419354839,""margin"":-0.16296774193548388,""edge"":false},{""rule_id"":""E3"",""actual"":0.008,""threshold"":0.04032258064516129,""margin"":-0.03232258064516129,""edge"":false}]"
A02,ambiguous,2025-05-26,通信,S0,False,False,2,"[""D"",""enhancers""]","[""A"",""B"",""C""]",[],,,False,False,False,False,"{""confirm"":0,""weaken"":0,""retire"":0,""recover"":0}",no_legal_transition_triggered,"[{""rule_id"":""A.return"",""actual"":-0.02394440846549506,""threshold"":0,""margin"":-0.02394440846549506,""edge"":false},{""rule_id"":""A.rank"",""actual"":0.9,""threshold"":0.3,""margin"":-0.6000000000000001,""edge"":false},{""rule_id"":""B.win5"",""actual"":0.4,""threshold"":0.8,""margin"":-0.4,""edge"":false},{""rule_id"":""B.win10"",""actual"":0.4,""threshold"":0.7,""margin"":-0.29999999999999993,""edge"":false},{""rule_id"":""C.percentile"",""actual"":0.13559322033898305,""threshold"":0.6,""margin"":-0.46440677966101696,""edge"":false}]"
A02,ambiguous,2025-05-27,通信,S0,False,False,1,"[""enhancers""]","[""A"",""B"",""C"",""D""]",[],,,False,False,False,False,"{""confirm"":0,""weaken"":0,""retire"":0,""recover"":0}",no_legal_transition_triggered,"[{""rule_id"":""A.return"",""actual"":-0.02528066277049279,""threshold"":0,""margin"":-0.02528066277049279,""edge"":false},{""rule_id"":""A.rank"",""actual"":0.9,""threshold"":0.3,""margin"":-0.6000000000000001,""edge"":false},{""rule_id"":""B.win5"",""actual"":0.4,""threshold"":0.8,""margin"":-0.4,""edge"":false},{""rule_id"":""B.win10"",""actual"":0.4,""threshold"":0.7,""margin"":-0.29999999999999993,""edge"":false},{""rule_id"":""C.percentile"",""actual"":0.2711864406779661,""threshold"":0.6,""margin"":-0.3288135593220339,""edge"":false},{""rule_id"":""D.up"",""actual"":0.24031007751937986,""threshold"":0.4852312836708155,""margin"":-0.24492120615143567,""edge"":false},{""rule_id"":""D.ma20"",""actual"":0.432,""threshold"":0.6,""margin"":-0.16799999999999998,""edge"":false}]"
A02,ambiguous,2025-05-28,通信,S0,False,False,2,"[""D"",""enhancers""]","[""A"",""B"",""C""]",[],,,False,False,False,False,"{""confirm"":0,""weaken"":0,""retire"":0,""recover"":0}",no_legal_transition_triggered,"[{""rule_id"":""A.return"",""actual"":-0.022064923009267545,""threshold"":0,""margin"":-0.022064923009267545,""edge"":false},{""rule_id"":""A.rank"",""actual"":0.8666666666666667,""threshold"":0.3,""margin"":-0.5666666666666667,""edge"":false},{""rule_id"":""B.win5"",""actual"":0.6,""threshold"":0.8,""margin"":-0.20000000000000007,""edge"":true},{""rule_id"":""B.win10"",""actual"":0.4,""threshold"":0.7,""margin"":-0.29999999999999993,""edge"":false},{""rule_id"":""C.percentile"",""actual"":0.4067796610169492,""threshold"":0.6,""margin"":-0.1932203389830508,""edge"":false}]"
A02,ambiguous,2025-05-29,通信,S1,False,False,2,"[""D"",""enhancers""]","[""A"",""B"",""C""]",[],,,False,False,False,False,"{""confirm"":0,""weaken"":0,""retire"":0,""recover"":0}",candidate,"[{""rule_id"":""A.return"",""actual"":-0.0026570996137420533,""threshold"":0,""margin"":-0.0026570996137420533,""edge"":true},{""rule_id"":""A.rank"",""actual"":0.4,""threshold"":0.3,""margin"":-0.10000000000000003,""edge"":false},{""rule_id"":""B.win5"",""actual"":0.6,""threshold"":0.8,""margin"":-0.20000000000000007,""edge"":true},{""rule_id"":""B.win10"",""actual"":0.5,""threshold"":0.7,""margin"":-0.19999999999999996,""edge"":false},{""rule_id"":""C.percentile"",""actual"":0.576271186440678,""threshold"":0.6,""margin"":-0.023728813559321993,""edge"":true}]"
A02,ambiguous,2025-05-30,通信,S0,True,False,1,"[""enhancers""]","[""A"",""B"",""C"",""D""]",[],,,False,False,False,False,"{""confirm"":0,""weaken"":0,""retire"":0,""recover"":0}",candidate_failed,"[{""rule_id"":""A.return"",""actual"":-0.008336920714479668,""threshold"":0,""margin"":-0.008336920714479668,""edge"":false},{""rule_id"":""A.rank"",""actual"":0.7,""threshold"":0.3,""margin"":-0.39999999999999997,""edge"":false},{""rule_id"":""B.win5"",""actual"":0.6,""threshold"":0.8,""margin"":-0.20000000000000007,""edge"":true},{""rule_id"":""B.win10"",""actual"":0.4,""threshold"":0.7,""margin"":-0.29999999999999993,""edge"":false},{""rule_id"":""C.percentile"",""actual"":0.22033898305084745,""threshold"":0.6,""margin"":-0.37966101694915255,""edge"":false},{""rule_id"":""D.up"",""actual"":0.17054263565891473,""threshold"":0.20419918246005203,""margin"":-0.033656546801137305,""edge"":false},{""rule_id"":""D.ma20"",""actual"":0.3359375,""threshold"":0.6,""margin"":-0.2640625,""edge"":false},{""rule_id"":""D.newhigh"",""actual"":0.032,""threshold"":0.04,""margin"":-0.008,""edge"":false}]"
A02,ambiguous,2025-06-03,通信,S0,False,False,1,"[""enhancers""]","[""A"",""B"",""C"",""D""]",[],,,False,False,False,False,"{""confirm"":0,""weaken"":0,""retire"":0,""recover"":0}",no_legal_transition_triggered,"[{""rule_id"":""A.return"",""actual"":-0.012803138384340884,""threshold"":0,""margin"":-0.012803138384340884,""edge"":false},{""rule_id"":""A.rank"",""actual"":0.7666666666666667,""threshold"":0.3,""margin"":-0.46666666666666673,""edge"":false},{""rule_id"":""B.win5"",""actual"":0.4,""threshold"":0.8,""margin"":-0.4,""edge"":false},{""rule_id"":""B.win10"",""actual"":0.4,""threshold"":0.7,""margin"":-0.29999999999999993,""edge"":false},{""rule_id"":""C.percentile"",""actual"":0.03389830508474576,""threshold"":0.6,""margin"":-0.5661016949152542,""edge"":false},{""rule_id"":""C.trend"",""actual"":false,""threshold"":true,""margin"":null,""edge"":false},{""rule_id"":""D.up"",""actual"":0.484375,""threshold"":0.6278594011530594,""margin"":-0.14348440115305938,""edge"":false},{""rule_id"":""D.ma20"",""actual"":0.3515625,""threshold"":0.6,""margin"":-0.24843749999999998,""edge"":false}]"
A02,ambiguous,2025-06-04,通信,S1,False,False,3,"[""C"",""D"",""enhancers""]","[""A"",""B""]",[],,,False,False,False,False,"{""confirm"":0,""weaken"":0,""retire"":0,""recover"":0}",candidate,"[{""rule_id"":""A.return"",""actual"":-0.00833073069428869,""threshold"":0,""margin"":-0.00833073069428869,""edge"":false},{""rule_id"":""A.rank"",""actual"":0.7333333333333333,""threshold"":0.3,""margin"":-0.4333333333333333,""edge"":false},{""rule_id"":""B.win5"",""actual"":0.6,""threshold"":0.8,""margin"":-0.20000000000000007,""edge"":true},{""rule_id"":""B.win10"",""actual"":0.5,""threshold"":0.7,""margin"":-0.19999999999999996,""edge"":false}]"
A02,ambiguous,2025-06-05,通信,S1,True,False,4,"[""A"",""C"",""D"",""enhancers""]","[""B""]",[],B,False,True,False,True,False,"{""confirm"":0,""weaken"":0,""retire"":0,""recover"":0}",no_legal_transition_triggered,"[{""rule_id"":""B.win5"",""actual"":0.6,""threshold"":0.8,""margin"":-0.20000000000000007,""edge"":true},{""rule_id"":""B.win10"",""actual"":0.6,""threshold"":0.7,""margin"":-0.09999999999999998,""edge"":true}]"
A02,ambiguous,2025-06-06,通信,S1,True,False,4,"[""A"",""C"",""D"",""enhancers""]","[""B""]",[],B,False,True,False,True,False,"{""confirm"":0,""weaken"":0,""retire"":0,""recover"":0}",no_legal_transition_triggered,"[{""rule_id"":""B.win5"",""actual"":0.6,""threshold"":0.8,""margin"":-0.20000000000000007,""edge"":true},{""rule_id"":""B.win10"",""actual"":0.6,""threshold"":0.7,""margin"":-0.09999999999999998,""edge"":true}]"
A02,ambiguous,2025-06-09,通信,S1,True,False,4,"[""A"",""C"",""D"",""enhancers""]","[""B""]",[],B,False,True,False,True,False,"{""confirm"":0,""weaken"":0,""retire"":0,""recover"":0}",no_legal_transition_triggered,"[{""rule_id"":""B.win5"",""actual"":0.6,""threshold"":0.8,""margin"":-0.20000000000000007,""edge"":true},{""rule_id"":""B.win10"",""actual"":0.6,""threshold"":0.7,""margin"":-0.09999999999999998,""edge"":true}]"
A02,ambiguous,2025-06-10,通信,S1,True,False,1,"[""A""]","[""B"",""C"",""D"",""enhancers""]",[],,,False,False,False,False,"{""confirm"":0,""weaken"":0,""retire"":0,""recover"":0}",no_legal_transition_triggered,"[{""rule_id"":""B.win5"",""actual"":0.6,""threshold"":0.8,""margin"":-0.20000000000000007,""edge"":true},{""rule_id"":""B.win10"",""actual"":0.5,""threshold"":0.7,""margin"":-0.19999999999999996,""edge"":false},{""rule_id"":""C.trend"",""actual"":false,""threshold"":true,""margin"":null,""edge"":false},{""rule_id"":""D.up"",""actual"":0.15503875968992248,""threshold"":0.23225566703827574,""margin"":-0.07721690734835326,""edge"":false},{""rule_id"":""D.newhigh"",""actual"":0.056451612903225805,""threshold"":0.10483870967741936,""margin"":-0.048387096774193554,""edge"":false},{""rule_id"":""E1"",""actual"":-0.004865131407536749,""threshold"":0,""margin"":-0.004865131407536749,""edge"":true},{""rule_id"":""E2"",""actual"":0.5483870967741935,""threshold"":0.5645161290322581,""margin"":-0.016129032258064613,""edge"":true},{""rule_id"":""E3"",""actual"":0.056451612903225805,""threshold"":0.10483870967741936,""margin"":-0.048387096774193554,""edge"":false}]"
A02,ambiguous,2025-06-11,通信,S1,True,False,1,"[""A""]","[""B"",""C"",""D"",""enhancers""]",[],,,False,False,False,False,"{""confirm"":0,""weaken"":0,""retire"":0,""recover"":0}",no_legal_transition_triggered,"[{""rule_id"":""B.win5"",""actual"":0.4,""threshold"":0.8,""margin"":-0.4,""edge"":false},{""rule_id"":""B.win10"",""actual"":0.5,""threshold"":0.7,""margin"":-0.19999999999999996,""edge"":false},{""rule_id"":""C.percentile"",""actual"":0.3728813559322034,""threshold"":0.6,""margin"":-0.22711864406779658,""edge"":false},{""rule_id"":""C.trend"",""actual"":false,""threshold"":true,""margin"":null,""edge"":false},{""rule_id"":""D.up"",""actual"":0.4153846153846154,""threshold"":0.6260659992584353,""margin"":-0.2106813838738199,""edge"":false},{""rule_id"":""D.newhigh"",""actual"":0.024193548387096774,""threshold"":0.10483870967741936,""margin"":-0.08064516129032259,""edge"":false},{""rule_id"":""E1"",""actual"":-0.0034099650659484837,""threshold"":0,""margin"":-0.0034099650659484837,""edge"":true},{""rule_id"":""E2"",""actual"":0.5806451612903226,""threshold"":0.5967741935483871,""margin"":-0.016129032258064502,""edge"":true},{""rule_id"":""E3"",""actual"":0.024193548387096774,""threshold"":0.10483870967741936,""margin"":-0.08064516129032259,""edge"":false}]"
A02,ambiguous,2025-06-12,通信,S1,True,False,4,"[""A"",""C"",""D"",""enhancers""]","[""B""]",[],B,False,False,False,True,False,"{""confirm"":0,""weaken"":0,""retire"":0,""recover"":0}",no_legal_transition_triggered,"[{""rule_id"":""B.win5"",""actual"":0.4,""threshold"":0.8,""margin"":-0.4,""edge"":false},{""rule_id"":""B.win10"",""actual"":0.5,""threshold"":0.7,""margin"":-0.19999999999999996,""edge"":false}]"
A02,ambiguous,2025-06-13,通信,S0,True,False,2,"[""A"",""enhancers""]","[""B"",""C"",""D""]",[],,,False,False,False,False,"{""confirm"":0,""weaken"":0,""retire"":0,""recover"":0}",candidate_failed,"[{""rule_id"":""B.win5"",""actual"":0.2,""threshold"":0.8,""margin"":-0.6000000000000001,""edge"":false},{""rule_id"":""B.win10"",""actual"":0.4,""threshold"":0.7,""margin"":-0.29999999999999993,""edge"":false},{""rule_id"":""C.percentile"",""actual"":0.4576271186440678,""threshold"":0.6,""margin"":-0.14237288135593218,""edge"":false},{""rule_id"":""D.up"",""actual"":0.1076923076923077,""threshold"":0.1546162402669633,""margin"":-0.0469239325746556,""edge"":false},{""rule_id"":""D.ma20"",""actual"":0.421875,""threshold"":0.6,""margin"":-0.17812499999999998,""edge"":false},{""rule_id"":""D.newhigh"",""actual"":0.04032258064516129,""threshold"":0.056451612903225805,""margin"":-0.016129032258064516,""edge"":false}]"
A03,ambiguous,2024-10-18,非银金融,S0,False,False,1,"[""D""]","[""A"",""B""]","[""C"",""enhancers""]",,,False,False,False,False,"{""confirm"":0,""weaken"":0,""retire"":0,""recover"":0}",no_legal_transition_triggered,"[{""rule_id"":""A.return"",""actual"":-0.03776801001245822,""threshold"":0,""margin"":-0.03776801001245822,""edge"":false},{""rule_id"":""A.rank"",""actual"":0.4666666666666667,""threshold"":0.3,""margin"":-0.16666666666666669,""edge"":false},{""rule_id"":""B.win5"",""actual"":0.2,""threshold"":0.8,""margin"":-0.6000000000000001,""edge"":false},{""rule_id"":""B.win10"",""actual"":0.4,""threshold"":0.7,""margin"":-0.29999999999999993,""edge"":false},{""rule_id"":""E2"",""actual"":1.0,""threshold"":1.0,""margin"":0.0,""edge"":true},{""rule_id"":""E3"",""actual"":0.0125,""threshold"":0.05,""margin"":-0.037500000000000006,""edge"":false}]"
A03,ambiguous,2024-10-21,非银金融,S0,False,False,0,[],"[""A"",""B"",""D""]","[""C"",""enhancers""]",,,False,False,False,False,"{""confirm"":0,""weaken"":0,""retire"":0,""recover"":0}",no_legal_transition_triggered,"[{""rule_id"":""A.return"",""actual"":-0.05183132477674934,""threshold"":0,""margin"":-0.05183132477674934,""edge"":false},{""rule_id"":""A.rank"",""actual"":0.6666666666666666,""threshold"":0.3,""margin"":-0.36666666666666664,""edge"":false},{""rule_id"":""B.win5"",""actual"":0.2,""threshold"":0.8,""margin"":-0.6000000000000001,""edge"":false},{""rule_id"":""B.win10"",""actual"":0.4,""threshold"":0.7,""margin"":-0.29999999999999993,""edge"":false},{""rule_id"":""D.up"",""actual"":0.20238095238095238,""threshold"":0.704320179539929,""margin"":-0.5019392271589767,""edge"":false},{""rule_id"":""D.newhigh"",""actual"":0.0125,""threshold"":0.0125,""margin"":0.0,""edge"":true},{""rule_id"":""E2"",""actual"":1.0,""threshold"":1.0,""margin"":0.0,""edge"":true},{""rule_id"":""E3"",""actual"":0.0125,""threshold"":0.0125,""margin"":0.0,""edge"":true}]"
A03,ambiguous,2024-10-22,非银金融,S0,False,False,2,"[""D"",""enhancers""]","[""A"",""B"",""C""]",[],,,False,False,False,False,"{""confirm"":0,""weaken"":0,""retire"":0,""recover"":0}",no_legal_transition_triggered,"[{""rule_id"":""A.return"",""actual"":-0.05550011013757983,""threshold"":0,""margin"":-0.05550011013757983,""edge"":false},{""rule_id"":""A.rank"",""actual"":1.0,""threshold"":0.3,""margin"":-0.7,""edge"":false},{""rule_id"":""B.win5"",""actual"":0.2,""threshold"":0.8,""margin"":-0.6000000000000001,""edge"":false},{""rule_id"":""B.win10"",""actual"":0.3,""threshold"":0.7,""margin"":-0.39999999999999997,""edge"":false},{""rule_id"":""C.trend"",""actual"":false,""threshold"":true,""margin"":null,""edge"":false}]"
A03,ambiguous,2024-10-23,非银金融,S0,False,False,2,"[""D"",""enhancers""]","[""A"",""B""]","[""C""]",,,False,False,False,False,"{""confirm"":0,""weaken"":0,""retire"":0,""recover"":0}",no_legal_transition_triggered,"[{""rule_id"":""A.return"",""actual"":-0.08515035076928312,""threshold"":0,""margin"":-0.08515035076928312,""edge"":false},{""rule_id"":""A.rank"",""actual"":1.0,""threshold"":0.3,""margin"":-0.7,""edge"":false},{""rule_id"":""B.win5"",""actual"":0.2,""threshold"":0.8,""margin"":-0.6000000000000001,""edge"":false},{""rule_id"":""B.win10"",""actual"":0.2,""threshold"":0.7,""margin"":-0.49999999999999994,""edge"":false}]"
A03,ambiguous,2024-10-24,非银金融,S0,False,False,1,"[""D""]","[""A"",""B""]","[""C"",""enhancers""]",,,False,False,False,False,"{""confirm"":0,""weaken"":0,""retire"":0,""recover"":0}",no_legal_transition_triggered,"[{""rule_id"":""A.return"",""actual"":-0.03656776417041763,""threshold"":0,""margin"":-0.03656776417041763,""edge"":false},{""rule_id"":""A.rank"",""actual"":0.8666666666666667,""threshold"":0.3,""margin"":-0.5666666666666667,""edge"":false},{""rule_id"":""B.win5"",""actual"":0.4,""threshold"":0.8,""margin"":-0.4,""edge"":false},{""rule_id"":""B.win10"",""actual"":0.3,""threshold"":0.7,""margin"":-0.39999999999999997,""edge"":false},{""rule_id"":""E2"",""actual"":1.0,""threshold"":1.0,""margin"":0.0,""edge"":true},{""rule_id"":""E3"",""actual"":0.0125,""threshold"":0.0125,""margin"":0.0,""edge"":true}]"
A03,ambiguous,2024-10-25,非银金融,S0,False,False,0,[],"[""A"",""B"",""C"",""D"",""enhancers""]",[],,,False,False,False,False,"{""confirm"":0,""weaken"":0,""retire"":0,""recover"":0}",no_legal_transition_triggered,"[{""rule_id"":""A.return"",""actual"":-0.07980732639962995,""threshold"":0,""margin"":-0.07980732639962995,""edge"":false},{""rule_id"":""A.rank"",""actual"":0.9,""threshold"":0.3,""margin"":-0.6000000000000001,""edge"":false},{""rule_id"":""B.win5"",""actual"":0.2,""threshold"":0.8,""margin"":-0.6000000000000001,""edge"":false},{""rule_id"":""B.win10"",""actual"":0.2,""threshold"":0.7,""margin"":-0.49999999999999994,""edge"":false},{""rule_id"":""C.trend"",""actual"":false,""threshold"":true,""margin"":null,""edge"":false},{""rule_id"":""D.up"",""actual"":0.7058823529411765,""threshold"":0.8032173587729143,""margin"":-0.09733500583173782,""edge"":false},{""rule_id"":""D.newhigh"",""actual"":0.0,""threshold"":0.0375,""margin"":-0.0375,""edge"":false},{""rule_id"":""E1"",""actual"":-0.003914315865799711,""threshold"":0,""margin"":-0.003914315865799711,""edge"":true},{""rule_id"":""E2"",""actual"":1.0,""threshold"":1.0,""margin"":0.0,""edge"":true},{""rule_id"":""E3"",""actual"":0.0,""threshold"":0.0375,""margin"":-0.0375,""edge"":false}]"
A03,ambiguous,2024-10-28,非银金融,S0,False,False,0,[],"[""A"",""B"",""C"",""D"",""enhancers""]",[],,,False,False,False,False,"{""confirm"":0,""weaken"":0,""retire"":0,""recover"":0}",no_legal_transition_triggered,"[{""rule_id"":""A.return"",""actual"":-0.07858891803928314,""threshold"":0,""margin"":-0.07858891803928314,""edge"":false},{""rule_id"":""A.rank"",""actual"":0.9333333333333333,""threshold"":0.3,""margin"":-0.6333333333333333,""edge"":false},{""rule_id"":""B.win5"",""actual"":0.2,""threshold"":0.8,""margin"":-0.6000000000000001,""edge"":false},{""rule_id"":""B.win10"",""actual"":0.2,""threshold"":0.7,""margin"":-0.49999999999999994,""edge"":false},{""rule_id"":""C.trend"",""actual"":false,""threshold"":true,""margin"":null,""edge"":false},{""rule_id"":""D.up"",""actual"":0.6941176470588235,""threshold"":0.7899663047547735,""margin"":-0.09584865769594997,""edge"":false},{""rule_id"":""D.newhigh"",""actual"":0.025,""threshold"":0.025,""margin"":0.0,""edge"":true},{""rule_id"":""E1"",""actual"":-0.007604830936683626,""threshold"":0,""margin"":-0.007604830936683626,""edge"":false},{""rule_id"":""E2"",""actual"":1.0,""threshold"":1.0,""margin"":0.0,""edge"":true},{""rule_id"":""E3"",""actual"":0.025,""threshold"":0.025,""margin"":0.0,""edge"":true}]"
A03,ambiguous,2024-10-29,非银金融,S0,False,False,1,"[""D""]","[""A"",""B""]","[""C"",""enhancers""]",,,False,False,False,False,"{""confirm"":0,""weaken"":0,""retire"":0,""recover"":0}",no_legal_transition_triggered,"[{""rule_id"":""A.return"",""actual"":-0.057084563746772954,""threshold"":0,""margin"":-0.057084563746772954,""edge"":false},{""rule_id"":""A.rank"",""actual"":0.9,""threshold"":0.3,""margin"":-0.6000000000000001,""edge"":false},{""rule_id"":""B.win5"",""actual"":0.4,""threshold"":0.8,""margin"":-0.4,""edge"":false},{""rule_id"":""B.win10"",""actual"":0.3,""threshold"":0.7,""margin"":-0.39999999999999997,""edge"":false},{""rule_id"":""E1"",""actual"":-0.037462428233401956,""threshold"":0,""margin"":-0.037462428233401956,""edge"":false},{""rule_id"":""E2"",""actual"":1.0,""threshold"":1.0,""margin"":0.0,""edge"":true}]"
A03,ambiguous,2024-10-30,非银金融,S0,False,False,0,[],"[""A"",""B"",""D""]","[""C"",""enhancers""]",,,False,False,False,False,"{""confirm"":0,""weaken"":0,""retire"":0,""recover"":0}",no_legal_transition_triggered,"[{""rule_id"":""A.return"",""actual"":-0.05202035696840612,""threshold"":0,""margin"":-0.05202035696840612,""edge"":false},{""rule_id"":""A.rank"",""actual"":0.8,""threshold"":0.3,""margin"":-0.5,""edge"":false},{""rule_id"":""B.win5"",""actual"":0.4,""threshold"":0.8,""margin"":-0.4,""edge"":false},{""rule_id"":""B.win10"",""actual"":0.3,""threshold"":0.7,""margin"":-0.39999999999999997,""edge"":false},{""rule_id"":""D.up"",""actual"":0.3411764705882353,""threshold"":0.4341317365269461,""margin"":-0.09295526593871078,""edge"":false},{""rule_id"":""D.ma20"",""actual"":0.43902439024390244,""threshold"":0.6,""margin"":-0.16097560975609754,""edge"":false},{""rule_id"":""E1"",""actual"":-0.06664525270354571,""threshold"":0,""margin"":-0.06664525270354571,""edge"":false},{""rule_id"":""E2"",""actual"":1.0,""threshold"":1.0,""margin"":0.0,""edge"":true}]"
A03,ambiguous,2024-10-31,非银金融,S0,False,False,1,"[""D""]","[""A"",""B""]","[""C"",""enhancers""]",,,False,False,False,False,"{""confirm"":0,""weaken"":0,""retire"":0,""recover"":0}",no_legal_transition_triggered,"[{""rule_id"":""A.return"",""actual"":-0.024209039592654635,""threshold"":0,""margin"":-0.024209039592654635,""edge"":false},{""rule_id"":""A.rank"",""actual"":0.6666666666666666,""threshold"":0.3,""margin"":-0.36666666666666664,""edge"":false},{""rule_id"":""B.win5"",""actual"":0.4,""threshold"":0.8,""margin"":-0.4,""edge"":false},{""rule_id"":""B.win10"",""actual"":0.4,""threshold"":0.7,""margin"":-0.29999999999999993,""edge"":false},{""rule_id"":""E1"",""actual"":-0.062160932107706124,""threshold"":0,""margin"":-0.062160932107706124,""edge"":false},{""rule_id"":""E2"",""actual"":1.0,""threshold"":1.0,""margin"":0.0,""edge"":true}]"
A03,ambiguous,2024-11-01,非银金融,S1,False,False,0,[],"[""A"",""B"",""D"",""enhancers""]","[""C""]",,,False,False,False,False,"{""confirm"":0,""weaken"":0,""retire"":0,""recover"":0}",candidate,"[{""rule_id"":""A.return"",""actual"":-0.013495926210612241,""threshold"":0,""margin"":-0.013495926210612241,""edge"":false},{""rule_id"":""A.rank"",""actual"":0.7666666666666667,""threshold"":0.3,""margin"":-0.46666666666666673,""edge"":false},{""rule_id"":""B.win5"",""actual"":0.6,""threshold"":0.8,""margin"":-0.20000000000000007,""edge"":true},{""rule_id"":""B.win10"",""actual"":0.4,""threshold"":0.7,""margin"":-0.29999999999999993,""edge"":false},{""rule_id"":""D.ma20"",""actual"":0.4146341463414634,""threshold"":0.6,""margin"":-0.18536585365853658,""edge"":false},{""rule_id"":""D.newhigh"",""actual"":0.0375,""threshold"":0.0375,""margin"":0.0,""edge"":true},{""rule_id"":""E1"",""actual"":-0.0542599434904707,""threshold"":0,""margin"":-0.0542599434904707,""edge"":false},{""rule_id"":""E2"",""actual"":1.0,""threshold"":1.0,""margin"":0.0,""edge"":true},{""rule_id"":""E3"",""actual"":0.0375,""threshold"":0.0375,""margin"":0.0,""edge"":true}]"
A03,ambiguous,2024-11-04,非银金融,S1,False,True,3,"[""A"",""B"",""D""]",[],"[""C"",""enhancers""]",,,False,False,False,,"{""confirm"":0,""weaken"":0,""retire"":0,""recover"":0}",rule_evidence_unavailable:confirm,"[{""rule_id"":""E1"",""actual"":-0.025813418406728905,""threshold"":0,""margin"":-0.025813418406728905,""edge"":false},{""rule_id"":""E2"",""actual"":1.0,""threshold"":1.0,""margin"":0.0,""edge"":true}]"
A03,ambiguous,2024-11-05,非银金融,S1,False,True,4,"[""A"",""B"",""C"",""D""]",[],"[""enhancers""]",enhancers,,False,False,False,,"{""confirm"":0,""weaken"":0,""retire"":0,""recover"":0}",rule_evidence_unavailable:confirm,"[{""rule_id"":""E1"",""actual"":-0.019185783405329504,""threshold"":0,""margin"":-0.019185783405329504,""edge"":false},{""rule_id"":""E2"",""actual"":1.0,""threshold"":1.0,""margin"":0.0,""edge"":true}]"
A03,ambiguous,2024-11-06,非银金融,S1,False,True,4,"[""A"",""B"",""C"",""D""]",[],"[""enhancers""]",enhancers,,False,False,False,,"{""confirm"":0,""weaken"":0,""retire"":0,""recover"":0}",rule_evidence_unavailable:confirm,"[{""rule_id"":""E1"",""actual"":-0.062458556404241916,""threshold"":0,""margin"":-0.062458556404241916,""edge"":false},{""rule_id"":""E2"",""actual"":1.0,""threshold"":1.0,""margin"":0.0,""edge"":true}]"
A03,ambiguous,2024-11-07,非银金融,S1,False,False,5,"[""A"",""B"",""C"",""D"",""enhancers""]",[],[],,,False,False,False,True,"{""confirm"":1,""weaken"":0,""retire"":0,""recover"":0}",freeze_recovery_first_session_no_transition,[]
A03,ambiguous,2024-11-08,非银金融,S1,True,False,2,"[""A"",""C""]","[""B"",""D"",""enhancers""]",[],,,False,False,False,False,"{""confirm"":0,""weaken"":0,""retire"":0,""recover"":0}",no_legal_transition_triggered,"[{""rule_id"":""B.win5"",""actual"":0.6,""threshold"":0.8,""margin"":-0.20000000000000007,""edge"":true},{""rule_id"":""B.win10"",""actual"":0.6,""threshold"":0.7,""margin"":-0.09999999999999998,""edge"":true},{""rule_id"":""D.up"",""actual"":0.11764705882352941,""threshold"":0.41442451420029897,""margin"":-0.2967774553767696,""edge"":false},{""rule_id"":""D.newhigh"",""actual"":0.06172839506172839,""threshold"":0.225,""margin"":-0.16327160493827161,""edge"":false},{""rule_id"":""E1"",""actual"":-0.040674817162345,""threshold"":0,""margin"":-0.040674817162345,""edge"":false},{""rule_id"":""E2"",""actual"":1.0,""threshold"":1.0,""margin"":0.0,""edge"":true},{""rule_id"":""E3"",""actual"":0.06172839506172839,""threshold"":0.225,""margin"":-0.16327160493827161,""edge"":false}]"
A03,ambiguous,2024-11-11,非银金融,S1,True,False,2,"[""A"",""D""]","[""B"",""C""]","[""enhancers""]",,,False,False,False,False,"{""confirm"":0,""weaken"":0,""retire"":0,""recover"":0}",no_legal_transition_triggered,"[{""rule_id"":""B.win5"",""actual"":0.4,""threshold"":0.8,""margin"":-0.4,""edge"":false},{""rule_id"":""B.win10"",""actual"":0.6,""threshold"":0.7,""margin"":-0.09999999999999998,""edge"":true},{""rule_id"":""C.percentile"",""actual"":0.46511627906976744,""threshold"":0.6,""margin"":-0.13488372093023254,""edge"":false},{""rule_id"":""C.trend"",""actual"":false,""threshold"":true,""margin"":null,""edge"":false},{""rule_id"":""E1"",""actual"":-0.052809362923992964,""threshold"":0,""margin"":-0.052809362923992964,""edge"":false},{""rule_id"":""E2"",""actual"":1.0,""threshold"":1.0,""margin"":0.0,""edge"":true}]"
A03,ambiguous,2024-11-12,非银金融,S0,True,False,1,"[""A""]","[""B"",""C"",""D"",""enhancers""]",[],,,False,False,False,False,"{""confirm"":0,""weaken"":0,""retire"":0,""recover"":0}",candidate_failed,"[{""rule_id"":""B.win5"",""actual"":0.2,""threshold"":0.8,""margin"":-0.6000000000000001,""edge"":false},{""rule_id"":""B.win10"",""actual"":0.5,""threshold"":0.7,""margin"":-0.19999999999999996,""edge"":false},{""rule_id"":""C.percentile"",""actual"":0.36363636363636365,""threshold"":0.6,""margin"":-0.23636363636363633,""edge"":false},{""rule_id"":""C.trend"",""actual"":false,""threshold"":true,""margin"":null,""edge"":false},{""rule_id"":""D.up"",""actual"":0.10588235294117647,""threshold"":0.2774869109947644,""margin"":-0.17160455805358793,""edge"":false},{""rule_id"":""D.newhigh"",""actual"":0.024691358024691357,""threshold"":0.30864197530864196,""margin"":-0.2839506172839506,""edge"":false},{""rule_id"":""E1"",""actual"":-0.05022878964877009,""threshold"":0,""margin"":-0.05022878964877009,""edge"":false},{""rule_id"":""E2"",""actual"":1.0,""threshold"":1.0,""margin"":0.0,""edge"":true},{""rule_id"":""E3"",""actual"":0.024691358024691357,""threshold"":0.30864197530864196,""margin"":-0.2839506172839506,""edge"":false}]"
A04,ambiguous,2025-02-17,有色金属,S0,False,False,0,[],"[""A"",""B"",""C"",""D"",""enhancers""]",[],,,False,False,False,False,"{""confirm"":0,""weaken"":0,""retire"":0,""recover"":0}",no_legal_transition_triggered,"[{""rule_id"":""A.return"",""actual"":-0.058482669271563426,""threshold"":0,""margin"":-0.058482669271563426,""edge"":false},{""rule_id"":""A.rank"",""actual"":0.9333333333333333,""threshold"":0.3,""margin"":-0.6333333333333333,""edge"":false},{""rule_id"":""B.win5"",""actual"":0.2,""threshold"":0.8,""margin"":-0.6000000000000001,""edge"":false},{""rule_id"":""B.win10"",""actual"":0.2,""threshold"":0.7,""margin"":-0.49999999999999994,""edge"":false},{""rule_id"":""C.percentile"",""actual"":0.1016949152542373,""threshold"":0.6,""margin"":-0.4983050847457627,""edge"":false},{""rule_id"":""D.up"",""actual"":0.35251798561151076,""threshold"":0.6815901913431173,""margin"":-0.3290722057316065,""edge"":false},{""rule_id"":""D.ma20"",""actual"":0.5434782608695652,""threshold"":0.6,""margin"":-0.05652173913043479,""edge"":false},{""rule_id"":""D.newhigh"",""actual"":0.0,""threshold"":0.007462686567164179,""margin"":-0.007462686567164179,""edge"":false},{""rule_id"":""E1"",""actual"":-0.07028516761268122,""threshold"":0,""margin"":-0.07028516761268122,""edge"":false},{""rule_id"":""E2"",""actual"":0.3880597014925373,""threshold"":0.5895522388059702,""margin"":-0.20149253731343286,""edge"":false},{""rule_id"":""E3"",""actual"":0.0,""threshold"":0.007462686567164179,""margin"":-0.007462686567164179,""edge"":false}]"
A04,ambiguous,2025-02-18,有色金属,S0,False,False,0,[],"[""A"",""B"",""C"",""D"",""enhancers""]",[],,,False,False,False,False,"{""confirm"":0,""weaken"":0,""retire"":0,""recover"":0}",no_legal_transition_triggered,"[{""rule_id"":""A.return"",""actual"":-0.045699673140097596,""threshold"":0,""margin"":-0.045699673140097596,""edge"":false},{""rule_id"":""A.rank"",""actual"":0.8333333333333334,""threshold"":0.3,""margin"":-0.5333333333333334,""edge"":false},{""rule_id"":""B.win5"",""actual"":0.2,""threshold"":0.8,""margin"":-0.6000000000000001,""edge"":false},{""rule_id"":""B.win10"",""actual"":0.3,""threshold"":0.7,""margin"":-0.39999999999999997,""edge"":false},{""rule_id"":""C.percentile"",""actual"":0.05084745762711865,""threshold"":0.6,""margin"":-0.5491525423728814,""edge"":false},{""rule_id"":""D.ma20"",""actual"":0.3188405797101449,""threshold"":0.6,""margin"":-0.2811594202898551,""edge"":false},{""rule_id"":""D.newhigh"",""actual"":0.014925373134328358,""threshold"":0.014925373134328358,""margin"":0.0,""edge"":true},{""rule_id"":""E1"",""actual"":-0.07024015574502629,""threshold"":0,""margin"":-0.07024015574502629,""edge"":false},{""rule_id"":""E2"",""actual"":0.29850746268656714,""threshold"":0.48507462686567165,""margin"":-0.18656716417910452,""edge"":false},{""rule_id"":""E3"",""actual"":0.014925373134328358,""threshold"":0.014925373134328358,""margin"":0.0,""edge"":true}]"
A04,ambiguous,2025-02-19,有色金属,S0,False,False,1,"[""D""]","[""A"",""B"",""C""]","[""enhancers""]",,,False,False,False,False,"{""confirm"":0,""weaken"":0,""retire"":0,""recover"":0}",no_legal_transition_triggered,"[{""rule_id"":""A.return"",""actual"":-0.047759218984034124,""threshold"":0,""margin"":-0.047759218984034124,""edge"":false},{""rule_id"":""A.rank"",""actual"":0.8333333333333334,""threshold"":0.3,""margin"":-0.5333333333333334,""edge"":false},{""rule_id"":""B.win5"",""actual"":0.2,""threshold"":0.8,""margin"":-0.6000000000000001,""edge"":false},{""rule_id"":""B.win10"",""actual"":0.2,""threshold"":0.7,""margin"":-0.49999999999999994,""edge"":false},{""rule_id"":""C.percentile"",""actual"":0.23728813559322035,""threshold"":0.6,""margin"":-0.3627118644067796,""edge"":false},{""rule_id"":""E1"",""actual"":-0.05183198606612516,""threshold"":0,""margin"":-0.05183198606612516,""edge"":false},{""rule_id"":""E2"",""actual"":0.44776119402985076,""threshold"":0.4626865671641791,""margin"":-0.014925373134328346,""edge"":true}]"
A04,ambiguous,2025-02-20,有色金属,S0,False,False,2,"[""D"",""enhancers""]","[""A"",""B"",""C""]",[],,,False,False,False,False,"{""confirm"":0,""weaken"":0,""retire"":0,""recover"":0}",no_legal_transition_triggered,"[{""rule_id"":""A.return"",""actual"":-0.04371176524184062,""threshold"":0,""margin"":-0.04371176524184062,""edge"":false},{""rule_id"":""A.rank"",""actual"":0.8666666666666667,""threshold"":0.3,""margin"":-0.5666666666666667,""edge"":false},{""rule_id"":""B.win5"",""actual"":0.4,""threshold"":0.8,""margin"":-0.4,""edge"":false},{""rule_id"":""B.win10"",""actual"":0.3,""threshold"":0.7,""margin"":-0.39999999999999997,""edge"":false},{""rule_id"":""C.percentile"",""actual"":0.3220338983050847,""threshold"":0.6,""margin"":-0.27796610169491526,""edge"":false}]"
A04,ambiguous,2025-02-21,有色金属,S0,False,False,2,"[""D"",""enhancers""]","[""A"",""B"",""C""]",[],,,False,False,False,False,"{""confirm"":0,""weaken"":0,""retire"":0,""recover"":0}",no_legal_transition_triggered,"[{""rule_id"":""A.return"",""actual"":-0.046096798692899066,""threshold"":0,""margin"":-0.046096798692899066,""edge"":false},{""rule_id"":""A.rank"",""actual"":0.8333333333333334,""threshold"":0.3,""margin"":-0.5333333333333334,""edge"":false},{""rule_id"":""B.win5"",""actual"":0.4,""threshold"":0.8,""margin"":-0.4,""edge"":false},{""rule_id"":""B.win10"",""actual"":0.3,""threshold"":0.7,""margin"":-0.39999999999999997,""edge"":false},{""rule_id"":""C.percentile"",""actual"":0.1016949152542373,""threshold"":0.6,""margin"":-0.4983050847457627,""edge"":false}]"
A04,ambiguous,2025-02-24,有色金属,S0,False,False,2,"[""D"",""enhancers""]","[""A"",""B"",""C""]",[],,,False,False,False,False,"{""confirm"":0,""weaken"":0,""retire"":0,""recover"":0}",no_legal_transition_triggered,"[{""rule_id"":""A.return"",""actual"":-0.028708218762357296,""threshold"":0,""margin"":-0.028708218762357296,""edge"":false},{""rule_id"":""A.rank"",""actual"":0.5666666666666667,""threshold"":0.3,""margin"":-0.26666666666666666,""edge"":false},{""rule_id"":""B.win5"",""actual"":0.6,""threshold"":0.8,""margin"":-0.20000000000000007,""edge"":true},{""rule_id"":""B.win10"",""actual"":0.4,""threshold"":0.7,""margin"":-0.29999999999999993,""edge"":false},{""rule_id"":""C.percentile"",""actual"":0.06779661016949153,""threshold"":0.6,""margin"":-0.5322033898305084,""edge"":false},{""rule_id"":""C.trend"",""actual"":false,""threshold"":true,""margin"":null,""edge"":false}]"
A04,ambiguous,2025-02-25,有色金属,S0,False,False,0,[],"[""A"",""B"",""C"",""D"",""enhancers""]",[],,,False,False,False,False,"{""confirm"":0,""weaken"":0,""retire"":0,""recover"":0}",no_legal_transition_triggered,"[{""rule_id"":""A.return"",""actual"":-0.029107260844902116,""threshold"":0,""margin"":-0.029107260844902116,""edge"":false},{""rule_id"":""A.rank"",""actual"":0.5,""threshold"":0.3,""margin"":-0.2,""edge"":false},{""rule_id"":""B.win5"",""actual"":0.6,""threshold"":0.8,""margin"":-0.20000000000000007,""edge"":true},{""rule_id"":""B.win10"",""actual"":0.4,""threshold"":0.7,""margin"":-0.29999999999999993,""edge"":false},{""rule_id"":""C.percentile"",""actual"":0.3559322033898305,""threshold"":0.6,""margin"":-0.24406779661016947,""edge"":false},{""rule_id"":""D.up"",""actual"":0.22302158273381295,""threshold"":0.2853427456808471,""margin"":-0.06232116294703416,""edge"":false},{""rule_id"":""D.ma20"",""actual"":0.5755395683453237,""threshold"":0.6,""margin"":-0.024460431654676262,""edge"":false},{""rule_id"":""D.newhigh"",""actual"":0.05925925925925926,""threshold"":0.08888888888888889,""margin"":-0.02962962962962963,""edge"":false},{""rule_id"":""E1"",""actual"":-0.04986509591557908,""threshold"":0,""margin"":-0.04986509591557908,""edge"":false},{""rule_id"":""E2"",""actual"":0.48148148148148145,""threshold"":0.5333333333333333,""margin"":-0.05185185185185187,""edge"":false},{""rule_id"":""E3"",""actual"":0.05925925925925926,""threshold"":0.08888888888888889,""margin"":-0.02962962962962963,""edge"":false}]"
A04,ambiguous,2025-02-26,有色金属,S0,False,False,2,"[""D"",""enhancers""]","[""A"",""B"",""C""]",[],,,False,False,False,False,"{""confirm"":0,""weaken"":0,""retire"":0,""recover"":0}",no_legal_transition_triggered,"[{""rule_id"":""A.return"",""actual"":-0.018524905074625897,""threshold"":0,""margin"":-0.018524905074625897,""edge"":false},{""rule_id"":""A.rank"",""actual"":0.4666666666666667,""threshold"":0.3,""margin"":-0.16666666666666669,""edge"":false},{""rule_id"":""B.win5"",""actual"":0.6,""threshold"":0.8,""margin"":-0.20000000000000007,""edge"":true},{""rule_id"":""B.win10"",""actual"":0.4,""threshold"":0.7,""margin"":-0.29999999999999993,""edge"":false},{""rule_id"":""C.percentile"",""actual"":0.3050847457627119,""threshold"":0.6,""margin"":-0.2949152542372881,""edge"":false}]"
A04,ambiguous,2025-02-27,有色金属,S0,False,False,0,[],"[""A"",""B"",""C"",""D"",""enhancers""]",[],,,False,False,False,False,"{""confirm"":0,""weaken"":0,""retire"":0,""recover"":0}",no_legal_transition_triggered,"[{""rule_id"":""A.return"",""actual"":-0.021307609332941846,""threshold"":0,""margin"":-0.021307609332941846,""edge"":false},{""rule_id"":""A.rank"",""actual"":0.4666666666666667,""threshold"":0.3,""margin"":-0.16666666666666669,""edge"":false},{""rule_id"":""B.win5"",""actual"":0.4,""threshold"":0.8,""margin"":-0.4,""edge"":false},{""rule_id"":""B.win10"",""actual"":0.4,""threshold"":0.7,""margin"":-0.29999999999999993,""edge"":false},{""rule_id"":""C.percentile"",""actual"":0.4067796610169492,""threshold"":0.6,""margin"":-0.1932203389830508,""edge"":false},{""rule_id"":""D.up"",""actual"":0.28776978417266186,""threshold"":0.3963210702341137,""margin"":-0.10855128606145187,""edge"":false},{""rule_id"":""D.newhigh"",""actual"":0.07407407407407407,""threshold"":0.08148148148148149,""margin"":-0.007407407407407418,""edge"":false},{""rule_id"":""E1"",""actual"":-0.06066813453581821,""threshold"":0,""margin"":-0.06066813453581821,""edge"":false},{""rule_id"":""E2"",""actual"":0.5481481481481482,""threshold"":0.5481481481481482,""margin"":0.0,""edge"":true},{""rule_id"":""E3"",""actual"":0.07407407407407407,""threshold"":0.08148148148148149,""margin"":-0.007407407407407418,""edge"":false}]"
A04,ambiguous,2025-02-28,有色金属,S1,False,False,0,[],"[""A"",""B"",""C"",""D"",""enhancers""]",[],,,False,False,False,False,"{""confirm"":0,""weaken"":0,""retire"":0,""recover"":0}",candidate,"[{""rule_id"":""A.return"",""actual"":-0.004873857047001717,""threshold"":0,""margin"":-0.004873857047001717,""edge"":true},{""rule_id"":""A.rank"",""actual"":0.5666666666666667,""threshold"":0.3,""margin"":-0.26666666666666666,""edge"":false},{""rule_id"":""B.win5"",""actual"":0.6,""threshold"":0.8,""margin"":-0.20000000000000007,""edge"":true},{""rule_id"":""B.win10"",""actual"":0.5,""threshold"":0.7,""margin"":-0.19999999999999996,""edge"":false},{""rule_id"":""C.percentile"",""actual"":0.4576271186440678,""threshold"":0.6,""margin"":-0.14237288135593218,""edge"":false},{""rule_id"":""D.ma20"",""actual"":0.3669064748201439,""threshold"":0.6,""margin"":-0.2330935251798561,""edge"":false},{""rule_id"":""D.newhigh"",""actual"":0.014814814814814815,""threshold"":0.05925925925925926,""margin"":-0.044444444444444446,""edge"":false},{""rule_id"":""E1"",""actual"":-0.04533639108495158,""threshold"":0,""margin"":-0.04533639108495158,""edge"":false},{""rule_id"":""E2"",""actual"":0.45925925925925926,""threshold"":0.48148148148148145,""margin"":-0.0222222222222222,""edge"":false},{""rule_id"":""E3"",""actual"":0.014814814814814815,""threshold"":0.05925925925925926,""margin"":-0.044444444444444446,""edge"":false}]"
A04,ambiguous,2025-03-03,有色金属,S1,True,False,3,"[""A"",""C"",""D""]","[""B""]","[""enhancers""]",,,False,False,False,False,"{""confirm"":0,""weaken"":0,""retire"":0,""recover"":0}",no_legal_transition_triggered,"[{""rule_id"":""B.win5"",""actual"":0.6,""threshold"":0.8,""margin"":-0.20000000000000007,""edge"":true},{""rule_id"":""B.win10"",""actual"":0.6,""threshold"":0.7,""margin"":-0.09999999999999998,""edge"":true},{""rule_id"":""E1"",""actual"":-0.026700542419147544,""threshold"":0,""margin"":-0.026700542419147544,""edge"":false},{""rule_id"":""E2"",""actual"":0.5522388059701493,""threshold"":0.5777777777777777,""margin"":-0.02553897180762843,""edge"":false}]"
A04,ambiguous,2025-03-04,有色金属,S1,True,False,4,"[""A"",""C"",""D"",""enhancers""]","[""B""]",[],B,False,False,False,True,False,"{""confirm"":0,""weaken"":0,""retire"":0,""recover"":0}",no_legal_transition_triggered,"[{""rule_id"":""B.win5"",""actual"":0.4,""threshold"":0.8,""margin"":-0.4,""edge"":false},{""rule_id"":""B.win10"",""actual"":0.5,""threshold"":0.7,""margin"":-0.19999999999999996,""edge"":false}]"
A04,ambiguous,2025-03-05,有色金属,S1,True,False,3,"[""A"",""D"",""enhancers""]","[""B"",""C""]",[],,,False,False,False,False,"{""confirm"":0,""weaken"":0,""retire"":0,""recover"":0}",no_legal_transition_triggered,"[{""rule_id"":""B.win5"",""actual"":0.6,""threshold"":0.8,""margin"":-0.20000000000000007,""edge"":true},{""rule_id"":""B.win10"",""actual"":0.6,""threshold"":0.7,""margin"":-0.09999999999999998,""edge"":true},{""rule_id"":""C.trend"",""actual"":false,""threshold"":true,""margin"":null,""edge"":false}]"
A04,ambiguous,2025-03-06,有色金属,S1,True,False,1,"[""A""]","[""B"",""C"",""D""]","[""enhancers""]",,,False,False,False,False,"{""confirm"":0,""weaken"":0,""retire"":0,""recover"":0}",no_legal_transition_triggered,"[{""rule_id"":""B.win5"",""actual"":0.6,""threshold"":0.8,""margin"":-0.20000000000000007,""edge"":true},{""rule_id"":""B.win10"",""actual"":0.5,""threshold"":0.7,""margin"":-0.19999999999999996,""edge"":false},{""rule_id"":""C.trend"",""actual"":false,""threshold"":true,""margin"":null,""edge"":false},{""rule_id"":""D.up"",""actual"":0.7753623188405797,""threshold"":0.7945714816880461,""margin"":-0.019209162847466432,""edge"":true},{""rule_id"":""D.newhigh"",""actual"":0.0962962962962963,""threshold"":0.09701492537313433,""margin"":-0.0007186290768380343,""edge"":true},{""rule_id"":""E1"",""actual"":-0.032159945904891796,""threshold"":0,""margin"":-0.032159945904891796,""edge"":false},{""rule_id"":""E3"",""actual"":0.0962962962962963,""threshold"":0.09701492537313433,""margin"":-0.0007186290768380343,""edge"":true}]"
A04,ambiguous,2025-03-07,有色金属,S1,True,False,4,"[""A"",""C"",""D"",""enhancers""]","[""B""]",[],B,False,True,False,True,False,"{""confirm"":0,""weaken"":0,""retire"":0,""recover"":0}",no_legal_transition_triggered,"[{""rule_id"":""B.win5"",""actual"":0.6,""threshold"":0.8,""margin"":-0.20000000000000007,""edge"":true},{""rule_id"":""B.win10"",""actual"":0.6,""threshold"":0.7,""margin"":-0.09999999999999998,""edge"":true}]"
A04,ambiguous,2025-03-10,有色金属,S1,True,False,4,"[""A"",""C"",""D"",""enhancers""]","[""B""]",[],B,False,True,False,True,False,"{""confirm"":0,""weaken"":0,""retire"":0,""recover"":0}",no_legal_transition_triggered,"[{""rule_id"":""B.win5"",""actual"":0.6,""threshold"":0.8,""margin"":-0.20000000000000007,""edge"":true},{""rule_id"":""B.win10"",""actual"":0.6,""threshold"":0.7,""margin"":-0.09999999999999998,""edge"":true}]"
A04,ambiguous,2025-03-11,有色金属,S1,True,False,5,"[""A"",""B"",""C"",""D"",""enhancers""]",[],[],,,False,False,False,True,"{""confirm"":1,""weaken"":0,""retire"":0,""recover"":0}",no_legal_transition_triggered,[]
A04,ambiguous,2025-03-12,有色金属,S1,True,False,3,"[""A"",""C"",""enhancers""]","[""B"",""D""]",[],,,False,False,False,False,"{""confirm"":0,""weaken"":0,""retire"":0,""recover"":0}",no_legal_transition_triggered,"[{""rule_id"":""B.win5"",""actual"":0.6,""threshold"":0.8,""margin"":-0.20000000000000007,""edge"":true},{""rule_id"":""B.win10"",""actual"":0.6,""threshold"":0.7,""margin"":-0.09999999999999998,""edge"":true},{""rule_id"":""D.up"",""actual"":0.3669064748201439,""threshold"":0.488017833921605,""margin"":-0.12111135910146115,""edge"":false},{""rule_id"":""D.newhigh"",""actual"":0.08888888888888889,""threshold"":0.1925925925925926,""margin"":-0.1037037037037037,""edge"":false}]"
A04,ambiguous,2025-03-13,有色金属,S1,True,False,5,"[""A"",""B"",""C"",""D"",""enhancers""]",[],[],,,False,False,False,True,"{""confirm"":1,""weaken"":0,""retire"":0,""recover"":0}",no_legal_transition_triggered,[]
A04,ambiguous,2025-03-14,有色金属,S1,True,False,3,"[""A"",""C"",""enhancers""]","[""B"",""D""]",[],,,False,False,False,False,"{""confirm"":0,""weaken"":0,""retire"":0,""recover"":0}",no_legal_transition_triggered,"[{""rule_id"":""B.win5"",""actual"":0.6,""threshold"":0.8,""margin"":-0.20000000000000007,""edge"":true},{""rule_id"":""B.win10"",""actual"":0.6,""threshold"":0.7,""margin"":-0.09999999999999998,""edge"":true},{""rule_id"":""D.up"",""actual"":0.762589928057554,""threshold"":0.834850455136541,""margin"":-0.072260527078987,""edge"":false},{""rule_id"":""D.newhigh"",""actual"":0.16296296296296298,""threshold"":0.21481481481481482,""margin"":-0.05185185185185184,""edge"":false}]"
A04,ambiguous,2025-03-17,有色金属,S1,True,False,3,"[""A"",""C"",""enhancers""]","[""B"",""D""]",[],,,False,False,False,False,"{""confirm"":0,""weaken"":0,""retire"":0,""recover"":0}",no_legal_transition_triggered,"[{""rule_id"":""B.win5"",""actual"":0.4,""threshold"":0.8,""margin"":-0.4,""edge"":false},{""rule_id"":""B.win10"",""actual"":0.5,""threshold"":0.7,""margin"":-0.19999999999999996,""edge"":false},{""rule_id"":""D.up"",""actual"":0.3237410071942446,""threshold"":0.5847441860465117,""margin"":-0.2610031788522671,""edge"":false},{""rule_id"":""D.newhigh"",""actual"":0.05185185185185185,""threshold"":0.08888888888888889,""margin"":-0.03703703703703704,""edge"":false}]"
A04,ambiguous,2025-03-18,有色金属,S1,True,False,4,"[""A"",""C"",""D"",""enhancers""]","[""B""]",[],B,False,False,False,True,False,"{""confirm"":0,""weaken"":0,""retire"":0,""recover"":0}",no_legal_transition_triggered,"[{""rule_id"":""B.win5"",""actual"":0.4,""threshold"":0.8,""margin"":-0.4,""edge"":false},{""rule_id"":""B.win10"",""actual"":0.6,""threshold"":0.7,""margin"":-0.09999999999999998,""edge"":true}]"
A04,ambiguous,2025-03-19,有色金属,S1,True,False,3,"[""A"",""C"",""D""]","[""B""]","[""enhancers""]",,,False,False,False,False,"{""confirm"":0,""weaken"":0,""retire"":0,""recover"":0}",no_legal_transition_triggered,"[{""rule_id"":""B.win5"",""actual"":0.6,""threshold"":0.8,""margin"":-0.20000000000000007,""edge"":true},{""rule_id"":""B.win10"",""actual"":0.6,""threshold"":0.7,""margin"":-0.09999999999999998,""edge"":true},{""rule_id"":""E2"",""actual"":0.9328358208955224,""threshold"":0.9333333333333333,""margin"":-0.0004975124378109319,""edge"":true},{""rule_id"":""E3"",""actual"":0.14925373134328357,""threshold"":0.16296296296296298,""margin"":-0.013709231619679407,""edge"":false}]"
A04,ambiguous,2025-03-20,有色金属,S1,True,False,4,"[""A"",""C"",""D"",""enhancers""]","[""B""]",[],B,False,False,False,True,False,"{""confirm"":0,""weaken"":0,""retire"":0,""recover"":0}",no_legal_transition_triggered,"[{""rule_id"":""B.win5"",""actual"":0.4,""threshold"":0.8,""margin"":-0.4,""edge"":false},{""rule_id"":""B.win10"",""actual"":0.6,""threshold"":0.7,""margin"":-0.09999999999999998,""edge"":true}]"
A04,ambiguous,2025-03-21,有色金属,S0,True,False,1,"[""C""]","[""A"",""B"",""D""]","[""enhancers""]",,,False,False,False,False,"{""confirm"":0,""weaken"":0,""retire"":0,""recover"":0}",candidate_failed,"[{""rule_id"":""A.return"",""actual"":-0.0017925692344882282,""threshold"":0,""margin"":-0.0017925692344882282,""edge"":true},{""rule_id"":""A.rank"",""actual"":0.8,""threshold"":0.3,""margin"":-0.5,""edge"":false},{""rule_id"":""B.win5"",""actual"":0.4,""threshold"":0.8,""margin"":-0.4,""edge"":false},{""rule_id"":""B.win10"",""actual"":0.5,""threshold"":0.7,""margin"":-0.19999999999999996,""edge"":false},{""rule_id"":""D.up"",""actual"":0.12142857142857143,""threshold"":0.18462109955423478,""margin"":-0.06319252812566335,""edge"":false},{""rule_id"":""D.ma20"",""actual"":0.5985401459854015,""threshold"":0.6,""margin"":-0.0014598540145984717,""edge"":true},{""rule_id"":""D.newhigh"",""actual"":0.029850746268656716,""threshold"":0.17037037037037037,""margin"":-0.14051962410171365,""edge"":false},{""rule_id"":""E2"",""actual"":0.8656716417910447,""threshold"":0.9407407407407408,""margin"":-0.07506909894969604,""edge"":false},{""rule_id"":""E3"",""actual"":0.029850746268656716,""threshold"":0.17037037037037037,""margin"":-0.14051962410171365,""edge"":false}]"
A04,ambiguous,2025-03-24,有色金属,S1,False,False,1,"[""C""]","[""A"",""B"",""D""]","[""enhancers""]",,,False,False,False,False,"{""confirm"":0,""weaken"":0,""retire"":0,""recover"":0}",candidate,"[{""rule_id"":""A.rank"",""actual"":0.5,""threshold"":0.3,""margin"":-0.2,""edge"":false},{""rule_id"":""B.win5"",""actual"":0.6,""threshold"":0.8,""margin"":-0.20000000000000007,""edge"":true},{""rule_id"":""B.win10"",""actual"":0.5,""threshold"":0.7,""margin"":-0.19999999999999996,""edge"":false},{""rule_id"":""D.ma20"",""actual"":0.5766423357664233,""threshold"":0.6,""margin"":-0.023357664233576658,""edge"":false},{""rule_id"":""D.newhigh"",""actual"":0.1044776119402985,""threshold"":0.14925373134328357,""margin"":-0.044776119402985065,""edge"":false},{""rule_id"":""E2"",""actual"":0.8432835820895522,""threshold"":0.9328358208955224,""margin"":-0.08955223880597019,""edge"":false},{""rule_id"":""E3"",""actual"":0.1044776119402985,""threshold"":0.14925373134328357,""margin"":-0.044776119402985065,""edge"":false}]"
A04,ambiguous,2025-03-25,有色金属,S1,True,False,1,"[""C""]","[""A"",""B"",""D""]","[""enhancers""]",,,False,False,False,False,"{""confirm"":0,""weaken"":0,""retire"":0,""recover"":0}",no_legal_transition_triggered,"[{""rule_id"":""A.rank"",""actual"":0.4,""threshold"":0.3,""margin"":-0.10000000000000003,""edge"":false},{""rule_id"":""B.win5"",""actual"":0.6,""threshold"":0.8,""margin"":-0.20000000000000007,""edge"":true},{""rule_id"":""B.win10"",""actual"":0.5,""threshold"":0.7,""margin"":-0.19999999999999996,""edge"":false},{""rule_id"":""D.ma20"",""actual"":0.5766423357664233,""threshold"":0.6,""margin"":-0.023357664233576658,""edge"":false},{""rule_id"":""D.newhigh"",""actual"":0.1044776119402985,""threshold"":0.1044776119402985,""margin"":0.0,""edge"":true},{""rule_id"":""E2"",""actual"":0.8507462686567164,""threshold"":0.917910447761194,""margin"":-0.06716417910447758,""edge"":false},{""rule_id"":""E3"",""actual"":0.1044776119402985,""threshold"":0.1044776119402985,""margin"":0.0,""edge"":true}]"
A04,ambiguous,2025-03-26,有色金属,S1,True,False,2,"[""C"",""enhancers""]","[""A"",""B"",""D""]",[],,,False,False,False,False,"{""confirm"":0,""weaken"":0,""retire"":0,""recover"":0}",no_legal_transition_triggered,"[{""rule_id"":""A.rank"",""actual"":0.4,""threshold"":0.3,""margin"":-0.10000000000000003,""edge"":false},{""rule_id"":""B.win5"",""actual"":0.4,""threshold"":0.8,""margin"":-0.4,""edge"":false},{""rule_id"":""B.win10"",""actual"":0.5,""threshold"":0.7,""margin"":-0.19999999999999996,""edge"":false},{""rule_id"":""D.up"",""actual"":0.524822695035461,""threshold"":0.6581926145852662,""margin"":-0.13336991954980526,""edge"":false},{""rule_id"":""D.ma20"",""actual"":0.5620437956204379,""threshold"":0.6,""margin"":-0.03795620437956204,""edge"":false}]"
A04,ambiguous,2025-03-27,有色金属,S0,True,False,1,"[""C""]","[""A"",""B"",""D""]","[""enhancers""]",,,False,False,False,False,"{""confirm"":0,""weaken"":0,""retire"":0,""recover"":0}",candidate_failed,"[{""rule_id"":""A.return"",""actual"":-0.0025365658272323843,""threshold"":0,""margin"":-0.0025365658272323843,""edge"":true},{""rule_id"":""A.rank"",""actual"":0.7333333333333333,""threshold"":0.3,""margin"":-0.4333333333333333,""edge"":false},{""rule_id"":""B.win5"",""actual"":0.4,""threshold"":0.8,""margin"":-0.4,""edge"":false},{""rule_id"":""B.win10"",""actual"":0.4,""threshold"":0.7,""margin"":-0.29999999999999993,""edge"":false},{""rule_id"":""D.up"",""actual"":0.15,""threshold"":0.35251531464637087,""margin"":-0.20251531464637088,""edge"":false},{""rule_id"":""D.ma20"",""actual"":0.46715328467153283,""threshold"":0.6,""margin"":-0.13284671532846715,""edge"":false},{""rule_id"":""D.newhigh"",""actual"":0.014925373134328358,""threshold"":0.1044776119402985,""margin"":-0.08955223880597014,""edge"":false},{""rule_id"":""E2"",""actual"":0.835820895522388,""threshold"":0.8432835820895522,""margin"":-0.007462686567164201,""edge"":true},{""rule_id"":""E3"",""actual"":0.014925373134328358,""threshold"":0.1044776119402985,""margin"":-0.08955223880597014,""edge"":false}]"
A04,ambiguous,2025-03-28,有色金属,S1,False,False,1,"[""C""]","[""A"",""B"",""D""]","[""enhancers""]",,,False,False,False,False,"{""confirm"":0,""weaken"":0,""retire"":0,""recover"":0}",candidate,"[{""rule_id"":""A.rank"",""actual"":0.5,""threshold"":0.3,""margin"":-0.2,""edge"":false},{""rule_id"":""B.win5"",""actual"":0.6,""threshold"":0.8,""margin"":-0.20000000000000007,""edge"":true},{""rule_id"":""B.win10"",""actual"":0.5,""threshold"":0.7,""margin"":-0.19999999999999996,""edge"":false},{""rule_id"":""D.ma20"",""actual"":0.36496350364963503,""threshold"":0.6,""margin"":-0.23503649635036494,""edge"":false},{""rule_id"":""D.newhigh"",""actual"":0.03731343283582089,""threshold"":0.1044776119402985,""margin"":-0.06716417910447761,""edge"":false},{""rule_id"":""E2"",""actual"":0.7910447761194029,""threshold"":0.8507462686567164,""margin"":-0.059701492537313494,""edge"":false},{""rule_id"":""E3"",""actual"":0.03731343283582089,""threshold"":0.1044776119402985,""margin"":-0.06716417910447761,""edge"":false}]"
A04,ambiguous,2025-03-31,有色金属,S1,True,False,1,"[""C""]","[""A"",""B"",""D""]","[""enhancers""]",,,False,False,False,False,"{""confirm"":0,""weaken"":0,""retire"":0,""recover"":0}",no_legal_transition_triggered,"[{""rule_id"":""A.rank"",""actual"":0.3333333333333333,""threshold"":0.3,""margin"":-0.033333333333333326,""edge"":true},{""rule_id"":""B.win5"",""actual"":0.4,""threshold"":0.8,""margin"":-0.4,""edge"":false},{""rule_id"":""B.win10"",""actual"":0.5,""threshold"":0.7,""margin"":-0.19999999999999996,""edge"":false},{""rule_id"":""D.up"",""actual"":0.19285714285714287,""threshold"":0.23946537961759792,""margin"":-0.04660823676045506,""edge"":false},{""rule_id"":""D.ma20"",""actual"":0.20437956204379562,""threshold"":0.6,""margin"":-0.3956204379562044,""edge"":false},{""rule_id"":""D.newhigh"",""actual"":0.04477611940298507,""threshold"":0.11940298507462686,""margin"":-0.07462686567164178,""edge"":false},{""rule_id"":""E2"",""actual"":0.6567164179104478,""threshold"":0.8805970149253731,""margin"":-0.22388059701492535,""edge"":false},{""rule_id"":""E3"",""actual"":0.04477611940298507,""threshold"":0.11940298507462686,""margin"":-0.07462686567164178,""edge"":false}]"
A04,ambiguous,2025-04-01,有色金属,S0,True,False,0,[],"[""A"",""B"",""C"",""D""]","[""enhancers""]",,,False,False,False,False,"{""confirm"":0,""weaken"":0,""retire"":0,""recover"":0}",candidate_failed,"[{""rule_id"":""A.rank"",""actual"":0.5,""threshold"":0.3,""margin"":-0.2,""edge"":false},{""rule_id"":""B.win5"",""actual"":0.2,""threshold"":0.8,""margin"":-0.6000000000000001,""edge"":false},{""rule_id"":""B.win10"",""actual"":0.4,""threshold"":0.7,""margin"":-0.29999999999999993,""edge"":false},{""rule_id"":""C.trend"",""actual"":false,""threshold"":true,""margin"":null,""edge"":false},{""rule_id"":""D.up"",""actual"":0.6571428571428571,""threshold"":0.7149749489701244,""margin"":-0.05783209182726723,""edge"":false},{""rule_id"":""D.ma20"",""actual"":0.2773722627737226,""threshold"":0.6,""margin"":-0.32262773722627736,""edge"":false},{""rule_id"":""D.newhigh"",""actual"":0.014925373134328358,""threshold"":0.014925373134328358,""margin"":0.0,""edge"":true},{""rule_id"":""E2"",""actual"":0.7313432835820896,""threshold"":0.835820895522388,""margin"":-0.10447761194029848,""edge"":false},{""rule_id"":""E3"",""actual"":0.014925373134328358,""threshold"":0.014925373134328358,""margin"":0.0,""edge"":true}]"
A04,ambiguous,2025-04-02,有色金属,S0,False,False,1,"[""C""]","[""A"",""B"",""D""]","[""enhancers""]",,,False,False,False,False,"{""confirm"":0,""weaken"":0,""retire"":0,""recover"":0}",no_legal_transition_triggered,"[{""rule_id"":""A.return"",""actual"":-0.0008074600649983221,""threshold"":0,""margin"":-0.0008074600649983221,""edge"":true},{""rule_id"":""A.rank"",""actual"":0.5666666666666667,""threshold"":0.3,""margin"":-0.26666666666666666,""edge"":false},{""rule_id"":""B.win5"",""actual"":0.2,""threshold"":0.8,""margin"":-0.6000000000000001,""edge"":false},{""rule_id"":""B.win10"",""actual"":0.3,""threshold"":0.7,""margin"":-0.39999999999999997,""edge"":false},{""rule_id"":""D.up"",""actual"":0.35714285714285715,""threshold"":0.5111317254174397,""margin"":-0.15398886827458252,""edge"":false},{""rule_id"":""D.ma20"",""actual"":0.23357664233576642,""threshold"":0.6,""margin"":-0.36642335766423356,""edge"":false},{""rule_id"":""D.newhigh"",""actual"":0.0,""threshold"":0.03731343283582089,""margin"":-0.03731343283582089,""edge"":false},{""rule_id"":""E2"",""actual"":0.7388059701492538,""threshold"":0.7910447761194029,""margin"":-0.05223880597014918,""edge"":false},{""rule_id"":""E3"",""actual"":0.0,""threshold"":0.03731343283582089,""margin"":-0.03731343283582089,""edge"":false}]"
A04,ambiguous,2025-04-03,有色金属,S0,False,False,1,"[""C""]","[""A"",""B"",""D""]","[""enhancers""]",,,False,False,False,False,"{""confirm"":0,""weaken"":0,""retire"":0,""recover"":0}",no_legal_transition_triggered,"[{""rule_id"":""A.rank"",""actual"":0.6333333333333333,""threshold"":0.3,""margin"":-0.3333333333333333,""edge"":false},{""rule_id"":""B.win5"",""actual"":0.4,""threshold"":0.8,""margin"":-0.4,""edge"":false},{""rule_id"":""B.win10"",""actual"":0.4,""threshold"":0.7,""margin"":-0.29999999999999993,""edge"":false},{""rule_id"":""D.up"",""actual"":0.3142857142857143,""threshold"":0.3846439169139466,""margin"":-0.07035820262823234,""edge"":false},{""rule_id"":""D.ma20"",""actual"":0.16058394160583941,""threshold"":0.6,""margin"":-0.43941605839416054,""edge"":false},{""rule_id"":""D.newhigh"",""actual"":0.029850746268656716,""threshold"":0.04477611940298507,""margin"":-0.014925373134328356,""edge"":false},{""rule_id"":""E2"",""actual"":0.6567164179104478,""threshold"":0.6567164179104478,""margin"":0.0,""edge"":true},{""rule_id"":""E3"",""actual"":0.029850746268656716,""threshold"":0.04477611940298507,""margin"":-0.014925373134328356,""edge"":false}]"
A05,ambiguous,2025-04-08,食品饮料,S1,True,False,3,"[""A"",""B"",""C""]","[""D""]","[""enhancers""]",,,False,False,False,False,"{""confirm"":0,""weaken"":0,""retire"":0,""recover"":0}",no_legal_transition_triggered,"[{""rule_id"":""D.ma20"",""actual"":0.2992125984251969,""threshold"":0.6,""margin"":-0.3007874015748031,""edge"":false},{""rule_id"":""D.newhigh"",""actual"":0.06349206349206349,""threshold"":0.06349206349206349,""margin"":0.0,""edge"":true},{""rule_id"":""E2"",""actual"":0.47619047619047616,""threshold"":0.5238095238095238,""margin"":-0.04761904761904767,""edge"":false},{""rule_id"":""E3"",""actual"":0.06349206349206349,""threshold"":0.06349206349206349,""margin"":0.0,""edge"":true}]"
A05,ambiguous,2025-04-09,食品饮料,S1,True,False,3,"[""A"",""D"",""enhancers""]","[""B"",""C""]",[],,,False,False,False,False,"{""confirm"":0,""weaken"":0,""retire"":0,""recover"":0}",no_legal_transition_triggered,"[{""rule_id"":""B.win5"",""actual"":0.6,""threshold"":0.8,""margin"":-0.20000000000000007,""edge"":true},{""rule_id"":""B.win10"",""actual"":0.5,""threshold"":0.7,""margin"":-0.19999999999999996,""edge"":false},{""rule_id"":""C.trend"",""actual"":false,""threshold"":true,""margin"":null,""edge"":false}]"
A05,ambiguous,2025-04-10,食品饮料,S1,True,False,5,"[""A"",""B"",""C"",""D"",""enhancers""]",[],[],,,False,False,False,True,"{""confirm"":1,""weaken"":0,""retire"":0,""recover"":0}",no_legal_transition_triggered,[]
A05,ambiguous,2025-04-11,食品饮料,S1,True,False,3,"[""A"",""C"",""enhancers""]","[""B"",""D""]",[],,,False,False,False,False,"{""confirm"":0,""weaken"":0,""retire"":0,""recover"":0}",no_legal_transition_triggered,"[{""rule_id"":""B.win5"",""actual"":0.6,""threshold"":0.8,""margin"":-0.20000000000000007,""edge"":true},{""rule_id"":""B.win10"",""actual"":0.5,""threshold"":0.7,""margin"":-0.19999999999999996,""edge"":false},{""rule_id"":""D.up"",""actual"":0.11811023622047244,""threshold"":0.6101632047477745,""margin"":-0.49205296852730207,""edge"":false},{""rule_id"":""D.ma20"",""actual"":0.5039370078740157,""threshold"":0.6,""margin"":-0.09606299212598424,""edge"":false},{""rule_id"":""D.newhigh"",""actual"":0.03968253968253968,""threshold"":0.06349206349206349,""margin"":-0.023809523809523808,""edge"":false}]"
A05,ambiguous,2025-04-14,食品饮料,S1,True,False,2,"[""A"",""enhancers""]","[""B"",""C"",""D""]",[],,,False,False,False,False,"{""confirm"":0,""weaken"":0,""retire"":0,""recover"":0}",no_legal_transition_triggered,"[{""rule_id"":""B.win5"",""actual"":0.4,""threshold"":0.8,""margin"":-0.4,""edge"":false},{""rule_id"":""B.win10"",""actual"":0.5,""threshold"":0.7,""margin"":-0.19999999999999996,""edge"":false},{""rule_id"":""C.trend"",""actual"":false,""threshold"":true,""margin"":null,""edge"":false},{""rule_id"":""D.up"",""actual"":0.7637795275590551,""threshold"":0.8439992580226303,""margin"":-0.08021973046357522,""edge"":false},{""rule_id"":""D.newhigh"",""actual"":0.10317460317460317,""threshold"":0.14285714285714285,""margin"":-0.03968253968253968,""edge"":false}]"
A05,ambiguous,2025-04-15,食品饮料,S1,True,False,4,"[""A"",""C"",""D"",""enhancers""]","[""B""]",[],B,False,False,False,True,False,"{""confirm"":0,""weaken"":0,""retire"":0,""recover"":0}",no_legal_transition_triggered,"[{""rule_id"":""B.win5"",""actual"":0.4,""threshold"":0.8,""margin"":-0.4,""edge"":false},{""rule_id"":""B.win10"",""actual"":0.6,""threshold"":0.7,""margin"":-0.09999999999999998,""edge"":true}]"
A05,ambiguous,2025-04-16,食品饮料,S1,True,False,4,"[""A"",""C"",""D"",""enhancers""]","[""B""]",[],B,False,True,False,True,False,"{""confirm"":0,""weaken"":0,""retire"":0,""recover"":0}",no_legal_transition_triggered,"[{""rule_id"":""B.win5"",""actual"":0.6,""threshold"":0.8,""margin"":-0.20000000000000007,""edge"":true},{""rule_id"":""B.win10"",""actual"":0.6,""threshold"":0.7,""margin"":-0.09999999999999998,""edge"":true}]"
A05,ambiguous,2025-04-17,食品饮料,S1,True,False,5,"[""A"",""B"",""C"",""D"",""enhancers""]",[],[],,,False,False,False,True,"{""confirm"":1,""weaken"":0,""retire"":0,""recover"":0}",no_legal_transition_triggered,[]
